{
  "11578": {
    "alive": false,
    "name": "Arnst",
    "surname": "",
    "full name": "Arnst",
    "born this way": {
      "sexuality label": "straight",
      "sexuality": 0.095,
      "romantic interest": 0.897,
      "sex interest": 0.874,
      "gender expression": 0.072,
      "sex": "m"
    },
    "age": 90,
    "birth year": 1155,
    "sex": "m",
    "faction": "Dogmatists",
    "income class": [
      2,
      "middle class"
    ],
    "personality": {
      "lawful-chaotic": 0.92,
      "nice-nasty": 0.324,
      "honest-false": 0.139,
      "dream": 0.504,
      "outgoing": 0.819
    },
    "attitude": {
      "dream": 0.504,
      "outgoing": 0.819
    },
    "homsoc": {
      "means": {
        "independent": true,
        "taken_care_of": false,
        "caretaker": false,
        "needs_care": false,
        "flags": []
      },
      "expression": {
        "sexuality expression": 0.064,
        "gender expression expression": 0.066
      }
    },
    "network": {
      "parents": "firstgen",
      "children": {
        "22370": {
          "key": 22370,
          "name": "Herdradus",
          "age": 45,
          "alive": true,
          "sex": "m",
          "parents": {
            "mother": "Lielde (11579)",
            "father": "Arnst (11578)"
          }
        }
      },
      "relationship keys": {
        "spouse": [
          11580
        ],
        "child": {
          "birth": [
            22371
          ]
        },
        "unrelated": [
          27012
        ]
      }
    },
    "occupation": {
      "has job": true,
      "income class": [
        2,
        "middle class"
      ],
      "income": 1.524,
      "all_incomes": [
        1.236,
        1.4349999999999998,
        1.137,
        1.4149999999999998,
        1.4349999999999998,
        1.468,
        1.524,
        1.4809999999999999,
        1.524,
        1.454,
        1.293,
        1.524,
        1.4449999999999998,
        1.524,
        1.524,
        1.486,
        1.524,
        1.396,
        1.121,
        1.0499999999999998,
        0.679,
        0.929,
        0.786,
        1.0659999999999998,
        1.1099999999999999,
        1.4429999999999998,
        1.3459999999999999,
        1.3659999999999999,
        1.524,
        1.524,
        1.524,
        1.396,
        1.524,
        1.524,
        1.524,
        1.4789999999999999,
        1.4989999999999999,
        1.512,
        1.524,
        1.524,
        1.524,
        1.4829999999999999,
        1.524,
        1.524,
        1.524,
        1.524
      ],
      "job": {
        "lawful": true,
        "honest": false
      }
    },
    "genetics": {
      "skin_color": 8,
      "eye_color": "green",
      "hair_color": "strawberry blonde",
      "hair_color_code": 5,
      "hair_type": [
        "S",
        "C"
      ],
      "health": 0.97,
      "fertility": 0.999,
      "communication_impaired": false,
      "mobility_impaired": false,
      "cognitive_impaired": false,
      "disabilities": []
    },
    "memory": {
      "health": {
        "1200": {
          "health": {
            "change": false,
            "value_change": 0.0,
            "new_health": 0.987
          },
          "death": false
        },
        "1238": {
          "health": {
            "change": true,
            "value_change": -0.017,
            "new_health": 0.97
          },
          "death": false
        },
        "1239": {
          "health": {
            "change": false,
            "value_change": 0.0,
            "new_health": 0.97
          },
          "death": false
        },
        "1244": {
          "health": {
            "change": false,
            "value_change": 0.0,
            "new_health": 0.97
          },
          "death": true
        }
      },
      "events": {
        "1200": [
          {
            "topic": "birth",
            "year": 1155
          },
          {
            "topic": "job notice",
            "notice": "found job",
            "income": 1.236
          },
          {
            "topic": "new relationship",
            "key": 11580,
            "people": [
              11578,
              11579
            ],
            "people names": [
              "Arnst",
              "Lielde Colueken"
            ],
            "people ages": [
              45,
              44
            ],
            "label": "spouse",
            "committed": true
          },
          {
            "topic": "update",
            "update": "new friendship label",
            "relationship label": "spouse",
            "friendship label": "indifferent",
            "relationship": 11580
          }
        ],
        "1201": [
          {
            "topic": "feelings change",
            "target": 11579,
            "target name": "Lielde Colueken",
            "state": "out of love",
            "friendship label": "indifferent",
            "relationship": 11580
          }
        ],
        "1204": [
          {
            "topic": "new relationship",
            "key": 22371,
            "people": [
              11578,
              22370
            ],
            "people names": [
              "Arnst",
              "Herdradus"
            ],
            "people ages": [
              49,
              0
            ],
            "label": "parentchild",
            "committed": false
          }
        ],
        "1206": [
          {
            "topic": "new relationship",
            "key": 27012,
            "people": [
              11578,
              12283
            ],
            "people names": [
              "Arnst",
              "Salomon Ballinc"
            ],
            "people ages": [
              52,
              39
            ],
            "label": "unrelated",
            "committed": false
          }
        ],
        "1207": [
          {
            "topic": "update",
            "update": "new friendship label",
            "relationship label": "parentchild",
            "friendship label": "indifferent",
            "relationship": 22371
          },
          {
            "topic": "update",
            "update": "new friendship label",
            "relationship label": "spouse",
            "friendship label": "indifferent",
            "relationship": 11580
          }
        ],
        "1208": [
          {
            "topic": "event",
            "event": "faction upheaval",
            "faction": "No religion",
            "year": 1208
          },
          {
            "topic": "update",
            "update": "new friendship label",
            "relationship label": "unrelated",
            "friendship label": "friend",
            "relationship": 27012
          }
        ],
        "1211": [
          {
            "topic": "feelings change",
            "target": 11579,
            "target name": "Lielde Colueken",
            "state": "infatuation",
            "friendship label": "indifferent",
            "relationship": 11580
          }
        ],
        "1214": [
          {
            "topic": "feelings change",
            "target": 11579,
            "target name": "Lielde Colueken",
            "state": "out of love",
            "friendship label": "indifferent",
            "relationship": 11580
          },
          {
            "topic": "update",
            "update": "new friendship label",
            "relationship label": "parentchild",
            "friendship label": "indifferent",
            "relationship": 22371
          }
        ],
        "1215": [
          {
            "topic": "event",
            "event": "plague",
            "year": 1215
          }
        ],
        "1216": [
          {
            "topic": "update",
            "update": "new friendship label",
            "relationship label": "parentchild",
            "friendship label": "indifferent",
            "relationship": 22371
          }
        ],