{
  "11683": {
    "alive": false,
    "name": "Seukinus",
    "surname": "",
    "full name": "Seukinus",
    "born this way": {
      "sexuality label": "straight",
      "sexuality": 0.0,
      "romantic interest": 0.387,
      "sex interest": 0.862,
      "gender expression": 0.101,
      "sex": "m"
    },
    "age": 59,
    "birth year": 1160,
    "sex": "m",
    "faction": "No religion",
    "income class": [
      4,
      "nobility"
    ],
    "personality": {
      "lawful-chaotic": 0.408,
      "nice-nasty": 0.544,
      "honest-false": 0.628,
      "dream": 0.375,
      "outgoing": 0.717
    },
    "attitude": {
      "dream": 0.375,
      "outgoing": 0.717
    },
    "homsoc": {
      "means": {
        "independent": true,
        "taken_care_of": false,
        "caretaker": false,
        "needs_care": false,
        "flags": []
      },
      "expression": {
        "sexuality expression": -0.001,
        "gender expression expression": 0.046
      }
    },
    "network": {
      "parents": "firstgen",
      "children": {},
      "relationship keys": {
        "spouse": [
          11685
        ],
        "unrelated": [
          14539,
          22775
        ]
      }
    },
    "occupation": {
      "has job": true,
      "income class": [
        4,
        "nobility"
      ],
      "income": 1.5990000000000002,
      "all_incomes": [
        1.04,
        1.1640000000000001,
        1.2770000000000001,
        1.35,
        1.433,
        1.5790000000000002,
        1.5990000000000002,
        1.5990000000000002,
        1.5990000000000002,
        1.5990000000000002,
        1.5990000000000002,
        1.5990000000000002,
        1.5990000000000002,
        1.5990000000000002,
        1.5990000000000002,
        1.5990000000000002,
        1.5990000000000002,
        1.5990000000000002,
        1.5990000000000002,
        1.5990000000000002
      ],
      "job": {
        "lawful": true,
        "honest": true
      }
    },
    "genetics": {
      "skin_color": 8,
      "eye_color": "green",
      "hair_color": "black",
      "hair_color_code": 0,
      "hair_type": [
        "C",
        "S"
      ],
      "health": 0.0,
      "fertility": 0.844,
      "communication_impaired": false,
      "mobility_impaired": false,
      "cognitive_impaired": false,
      "disabilities": []
    },
    "memory": {
      "health": {
        "1200": {
          "health": {
            "change": false,
            "value_change": 0.0,
            "new_health": 0.803
          },
          "death": false
        },
        "1214": {
          "health": {
            "change": true,
            "value_change": -0.141,
            "new_health": 0.662
          },
          "death": false
        },
        "1215": {
          "health": {
            "change": true,
            "value_change": -0.267,
            "new_health": 0.395
          },
          "death": false
        },
        "1216": {
          "health": {
            "change": true,
            "value_change": -0.186,
            "new_health": 0.209
          },
          "death": false
        },
        "1217": {
          "health": {
            "change": true,
            "value_change": -0.2,
            "new_health": 0.009
          },
          "death": false
        },
        "1218": {
          "health": {
            "change": true,
            "value_change": -0.009,
            "new_health": 0.0
          },
          "death": true
        }
      },
      "events": {
        "1200": [
          {
            "topic": "birth",
            "year": 1160
          },
          {
            "topic": "job notice",
            "notice": "found job",
            "income": 1.04
          },
          {
            "topic": "new relationship",
            "key": 11685,
            "people": [
              11683,
              11684
            ],
            "people names": [
              "Seukinus",
              "Erkenradis Pinart"
            ],
            "people ages": [
              40,
              27
            ],
            "label": "spouse",
            "committed": true
          },
          {
            "topic": "new relationship",
            "key": 14539,
            "people": [
              11683,
              11548
            ],
            "people names": [
              "Seukinus",
              "Frethericus Thuin"
            ],
            "people ages": [
              41,
              38
            ],
            "label": "unrelated",
            "committed": false
          }
        ],
        "1201": [
          {
            "topic": "feelings change",
            "target": 11684,
            "target name": "Erkenradis Pinart",
            "state": "solid love",
            "friendship label": "good friend",
            "relationship": 11685
          },
          {
            "key": 11685,
            "topic": "unmarried"
          },
          {
            "topic": "person died",
            "person": {
              "key": 11684,
              "name": "Erkenradis Pinart",
              "age": 29,
              "alive": false,
              "sex": "f",
              "parents": "firstgen"
            },
            "cause": "illness",
            "friendship label": "good friend",
            "label": "spouse",
            "love state": "solid love"
          }
        ],
        "1204": [
          {
            "topic": "new relationship",
            "key": 22775,
            "people": [
              11683,
              12845
            ],
            "people names": [
              "Seukinus",
              "Aghete Hyseriin"
            ],
            "people ages": [
              45,
              28
            ],
            "label": "unrelated",
            "committed": false
          }
        ],
        "1208": [
          {
            "topic": "event",
            "event": "faction upheaval",
            "faction": "No religion",
            "year": 1208
          }
        ],
        "1209": [
          {
            "topic": "person died",
            "person": {
              "key": 11548,
              "name": "Frethericus Thuin",
              "age": 47,
              "alive": false,
              "sex": "m",
              "parents": "firstgen"
            },
            "cause": "illness",
            "friendship label": "friend",
            "label": "unrelated",
            "love state": "nothing"
          }
        ],
        "1215": [
          {
            "topic": "event",
            "event": "plague",
            "year": 1215
          },
          {
            "topic": "update",
            "update": "new friendship label",
            "relationship label": "unrelated",
            "friendship label": "friend",
            "relationship": 22775
          }
        ],
        "1218": [
          {
            "topic": "death",
            "cause": "sickness"
          }
        ]
      }
    },
    "key": 11683,
    "home": {
      "income class": 4,
      "income class label": "nobility",
      "section": "stLievevrouwe kerch.se3.c4",
      "street": "Lievevrouwe kerch",
      "neighborhood": "olvbuurt",
      "unique id": 589
    },
    "relationship status": {
      "taken": false,
      "married": false,
      "relationships": [
        11685
      ]
    },
    "friends": [
      11685,
      14539,
      22775
    ],
    "enemies": []
  }
}