{
  "11734": {
    "alive": false,
    "name": "Eustacius",
    "surname": "Bec",
    "full name": "Eustacius Bec",
    "born this way": {
      "sexuality label": "straight",
      "sexuality": 0.084,
      "romantic interest": 0.385,
      "sex interest": 0.695,
      "gender expression": 0.249,
      "sex": "m"
    },
    "age": 49,
    "birth year": 1180,
    "sex": "m",
    "faction": "Dogmatists",
    "income class": [
      3,
      "upper middle class"
    ],
    "personality": {
      "lawful-chaotic": 0.591,
      "nice-nasty": 0.178,
      "honest-false": 0.135,
      "dream": 0.517,
      "outgoing": 0.264
    },
    "attitude": {
      "dream": 0.517,
      "outgoing": 0.264
    },
    "homsoc": {
      "means": {
        "independent": true,
        "taken_care_of": false,
        "caretaker": false,
        "needs_care": false,
        "flags": []
      },
      "expression": {
        "sexuality expression": 0.066,
        "gender expression expression": 0.078
      }
    },
    "network": {
      "parents": "firstgen",
      "children": {},
      "relationship keys": {
        "spouse": [
          11736
        ],
        "unrelated": [
          14562
        ]
      }
    },
    "occupation": {
      "has job": true,
      "income class": [
        3,
        "upper middle class"
      ],
      "income": 1.5490000000000002,
      "all_incomes": [
        1.175,
        0.795,
        0.9430000000000001,
        0.744,
        0.6900000000000001,
        0.916,
        1.249,
        1.5490000000000002,
        1.5490000000000002,
        1.5490000000000002,
        1.22,
        1.5490000000000002,
        1.5490000000000002,
        1.5490000000000002,
        1.24,
        1.213,
        1.364,
        1.046,
        1.2530000000000001,
        1.5490000000000002,
        1.5490000000000002,
        1.5490000000000002,
        1.5490000000000002,
        1.5490000000000002,
        1.317,
        1.272,
        0.8410000000000001,
        1.133,
        1.458,
        1.5490000000000002
      ],
      "job": {
        "lawful": false,
        "honest": false
      }
    },
    "genetics": {
      "skin_color": 3,
      "eye_color": "brown",
      "hair_color": "black",
      "hair_color_code": 0,
      "hair_type": [
        "S",
        "C"
      ],
      "health": 0.825,
      "fertility": 0.876,
      "communication_impaired": false,
      "mobility_impaired": false,
      "cognitive_impaired": false,
      "disabilities": []
    },
    "memory": {
      "health": {
        "1200": {
          "health": {
            "change": false,
            "value_change": 0.0,
            "new_health": 0.874
          },
          "death": false
        },
        "1201": {
          "health": {
            "change": true,
            "value_change": -0.049,
            "new_health": 0.825
          },
          "death": false
        },
        "1202": {
          "health": {
            "change": false,
            "value_change": 0.0,
            "new_health": 0.825
          },
          "death": false
        },
        "1228": {
          "health": {
            "change": false,
            "value_change": 0.0,
            "new_health": 0.825
          },
          "death": true
        }
      },
      "events": {
        "1200": [
          {
            "topic": "birth",
            "year": 1180
          },
          {
            "topic": "job notice",
            "notice": "found job",
            "income": 1.175
          },
          {
            "topic": "new relationship",
            "key": 11736,
            "people": [
              11734,
              11735
            ],
            "people names": [
              "Eustacius Bec",
              "Eingeliadis"
            ],
            "people ages": [
              20,
              18
            ],
            "label": "spouse",
            "committed": true
          },
          {
            "topic": "feelings change",
            "target": 11735,
            "target name": "Eingeliadis",
            "state": "solid love",
            "friendship label": "friend",
            "relationship": 11736
          },
          {
            "topic": "new relationship",
            "key": 14562,
            "people": [
              11734,
              11287
            ],
            "people names": [
              "Eustacius Bec",
              "Godino Dicbir"
            ],
            "people ages": [
              21,
              24
            ],
            "label": "unrelated",
            "committed": false
          }
        ],
        "1201": [
          {
            "key": 11736,
            "topic": "unmarried"
          },
          {
            "topic": "person died",
            "person": {
              "key": 11735,
              "name": "Eingeliadis",
              "age": 20,
              "alive": false,
              "sex": "f",
              "parents": "firstgen"
            },
            "cause": "illness",
            "friendship label": "friend",
            "label": "spouse",
            "love state": "solid love"
          }
        ],
        "1202": [
          {
            "topic": "job notice",
            "notice": "low income",
            "income": 0.744
          }
        ],
        "1205": [
          {
            "topic": "job notice",
            "notice": "comfortable earnings",
            "income": 1.249
          },
          {
            "topic": "update",
            "update": "new friendship label",
            "relationship label": "unrelated",
            "friendship label": "friend",
            "relationship": 14562
          }
        ],
        "1208": [
          {
            "topic": "event",
            "event": "faction upheaval",
            "faction": "No religion",
            "year": 1208
          }
        ],
        "1215": [
          {
            "topic": "event",
            "event": "plague",
            "year": 1215
          },
          {
            "topic": "update",
            "update": "new friendship label",
            "relationship label": "unrelated",
            "friendship label": "good friend",
            "relationship": 14562
          }
        ],
        "1218": [
          {
            "topic": "person died",
            "person": {
              "key": 11287,
              "name": "Godino Dicbir",
              "age": 42,
              "alive": false,
              "sex": "m",
              "parents": "firstgen"
            },
            "cause": "illness",
            "friendship label": "good friend",
            "label": "unrelated",
            "love state": "nothing"
          }
        ],
        "1226": [
          {
            "topic": "job notice",
            "notice": "comfortable earnings",
            "income": 1.133
          }
        ],
        "1228": [
          {
            "topic": "death",
            "cause": "illness"
          }
        ]
      }
    },
    "key": 11734,
    "home": {
      "income class": 3,
      "income class label": "upper middle class",
      "section": "stDie lange straet1.se1.c3",
      "street": "Die lange straet1",
      "neighborhood": "olvbuurt",
      "unique id": 606
    },
    "relationship status": {
      "taken": false,
      "married": false,
      "relationships": [
        11736
      ]
    },
    "friends": [
      11736,
      14562
    ],
    "enemies": []
  }
}