{
  "11771": {
    "alive": false,
    "name": "Pietersen",
    "surname": "Vroede",
    "full name": "Pietersen Vroede",
    "born this way": {
      "sexuality label": "straight",
      "sexuality": 0.096,
      "romantic interest": 0.707,
      "sex interest": 0.55,
      "gender expression": 0.089,
      "sex": "f"
    },
    "age": 54,
    "birth year": 1175,
    "sex": "f",
    "faction": "Zealots",
    "income class": [
      3,
      "upper middle class"
    ],
    "personality": {
      "lawful-chaotic": 0.343,
      "nice-nasty": 0.543,
      "honest-false": 0.0,
      "dream": 0.513,
      "outgoing": 0.572
    },
    "attitude": {
      "dream": 0.513,
      "outgoing": 0.572
    },
    "homsoc": {
      "means": {
        "independent": true,
        "taken_care_of": false,
        "caretaker": false,
        "needs_care": false,
        "flags": [
          "starving"
        ]
      },
      "expression": {
        "sexuality expression": 0.067,
        "gender expression expression": 0.059
      }
    },
    "network": {
      "parents": "firstgen",
      "children": {},
      "relationship keys": {
        "spouse": [
          11772
        ],
        "unrelated": [
          34275,
          37404,
          38665,
          39928,
          43503
        ]
      }
    },
    "occupation": {
      "has job": true,
      "income class": [
        3,
        "upper middle class"
      ],
      "income": 1.5490000000000002,
      "all_incomes": [
        1.23,
        1.187,
        1.2550000000000001,
        1.472,
        1.4040000000000001,
        1.169,
        1.108,
        1.1600000000000001,
        1.058,
        1.5110000000000001,
        1.5490000000000002,
        1.417,
        1.5490000000000002,
        1.5490000000000002,
        1.5490000000000002,
        1.5490000000000002,
        1.5490000000000002,
        1.409,
        1.3900000000000001,
        1.5490000000000002,
        1.1740000000000002,
        1.2950000000000002,
        1.433,
        1.5490000000000002,
        1.5490000000000002
      ],
      "job": {
        "lawful": true,
        "honest": false
      }
    },
    "genetics": {
      "skin_color": 8,
      "eye_color": "green",
      "hair_color": "strawberry blonde",
      "hair_color_code": 5,
      "hair_type": [
        "C",
        "S"
      ],
      "health": 0.0,
      "fertility": 0.754,
      "communication_impaired": false,
      "mobility_impaired": false,
      "cognitive_impaired": false,
      "disabilities": []
    },
    "memory": {
      "health": {
        "1200": {
          "health": {
            "change": false,
            "value_change": 0.0,
            "new_health": 0.742
          },
          "death": false
        },
        "1225": {
          "health": {
            "change": true,
            "value_change": -0.155,
            "new_health": 0.587
          },
          "death": false
        },
        "1226": {
          "health": {
            "change": true,
            "value_change": -0.288,
            "new_health": 0.299
          },
          "death": false
        },
        "1227": {
          "health": {
            "change": true,
            "value_change": -0.149,
            "new_health": 0.15
          },
          "death": false
        },
        "1228": {
          "health": {
            "change": true,
            "value_change": -0.15,
            "new_health": 0.0
          },
          "death": true
        }
      },
      "events": {
        "1200": [
          {
            "topic": "birth",
            "year": 1175
          },
          {
            "topic": "new relationship",
            "key": 11772,
            "people": [
              11770,
              11771
            ],
            "people names": [
              "Tielen Oer",
              "Pietersen Vroede"
            ],
            "people ages": [
              30,
              25
            ],
            "label": "spouse",
            "committed": true
          },
          {
            "topic": "update",
            "update": "new friendship label",
            "relationship label": "spouse",
            "friendship label": "friend",
            "relationship": 11772
          },
          {
            "topic": "feelings change",
            "target": 11770,
            "target name": "Tielen Oer",
            "state": "solid love",
            "friendship label": "friend",
            "relationship": 11772
          },
          {
            "topic": "not enough income",
            "income": 0.05,
            "inhabitants": []
          }
        ],
        "1201": [
          {
            "key": 11772,
            "topic": "unmarried"
          },
          {
            "topic": "person died",
            "person": {
              "key": 11770,
              "name": "Tielen Oer",
              "age": 32,
              "alive": false,
              "sex": "m",
              "parents": "firstgen"
            },
            "cause": "illness",
            "friendship label": "friend",
            "label": "spouse",
            "love state": "solid love"
          }
        ],
        "1202": [
          {
            "topic": "not enough income",
            "income": 0,
            "inhabitants": []
          }
        ],
        "1203": [
          {
            "topic": "not enough income",
            "income": 0,
            "inhabitants": []
          }
        ],
        "1204": [
          {
            "topic": "job notice",
            "notice": "found job",
            "income": 1.23
          },
          {
            "topic": "not enough income",
            "income": 0,
            "inhabitants": []
          }
        ],
        "1208": [
          {
            "topic": "event",
            "event": "faction upheaval",
            "faction": "No religion",
            "year": 1208
          }
        ],
        "1210": [
          {
            "topic": "new relationship",
            "key": 34275,
            "people": [
              10858,
              11771
            ],
            "people names": [
              "Lieuin Croppes",
              "Pietersen Vroede"
            ],
            "people ages": [
              36,
              36
            ],
            "label": "unrelated",
            "committed": false
          }
        ],
        "1212": [
          {
            "topic": "new relationship",
            "key": 37404,
            "people": [
              10409,
              11771
            ],
            "people names": [
              "Kerstine Buk",
              "Pietersen Vroede"
            ],
            "people ages": [
              38,
              38
            ],
            "label": "unrelated",
            "committed": false
          }
        ],
        "1213": [
          {
            "topic": "new relationship",
            "key": 38665,
            "people": [
              10751,
              11771
            ],
            "people names": [
              "Lelien BieBye",
              "Pietersen Vroede"
            ],
            "people ages": [
              38,
              39
            ],
            "label": "unrelated",
            "committed": false
          }
        ],
        "1214": [
          {
            "topic": "new relationship",
            "key": 39928,
            "people": [
              11771,
              10346
            ],
            "people names": [
              "Pietersen Vroede",
              "Amalburga Hoen"
            ],
            "people ages": [
              40,
              53
            ],
            "label": "unrelated",
            "committed": false
          }
        ],
        "1215": [
          {
            "topic": "event",
            "event": "plague",
            "year": 1215
          }
        ],
        "1216": [
          {
            "topic": "person died",
            "person": {
              "key": 10858,