{
  "12395": {
    "alive": false,
    "name": "Katrin",
    "surname": "Clove",
    "full name": "Katrin Clove",
    "born this way": {
      "sexuality label": "straight",
      "sexuality": 0.018,
      "romantic interest": 0.729,
      "sex interest": 0.91,
      "gender expression": 0.08,
      "sex": "f"
    },
    "age": 59,
    "birth year": 1166,
    "sex": "f",
    "faction": "Dogmatists",
    "income class": [
      4,
      "nobility"
    ],
    "personality": {
      "lawful-chaotic": 0.618,
      "nice-nasty": 0.574,
      "honest-false": 0.402
    },
    "attitude": {
      "outgoing": 0.676,
      "dream": 0.485
    },
    "homsoc": {
      "means": {
        "independent": true,
        "taken_care_of": false,
        "caretaker": false,
        "needs_care": false,
        "flags": []
      },
      "expression": {
        "sexuality expression": 0.006,
        "gender expression expression": 0.074
      }
    },
    "network": {
      "parents": "firstgen",
      "children": {},
      "relationship keys": {
        "spouse": [
          12396,
          21756
        ]
      }
    },
    "occupation": {
      "has job": true,
      "income class": [
        4,
        "nobility"
      ],
      "income": 1.5990000000000002,
      "all_incomes": [
        1.04,
        1.512,
        1.5990000000000002,
        1.374,
        1.399,
        1.479,
        1.447,
        1.5990000000000002,
        1.5990000000000002,
        1.5510000000000002,
        1.5990000000000002,
        1.5990000000000002,
        1.518,
        1.5990000000000002,
        1.566,
        1.5970000000000002,
        1.5610000000000002,
        1.5990000000000002,
        1.5990000000000002,
        1.5990000000000002,
        1.4140000000000001,
        1.286,
        1.5990000000000002,
        1.5990000000000002
      ],
      "job": {
        "lawful": true,
        "honest": false
      }
    },
    "genetics": {
      "skin_color": 6,
      "eye_color": "blue",
      "hair_color": "strawberry blonde",
      "hair_color_code": 5,
      "hair_type": [
        "S",
        "C"
      ],
      "health": 0.0,
      "fertility": 0.81,
      "communication_impaired": false,
      "mobility_impaired": false,
      "cognitive_impaired": false,
      "disabilities": []
    },
    "memory": {
      "health": {
        "1200": {
          "health": {
            "change": false,
            "value_change": 0.0,
            "new_health": 0.793
          },
          "death": false
        },
        "1219": {
          "health": {
            "change": true,
            "value_change": -0.178,
            "new_health": 0.615
          },
          "death": false
        },
        "1220": {
          "health": {
            "change": true,
            "value_change": -0.141,
            "new_health": 0.474
          },
          "death": false
        },
        "1221": {
          "health": {
            "change": true,
            "value_change": -0.116,
            "new_health": 0.358
          },
          "death": false
        },
        "1222": {
          "health": {
            "change": true,
            "value_change": -0.197,
            "new_health": 0.161
          },
          "death": false
        },
        "1223": {
          "health": {
            "change": true,
            "value_change": -0.088,
            "new_health": 0.073
          },
          "death": false
        },
        "1224": {
          "health": {
            "change": true,
            "value_change": -0.073,
            "new_health": 0.0
          },
          "death": true
        }
      },
      "events": {
        "1200": [
          {
            "topic": "new relationship",
            "key": 12396,
            "people": [
              12394,
              12395
            ],
            "people names": [
              "Meinoldo Wittebroet",
              "Katrin Clove"
            ],
            "people ages": [
              48,
              34
            ],
            "label": "spouse",
            "committed": true
          },
          {
            "topic": "new home",
            "home": {
              "income class": 4,
              "income class label": "nobility",
              "section": "stOp Havick1.se1.c4",
              "street": "Op Havick1",
              "neighborhood": "cingelnoord",
              "unique id": 840
            }
          }
        ],
        "1201": [
          {
            "topic": "event",
            "event": "plague",
            "year": 1201
          },
          {
            "topic": "job notice",
            "notice": "found job",
            "income": 1.04
          }
        ],
        "1204": [
          {
            "key": 12396,
            "topic": "unmarried"
          },
          {
            "topic": "person died",
            "person": {
              "key": 12394,
              "name": "Meinoldo Wittebroet",
              "age": 53,
              "alive": false,
              "sex": "m",
              "parents": "firstgen"
            },
            "cause": "sickness",
            "label": "spouse"
          }
        ],
        "1212": [
          {
            "topic": "new relationship",
            "key": 21756,
            "people": [
              12412,
              12395
            ],
            "people names": [
              "Vesse Die niene verloech",
              "Katrin Clove"
            ],
            "people ages": [
              34,
              47
            ],
            "label": "spouse",
            "committed": true
          }
        ],
        "1215": [
          {
            "topic": "event",
            "event": "plague",
            "year": 1215
          }
        ],
        "1223": [
          {
            "topic": "update",
            "update": "new friendship label",
            "relationship label": "spouse",
            "friendship label": "indifferent",
            "relationship": 21756
          }
        ],
        "1224": [
          {
            "topic": "death",
            "cause": "sickness"
          }
        ]
      }
    },
    "key": 12395,
    "home": {
      "income class": 4,
      "income class label": "nobility",
      "section": "stOp Havick1.se1.c4",
      "street": "Op Havick1",
      "neighborhood": "cingelnoord",
      "unique id": 840
    },
    "relationship status": {
      "taken": true,
      "married": true,
      "relationships": [
        12396,
        21756
      ]
    }
  }
}