{
  "12391": {
    "alive": false,
    "name": "Ulrici",
    "surname": "Heldecop",
    "full name": "Ulrici Heldecop",
    "born this way": {
      "sexuality label": "straight",
      "sexuality": 0.024,
      "romantic interest": 0.766,
      "sex interest": 0.678,
      "gender expression": 0.094,
      "sex": "m"
    },
    "age": 56,
    "birth year": 1176,
    "sex": "m",
    "faction": "Dogmatists",
    "income class": [
      4,
      "nobility"
    ],
    "personality": {
      "lawful-chaotic": 0.537,
      "nice-nasty": 0.1,
      "honest-false": 0.159
    },
    "attitude": {
      "outgoing": 0.448,
      "dream": 0.202
    },
    "homsoc": {
      "means": {
        "independent": true,
        "taken_care_of": false,
        "caretaker": false,
        "needs_care": false,
        "flags": []
      },
      "expression": {
        "sexuality expression": 0.013,
        "gender expression expression": 0.055
      }
    },
    "network": {
      "parents": "firstgen",
      "children": {},
      "relationship keys": {
        "spouse": [
          12393,
          22191,
          28875
        ]
      }
    },
    "occupation": {
      "has job": true,
      "income class": [
        4,
        "nobility"
      ],
      "income": 1.451,
      "all_incomes": [
        1.092,
        1.302,
        1.592,
        1.5990000000000002,
        1.5990000000000002,
        1.5990000000000002,
        1.34,
        1.562,
        1.5590000000000002,
        1.5990000000000002,
        1.252,
        1.35,
        1.4520000000000002,
        1.5990000000000002,
        1.5990000000000002,
        1.5990000000000002,
        1.5990000000000002,
        1.5990000000000002,
        1.5990000000000002,
        1.232,
        1.094,
        1.397,
        1.5310000000000001,
        1.294,
        1.469,
        1.536,
        1.5990000000000002,
        1.5990000000000002,
        1.5990000000000002,
        1.481,
        1.2610000000000001,
        1.1460000000000001,
        1.451
      ],
      "job": {
        "lawful": false,
        "honest": false
      }
    },
    "genetics": {
      "skin_color": 8,
      "eye_color": "green",
      "hair_color": "blonde",
      "hair_color_code": 4,
      "hair_type": [
        "C",
        "C"
      ],
      "health": 0.0,
      "fertility": 0.747,
      "communication_impaired": false,
      "mobility_impaired": false,
      "cognitive_impaired": false,
      "disabilities": []
    },
    "memory": {
      "health": {
        "1200": {
          "health": {
            "change": false,
            "value_change": 0.0,
            "new_health": 0.717
          },
          "death": false
        },
        "1226": {
          "health": {
            "change": true,
            "value_change": -0.258,
            "new_health": 0.459
          },
          "death": false
        },
        "1227": {
          "health": {
            "change": true,
            "value_change": -0.18,
            "new_health": 0.279
          },
          "death": false
        },
        "1228": {
          "health": {
            "change": true,
            "value_change": -0.131,
            "new_health": 0.148
          },
          "death": false
        },
        "1229": {
          "health": {
            "change": true,
            "value_change": -0.115,
            "new_health": 0.033
          },
          "death": false
        },
        "1230": {
          "health": {
            "change": true,
            "value_change": -0.027,
            "new_health": 0.006
          },
          "death": false
        },
        "1231": {
          "health": {
            "change": true,
            "value_change": -0.006,
            "new_health": 0.0
          },
          "death": true
        }
      },
      "events": {
        "1200": [
          {
            "topic": "job notice",
            "notice": "found job",
            "income": 1.092
          },
          {
            "topic": "new relationship",
            "key": 12393,
            "people": [
              12391,
              12392
            ],
            "people names": [
              "Ulrici Heldecop",
              "Wijfgode Muil"
            ],
            "people ages": [
              24,
              23
            ],
            "label": "spouse",
            "committed": true
          },
          {
            "topic": "new home",
            "home": {
              "income class": 4,
              "income class label": "nobility",
              "section": "stOp Havick1.se1.c4",
              "street": "Op Havick1",
              "neighborhood": "cingelnoord",
              "unique id": 839
            }
          }
        ],
        "1201": [
          {
            "topic": "event",
            "event": "plague",
            "year": 1201
          },
          {
            "key": 12393,
            "topic": "unmarried"
          },
          {
            "topic": "person died",
            "person": {
              "key": 12392,
              "name": "Wijfgode Muil",
              "age": 25,
              "alive": false,
              "sex": "f",
              "parents": "firstgen"
            },
            "cause": "illness",
            "label": "spouse"
          }
        ],
        "1213": [
          {
            "topic": "new relationship",
            "key": 22191,
            "people": [
              12391,
              12365
            ],
            "people names": [
              "Ulrici Heldecop",
              "Itsburgis"
            ],
            "people ages": [
              38,
              44
            ],
            "label": "spouse",
            "committed": true
          }
        ],
        "1215": [
          {
            "topic": "event",
            "event": "plague",
            "year": 1215
          }
        ],
        "1216": [
          {
            "topic": "feelings change",
            "target": 12365,
            "target name": "Itsburgis",
            "state": "out of love",
            "relationship": 22191
          }
        ],
        "1223": [
          {
            "key": 22191,
            "topic": "unmarried"
          },
          {
            "topic": "person died",
            "person": {
              "key": 12365,
              "name": "Itsburgis",
              "age": 54,
              "alive": false,
              "sex": "f",
              "parents": "firstgen"
            },
            "cause": "old age",
            "label": "spouse"
          }
        ],
        "1227": [
          {
            "topic": "new relationship",
            "key": 28875,
            "people": [
              12391,
              11675
            ],
            "people names": [
              "Ulrici Heldecop",
              "Jacomin Putoc"
            ],
            "people ages": [
              52,
              48
            ],
            "label": "spouse",
            "committed": true
          }
        ],
        "1228": [
          {
            "topic": "update",
            "update": "new friendship label",
            "relationship label": "spouse",
            "friendship label": "friend",
            "relationship": 28875
          }
        ],
        "1231": [
          {
            "topic": "death",
            "cause": "sickness"
          }
        ]
      }
    },
    "key": 12391,
    "home": {
      "income class": 4,
      "income class label": "nobility",
      "section": "stOp Havick1.se1.c4",
      "street": "Op Havick1",
      "neighborhood": "cingelnoord",
      "unique id": 839
    },
    "relationship status": {
      "taken": true,
      "married": true,
      "relationships": [
        12393,
        22191,
        28875
      ]
    }
  }
}