{
  "12910": {
    "alive": false,
    "name": "Heilsota",
    "surname": "Wigboldosdochter",
    "full name": "Heilsota Wigboldosdochter",
    "born this way": {
      "sexuality label": "straight",
      "sexuality": 0.065,
      "romantic interest": 0.67,
      "sex interest": 0.654,
      "gender expression": 0.137,
      "sex": "f"
    },
    "age": 41,
    "birth year": 1200,
    "sex": "f",
    "faction": "Zealots",
    "income class": [
      4,
      "nobility"
    ],
    "personality": {
      "lawful-chaotic": 0.737,
      "nice-nasty": 0.19,
      "honest-false": 0.702,
      "dream": 0.618,
      "outgoing": 0.819
    },
    "attitude": {
      "dream": 0.618,
      "outgoing": 0.819
    },
    "homsoc": {
      "means": {
        "independent": true,
        "taken_care_of": false,
        "caretaker": true,
        "needs_care": false,
        "flags": []
      },
      "expression": {
        "sexuality expression": 0.022,
        "gender expression expression": 0.065
      }
    },
    "network": {
      "parents": {
        "mother": "Oderada (12401)",
        "father": "Wigboldo (12400)"
      },
      "children": {},
      "relationship keys": {
        "parent": [
          12911,
          12912
        ],
        "sibling": [
          17867,
          19511,
          23186,
          27302
        ],
        "unrelated": [
          25010,
          44195,
          50422,
          52012,
          53425,
          55054,
          61548,
          63162,
          64467,
          65782
        ]
      }
    },
    "occupation": {
      "has job": true,
      "income class": [
        4,
        "nobility"
      ],
      "income": 1.5990000000000002,
      "all_incomes": [
        1.092,
        1.217,
        1.3050000000000002,
        1.461,
        1.5990000000000002,
        1.5990000000000002,
        1.5990000000000002,
        1.5990000000000002,
        1.5990000000000002,
        1.5990000000000002,
        1.5990000000000002,
        1.5990000000000002,
        1.5990000000000002,
        1.5990000000000002,
        1.5990000000000002,
        1.5990000000000002,
        1.5990000000000002,
        1.5990000000000002,
        1.5990000000000002,
        1.5990000000000002,
        1.5990000000000002
      ],
      "job": {
        "lawful": true,
        "honest": true
      }
    },
    "genetics": {
      "skin_color": 6,
      "eye_color": "green",
      "hair_color": "black",
      "hair_color_code": 0,
      "hair_type": [
        "C",
        "S"
      ],
      "health": 0.759,
      "fertility": 0.715,
      "communication_impaired": false,
      "mobility_impaired": false,
      "cognitive_impaired": false,
      "disabilities": []
    },
    "memory": {
      "health": {
        "1201": {
          "health": {
            "change": false,
            "value_change": 0.0,
            "new_health": 0.759
          },
          "death": false
        },
        "1241": {
          "health": {
            "change": false,
            "value_change": 0.0,
            "new_health": 0.759
          },
          "death": true
        }
      },
      "events": {
        "1200": [
          {
            "topic": "birth",
            "year": 1200
          },
          {
            "topic": "new relationship",
            "key": 12911,
            "people": [
              12400,
              12910
            ],
            "people names": [
              "Wigboldo Rape",
              "Heilsota Wigboldosdochter"
            ],
            "people ages": [
              30,
              0
            ],
            "label": "parentchild",
            "committed": false
          },
          {
            "topic": "new relationship",
            "key": 12912,
            "people": [
              12401,
              12910
            ],
            "people names": [
              "Oderada Bastart",
              "Heilsota Wigboldosdochter"
            ],
            "people ages": [
              24,
              0
            ],
            "label": "parentchild",
            "committed": false
          }
        ],
        "1202": [
          {
            "topic": "new relationship",
            "key": 17867,
            "people": [
              12910,
              17864
            ],
            "people names": [
              "Heilsota Wigboldosdochter",
              "Lielde Rape"
            ],
            "people ages": [
              2,
              0
            ],
            "label": "sibling",
            "committed": false
          }
        ],
        "1203": [
          {
            "topic": "new relationship",
            "key": 19511,
            "people": [
              12910,
              19508
            ],
            "people names": [
              "Heilsota Wigboldosdochter",
              "Clemmam Rape"
            ],
            "people ages": [
              3,
              0
            ],
            "label": "sibling",
            "committed": false
          }
        ],
        "1205": [
          {
            "topic": "new relationship",
            "key": 23186,
            "people": [
              12910,
              23183
            ],
            "people names": [
              "Heilsota Wigboldosdochter",
              "Rycaldis Rape"
            ],
            "people ages": [
              5,
              0
            ],
            "label": "sibling",
            "committed": false
          },
          {
            "topic": "new relationship",
            "key": 25010,
            "people": [
              12910,
              13636
            ],
            "people names": [
              "Heilsota Wigboldosdochter",
              "Ringot"
            ],
            "people ages": [
              5,
              5
            ],
            "label": "unrelated",
            "committed": false
          }
        ],
        "1207": [
          {
            "topic": "new relationship",
            "key": 27302,
            "people": [
              12910,
              27299
            ],
            "people names": [
              "Heilsota Wigboldosdochter",
              "Lenildis"
            ],
            "people ages": [
              6,
              0
            ],
            "label": "sibling",
            "committed": false
          },
          {
            "topic": "update",
            "update": "new friendship label",
            "relationship label": "unrelated",
            "friendship label": "friend",
            "relationship": 25010
          }
        ],
        "1208": [
          {
            "topic": "update",
            "update": "new friendship label",
            "relationship label": "sibling",
            "friendship label": "friend",
            "relationship": 17867
          },
          {
            "topic": "person died",
            "person": {
              "key": 23183,
              "name": "Rycaldis Rape",
              "age": 3,
              "alive": false,
              "sex": "f",
              "parents": {
                "mother": "Oderada (12401)",
                "father": "Wigboldo (12400)"
              }
            },
            "cause": "childhood illness",
            "friendship label": "indifferent",
            "label": "sibling"
          }
        ],
        "1209": [
          {
            "topic": "update",
            "update": "new friendship label",
            "relationship label": "parentchild",
            "friendship label": "indifferent",
            "relationship": 12911
          }
        ],
        "1210": [
          {
            "topic": "update",
            "update": "new friendship label",
            "relationship label": "unrelated",
            "friendship label": "friend",
            "relationship": 25010
          }
        ],
        "1211": [
          {
            "topic": "update",
            "update": "new friendship label",