{
  "12946": {
    "alive": true,
    "name": "Reuro",
    "surname": "van Hadewigis",
    "full name": "Reuro van Hadewigis",
    "born this way": {
      "sexuality label": "straight",
      "sexuality": 0.043,
      "romantic interest": 0.591,
      "sex interest": 0.56,
      "gender expression": 0.097,
      "sex": "m"
    },
    "age": 49,
    "birth year": 1200,
    "sex": "m",
    "faction": "Zealots",
    "income class": [
      3,
      "upper middle class"
    ],
    "personality": {
      "lawful-chaotic": 0.226,
      "nice-nasty": 0.293,
      "honest-false": 0.559,
      "dream": 0.14,
      "outgoing": 0.769
    },
    "attitude": {
      "dream": 0.14,
      "outgoing": 0.769
    },
    "homsoc": {
      "means": {
        "independent": true,
        "taken_care_of": false,
        "caretaker": true,
        "needs_care": false,
        "flags": [
          "starving"
        ]
      },
      "expression": {
        "sexuality expression": 0.025,
        "gender expression expression": 0.032
      }
    },
    "network": {
      "parents": {
        "mother": "Hadewigis (11432)",
        "father": "Eltetus (11431)"
      },
      "children": {},
      "relationship keys": {
        "parent": [
          12947,
          12948
        ],
        "sibling": [
          15204,
          21713
        ],
        "unrelated": [
          20611,
          34288,
          42775,
          45185
        ]
      }
    },
    "occupation": {
      "has job": true,
      "income class": [
        3,
        "upper middle class"
      ],
      "income": 1.233,
      "all_incomes": [
        0.583,
        0.513,
        0.669,
        0.891,
        1.2930000000000001,
        1.307,
        1.5490000000000002,
        1.5490000000000002,
        1.5490000000000002,
        1.433,
        1.069,
        1.137,
        1.2930000000000001,
        1.192,
        1.221,
        1.1560000000000001,
        1.5490000000000002,
        1.5490000000000002,
        1.461,
        1.5490000000000002,
        1.5490000000000002,
        1.5490000000000002,
        1.355,
        1.5490000000000002,
        1.475,
        1.5490000000000002,
        1.5490000000000002,
        1.5490000000000002,
        1.092,
        1.071,
        1.233
      ],
      "job": {
        "lawful": false,
        "honest": false
      }
    },
    "genetics": {
      "skin_color": 0,
      "eye_color": "blue",
      "hair_color": "dark brown",
      "hair_color_code": 1,
      "hair_type": [
        "C",
        "C"
      ],
      "health": 0.606,
      "fertility": 0.669,
      "communication_impaired": false,
      "mobility_impaired": false,
      "cognitive_impaired": false,
      "disabilities": []
    },
    "memory": {
      "health": {
        "1201": {
          "health": {
            "change": false,
            "value_change": 0.0,
            "new_health": 0.606
          },
          "death": false
        }
      },
      "events": {
        "1200": [
          {
            "topic": "birth",
            "year": 1200
          },
          {
            "topic": "new relationship",
            "key": 12947,
            "people": [
              11431,
              12946
            ],
            "people names": [
              "Eltetus",
              "Reuro van Hadewigis"
            ],
            "people ages": [
              39,
              0
            ],
            "label": "parentchild",
            "committed": false
          },
          {
            "topic": "new relationship",
            "key": 12948,
            "people": [
              11432,
              12946
            ],
            "people names": [
              "Hadewigis Markolf",
              "Reuro van Hadewigis"
            ],
            "people ages": [
              28,
              0
            ],
            "label": "parentchild",
            "committed": false
          }
        ],
        "1201": [
          {
            "topic": "new relationship",
            "key": 15204,
            "people": [
              12946,
              15201
            ],
            "people names": [
              "Reuro van Hadewigis",
              "Aghata"
            ],
            "people ages": [
              0,
              0
            ],
            "label": "sibling",
            "committed": false
          }
        ],
        "1203": [
          {
            "topic": "new relationship",
            "key": 20611,
            "people": [
              13771,
              12946
            ],
            "people names": [
              "Sygerus Conradszoon",
              "Reuro van Hadewigis"
            ],
            "people ages": [
              3,
              3
            ],
            "label": "unrelated",
            "committed": false
          }
        ],
        "1204": [
          {
            "topic": "new relationship",
            "key": 21713,
            "people": [
              12946,
              21710
            ],
            "people names": [
              "Reuro van Hadewigis",
              "Ramont"
            ],
            "people ages": [
              4,
              0
            ],
            "label": "sibling",
            "committed": false
          }
        ],
        "1208": [
          {
            "topic": "event",
            "event": "faction upheaval",
            "faction": "No religion",
            "year": 1208
          }
        ],
        "1209": [
          {
            "topic": "person died",
            "person": {
              "key": 11432,
              "name": "Hadewigis Markolf",
              "age": 38,
              "alive": false,
              "sex": "f",
              "parents": "firstgen"
            },
            "cause": "illness",
            "friendship label": "good friend",
            "label": "parent"
          }
        ],
        "1210": [
          {
            "topic": "new relationship",
            "key": 34288,
            "people": [
              12946,
              13525
            ],
            "people names": [
              "Reuro van Hadewigis",
              "Heile Ballinc"
            ],
            "people ages": [
              10,
              10
            ],
            "label": "unrelated",
            "committed": false
          }
        ],
        "1211": [
          {
            "topic": "update",
            "update": "new friendship label",
            "relationship label": "sibling",
            "friendship label": "indifferent",
            "relationship": 15204
          }
        ],
        "1212": [
          {
            "topic": "update",
            "update": "new friendship label",
            "relationship label": "sibling",
            "friendship label": "indifferent",
            "relationship": 21713
          },
          {
            "topic": "person died",
            "person": {
              "key": 13525,
              "name": "Heile Ballinc",
              "age": 12,
              "alive": false,
              "sex": "f",
              "parents": {
                "mother": "Lenildis (11285)",
                "father": "Hardenbernus (11284)"
              }
            },
            "cause": "starvation",
            "friendship label": "friend",
            "label": "unrelated",
            "love state": "nothing"
          }
        ],
        "1213": [
          {
            "topic": "person died",
            "person": {
              "key": 11431,
              "name": "Eltetus",
              "age": 53,
              "alive": false,
              "sex": "m",
              "parents": "firstgen"
            },
            "cause": "sickness",
            "friendship label": "friend",
            "label": "parent"
          }
        ],
        "1214": [
          {
            "topic": "update",
            "update": "new friendship label",
            "relationship label": "sibling",