{
  "12985": {
    "alive": true,
    "name": "Wein",
    "surname": "Quade",
    "full name": "Wein Quade",
    "born this way": {
      "sexuality label": "straight",
      "sexuality": 0.092,
      "romantic interest": 0.568,
      "sex interest": 0.606,
      "gender expression": 0.2,
      "sex": "m"
    },
    "age": 49,
    "birth year": 1200,
    "sex": "m",
    "faction": "No religion",
    "income class": [
      3,
      "upper middle class"
    ],
    "personality": {
      "lawful-chaotic": 0.777,
      "nice-nasty": 0.66,
      "honest-false": 0.915,
      "dream": 0.179,
      "outgoing": 0.589
    },
    "attitude": {
      "dream": 0.179,
      "outgoing": 0.589
    },
    "homsoc": {
      "means": {
        "independent": true,
        "taken_care_of": false,
        "caretaker": true,
        "needs_care": false,
        "flags": []
      },
      "expression": {
        "sexuality expression": 0.064,
        "gender expression expression": 0.085
      }
    },
    "network": {
      "parents": {
        "mother": "Eingeliadis (11642)",
        "father": "Herbert (11641)"
      },
      "children": {},
      "relationship keys": {
        "parent": [
          12986,
          12987
        ],
        "sibling": [
          15189,
          18910,
          22617,
          25135,
          27498,
          31930,
          33492
        ],
        "unrelated": [
          25001,
          44592,
          64401,
          66286
        ]
      }
    },
    "occupation": {
      "has job": true,
      "income class": [
        3,
        "upper middle class"
      ],
      "income": 1.5490000000000002,
      "all_incomes": [
        1.024,
        1.088,
        1.103,
        1.176,
        1.264,
        1.332,
        1.356,
        1.387,
        1.304,
        1.323,
        1.355,
        1.436,
        1.405,
        1.421,
        1.484,
        1.5490000000000002,
        1.5490000000000002,
        1.5490000000000002,
        1.5490000000000002,
        1.5490000000000002,
        1.5490000000000002,
        1.5490000000000002,
        1.5490000000000002,
        1.5490000000000002,
        1.5490000000000002,
        1.5490000000000002,
        1.5490000000000002,
        1.5490000000000002,
        1.5490000000000002,
        1.5490000000000002,
        1.5490000000000002,
        1.5490000000000002,
        1.5490000000000002,
        1.5490000000000002
      ],
      "job": {
        "lawful": true,
        "honest": true
      }
    },
    "genetics": {
      "skin_color": 7,
      "eye_color": "blue",
      "hair_color": "black",
      "hair_color_code": 0,
      "hair_type": [
        "S",
        "C"
      ],
      "health": 0.859,
      "fertility": 0.894,
      "communication_impaired": false,
      "mobility_impaired": false,
      "cognitive_impaired": false,
      "disabilities": []
    },
    "memory": {
      "health": {
        "1201": {
          "health": {
            "change": false,
            "value_change": 0.0,
            "new_health": 0.859
          },
          "death": false
        }
      },
      "events": {
        "1200": [
          {
            "topic": "birth",
            "year": 1200
          },
          {
            "topic": "new relationship",
            "key": 12986,
            "people": [
              11641,
              12985
            ],
            "people names": [
              "Herbert Quade",
              "Wein Quade"
            ],
            "people ages": [
              42,
              0
            ],
            "label": "parentchild",
            "committed": false
          },
          {
            "topic": "new relationship",
            "key": 12987,
            "people": [
              11642,
              12985
            ],
            "people names": [
              "Eingeliadis Donevoet",
              "Wein Quade"
            ],
            "people ages": [
              30,
              0
            ],
            "label": "parentchild",
            "committed": false
          }
        ],
        "1201": [
          {
            "topic": "new relationship",
            "key": 15189,
            "people": [
              12985,
              15186
            ],
            "people names": [
              "Wein Quade",
              "Laurens Quade"
            ],
            "people ages": [
              0,
              0
            ],
            "label": "sibling",
            "committed": false
          }
        ],
        "1203": [
          {
            "topic": "new relationship",
            "key": 18910,
            "people": [
              12985,
              18907
            ],
            "people names": [
              "Wein Quade",
              "Willibrando Quade"
            ],
            "people ages": [
              3,
              0
            ],
            "label": "sibling",
            "committed": false
          }
        ],
        "1204": [
          {
            "topic": "new relationship",
            "key": 22617,
            "people": [
              12985,
              22614
            ],
            "people names": [
              "Wein Quade",
              "Heilsota Quade"
            ],
            "people ages": [
              4,
              0
            ],
            "label": "sibling",
            "committed": false
          },
          {
            "topic": "update",
            "update": "new friendship label",
            "relationship label": "sibling",
            "friendship label": "indifferent",
            "relationship": 15189
          }
        ],
        "1205": [
          {
            "topic": "new relationship",
            "key": 25001,
            "people": [
              12985,
              14122
            ],
            "people names": [
              "Wein Quade",
              "Gheynekine Paue"
            ],
            "people ages": [
              5,
              5
            ],
            "label": "unrelated",
            "committed": false
          }
        ],
        "1206": [
          {
            "topic": "new relationship",
            "key": 25135,
            "people": [
              12985,
              25132
            ],
            "people names": [
              "Wein Quade",
              "Swegero Quade"
            ],
            "people ages": [
              5,
              0
            ],
            "label": "sibling",
            "committed": false
          }
        ],
        "1207": [
          {
            "topic": "new relationship",
            "key": 27498,
            "people": [
              12985,
              27495
            ],
            "people names": [
              "Wein Quade",
              "Hille Quade"
            ],
            "people ages": [
              6,
              0
            ],
            "label": "sibling",
            "committed": false
          },
          {
            "topic": "update",
            "update": "new friendship label",
            "relationship label": "parentchild",
            "friendship label": "good friend",
            "relationship": 12987
          }
        ],
        "1208": [
          {
            "topic": "event",
            "event": "faction upheaval",
            "faction": "No religion",
            "year": 1208
          }
        ],
        "1209": [
          {
            "topic": "new relationship",
            "key": 31930,
            "people": [
              12985,
              31927
            ],
            "people names": [
              "Wein Quade",
              "Stoethoute Herbertszoon"
            ],
            "people ages": [
              9,
              0
            ],
            "label": "sibling",
            "committed": false
          }
        ],
        "1210": [
          {
            "topic": "new relationship",
            "key": 33492,