{
  "13087": {
    "alive": false,
    "name": "Ever",
    "surname": "Battenman",
    "full name": "Ever Battenman",
    "born this way": {
      "sexuality label": "straight",
      "sexuality": 0.027,
      "romantic interest": 0.52,
      "sex interest": 0.742,
      "gender expression": 0.0,
      "sex": "m"
    },
    "age": 40,
    "birth year": 1200,
    "sex": "m",
    "faction": "Dogmatists",
    "income class": [
      3,
      "upper middle class"
    ],
    "personality": {
      "lawful-chaotic": 0.578,
      "nice-nasty": 0.857,
      "honest-false": 0.048,
      "dream": 0.351,
      "outgoing": 0.623
    },
    "attitude": {
      "dream": 0.351,
      "outgoing": 0.623
    },
    "homsoc": {
      "means": {
        "independent": true,
        "taken_care_of": false,
        "caretaker": true,
        "needs_care": false,
        "flags": []
      },
      "expression": {
        "sexuality expression": 0.02,
        "gender expression expression": -0.001
      }
    },
    "network": {
      "parents": {
        "mother": "Thedwi (11594)",
        "father": "Boidin (11593)"
      },
      "children": {},
      "relationship keys": {
        "parent": [
          13088,
          13089
        ],
        "sibling": [
          14644,
          17193
        ],
        "unrelated": [
          41000,
          47212,
          61277,
          69609
        ],
        "half-sibling": [
          41031,
          42866,
          43525,
          44081,
          44674,
          45336
        ]
      }
    },
    "occupation": {
      "has job": true,
      "income class": [
        3,
        "upper middle class"
      ],
      "income": 1.5490000000000002,
      "all_incomes": [
        1.093,
        0.9720000000000001,
        0.40599999999999997,
        0.663,
        1.115,
        1.476,
        1.47,
        1.465,
        1.282,
        1.123,
        1.228,
        1.489,
        1.12,
        1.366,
        1.186,
        1.313,
        1.483,
        1.5490000000000002,
        1.033,
        1.5490000000000002,
        1.5490000000000002,
        1.314,
        1.5490000000000002,
        1.5490000000000002,
        1.5490000000000002
      ],
      "job": {
        "lawful": false,
        "honest": false
      }
    },
    "genetics": {
      "skin_color": 8,
      "eye_color": "green",
      "hair_color": "dark brown",
      "hair_color_code": 1,
      "hair_type": [
        "S",
        "S"
      ],
      "health": 0.778,
      "fertility": 0.726,
      "communication_impaired": false,
      "mobility_impaired": false,
      "cognitive_impaired": false,
      "disabilities": []
    },
    "memory": {
      "health": {
        "1201": {
          "health": {
            "change": false,
            "value_change": 0.0,
            "new_health": 0.778
          },
          "death": false
        },
        "1240": {
          "health": {
            "change": false,
            "value_change": 0.0,
            "new_health": 0.778
          },
          "death": true
        }
      },
      "events": {
        "1200": [
          {
            "topic": "birth",
            "year": 1200
          },
          {
            "topic": "new relationship",
            "key": 13088,
            "people": [
              11593,
              13087
            ],
            "people names": [
              "Boidin Battenman",
              "Ever Battenman"
            ],
            "people ages": [
              32,
              0
            ],
            "label": "parentchild",
            "committed": false
          },
          {
            "topic": "new relationship",
            "key": 13089,
            "people": [
              11594,
              13087
            ],
            "people names": [
              "Thedwi Quade",
              "Ever Battenman"
            ],
            "people ages": [
              21,
              0
            ],
            "label": "parentchild",
            "committed": false
          }
        ],
        "1201": [
          {
            "topic": "new relationship",
            "key": 14644,
            "people": [
              13087,
              14641
            ],
            "people names": [
              "Ever Battenman",
              "Riuum"
            ],
            "people ages": [
              0,
              0
            ],
            "label": "sibling",
            "committed": false
          }
        ],
        "1202": [
          {
            "topic": "new relationship",
            "key": 17193,
            "people": [
              13087,
              17190
            ],
            "people names": [
              "Ever Battenman",
              "Sarre Battenman"
            ],
            "people ages": [
              1,
              0
            ],
            "label": "sibling",
            "committed": false
          },
          {
            "topic": "person died",
            "person": {
              "key": 11594,
              "name": "Thedwi Quade",
              "age": 24,
              "alive": false,
              "sex": "f",
              "parents": "firstgen"
            },
            "cause": "illness",
            "friendship label": "friend",
            "label": "parent"
          }
        ],
        "1208": [
          {
            "topic": "event",
            "event": "faction upheaval",
            "faction": "No religion",
            "year": 1208
          },
          {
            "topic": "update",
            "update": "new friendship label",
            "relationship label": "parentchild",
            "friendship label": "indifferent",
            "relationship": 13088
          }
        ],
        "1214": [
          {
            "topic": "update",
            "update": "parent married",
            "parent": 11593,
            "new partner": 12365
          }
        ],
        "1215": [
          {
            "topic": "event",
            "event": "plague",
            "year": 1215
          },
          {
            "topic": "new relationship",
            "key": 41000,
            "people": [
              13087,
              15778
            ],
            "people names": [
              "Ever Battenman",
              "Pieter Sloet"
            ],
            "people ages": [
              15,
              14
            ],
            "label": "unrelated",
            "committed": false
          },
          {
            "topic": "new relationship",
            "key": 41031,
            "people": [
              13087,
              40236
            ],
            "people names": [
              "Ever Battenman",
              "Herbert Battenman"
            ],
            "people ages": [
              15,
              0
            ],
            "label": "half-sibling",
            "committed": false
          }
        ],
        "1216": [
          {
            "topic": "job notice",
            "notice": "found job",
            "income": 1.093
          }
        ],
        "1217": [
          {
            "topic": "new relationship",
            "key": 42866,
            "people": [
              13087,
              42607
            ],
            "people names": [
              "Ever Battenman",
              "Leanne Battenman"
            ],
            "people ages": [
              17,
              0
            ],
            "label": "half-sibling",
            "committed": false
          }
        ],
        "1218": [
          {
            "topic": "job notice",
            "notice": "earning very little",
            "income": 0.40599999999999997
          },
          {
            "topic": "new relationship",
            "key": 43525,
            "people": [
              13087,
              43254
            ],
            "people names": [
              "Ever Battenman",
              "Machtilden Battenman"
            ],