{
  "13135": {
    "alive": true,
    "name": "Conrado",
    "surname": "Valecappe",
    "full name": "Conrado Valecappe",
    "born this way": {
      "sexuality label": "straight",
      "sexuality": 0.0,
      "romantic interest": 0.857,
      "sex interest": 0.771,
      "gender expression": 0.103,
      "sex": "m"
    },
    "age": 49,
    "birth year": 1200,
    "sex": "m",
    "faction": "Dogmatists",
    "income class": [
      2,
      "middle class"
    ],
    "personality": {
      "lawful-chaotic": 0.52,
      "nice-nasty": 0.414,
      "honest-false": 0.917,
      "dream": 0.018,
      "outgoing": 0.584
    },
    "attitude": {
      "dream": 0.018,
      "outgoing": 0.584
    },
    "homsoc": {
      "means": {
        "independent": true,
        "taken_care_of": false,
        "caretaker": true,
        "needs_care": false,
        "flags": [
          "starving"
        ]
      },
      "expression": {
        "sexuality expression": -0.001,
        "gender expression expression": 0.053
      }
    },
    "network": {
      "parents": {
        "mother": "Wijfgode (10520)",
        "father": "Vais (10519)"
      },
      "children": {},
      "relationship keys": {
        "parent": [
          13136,
          13137
        ],
        "sibling": [
          15916,
          16692,
          19939
        ]
      }
    },
    "occupation": {
      "has job": true,
      "income class": [
        2,
        "middle class"
      ],
      "income": 1.0559999999999998,
      "all_incomes": [
        1.251,
        1.2009999999999998,
        1.272,
        1.2109999999999999,
        1.212,
        0.874,
        0.627,
        0.525,
        0.7020000000000001,
        0.737,
        0.732,
        0.606,
        0.5630000000000001,
        0.621,
        0.641,
        0.775,
        0.791,
        0.787,
        0.8210000000000001,
        0.9450000000000001,
        0.991,
        0.934,
        1.001,
        1.107,
        1.2859999999999998,
        1.4049999999999998,
        1.252,
        1.3459999999999999,
        1.262,
        1.1829999999999998,
        1.4189999999999998,
        1.18,
        1.115,
        1.0559999999999998
      ],
      "job": {
        "lawful": false,
        "honest": true
      }
    },
    "genetics": {
      "skin_color": 8,
      "eye_color": "brown",
      "hair_color": "black",
      "hair_color_code": 0,
      "hair_type": [
        "C",
        "C"
      ],
      "health": 0.203,
      "fertility": 0.725,
      "communication_impaired": false,
      "mobility_impaired": false,
      "cognitive_impaired": false,
      "disabilities": []
    },
    "memory": {
      "health": {
        "1201": {
          "health": {
            "change": false,
            "value_change": 0.0,
            "new_health": 0.69
          },
          "death": false
        },
        "1208": {
          "health": {
            "change": true,
            "value_change": -0.221,
            "new_health": 0.469
          },
          "death": false
        },
        "1209": {
          "health": {
            "change": false,
            "value_change": 0.0,
            "new_health": 0.469
          },
          "death": false
        },
        "1211": {
          "health": {
            "change": true,
            "value_change": -0.266,
            "new_health": 0.203
          },
          "death": false
        },
        "1212": {
          "health": {
            "change": false,
            "value_change": 0.0,
            "new_health": 0.203
          },
          "death": false
        }
      },
      "events": {
        "1200": [
          {
            "topic": "birth",
            "year": 1200
          },
          {
            "topic": "new relationship",
            "key": 13136,
            "people": [
              10519,
              13135
            ],
            "people names": [
              "Vais Valecappe",
              "Conrado Valecappe"
            ],
            "people ages": [
              42,
              0
            ],
            "label": "parentchild",
            "committed": false
          },
          {
            "topic": "new relationship",
            "key": 13137,
            "people": [
              10520,
              13135
            ],
            "people names": [
              "Wijfgode Canne",
              "Conrado Valecappe"
            ],
            "people ages": [
              17,
              0
            ],
            "label": "parentchild",
            "committed": false
          }
        ],
        "1201": [
          {
            "topic": "new relationship",
            "key": 15916,
            "people": [
              13135,
              15913
            ],
            "people names": [
              "Conrado Valecappe",
              "Truden Valecappe"
            ],
            "people ages": [
              1,
              0
            ],
            "label": "sibling",
            "committed": false
          }
        ],
        "1202": [
          {
            "topic": "new relationship",
            "key": 16692,
            "people": [
              13135,
              16689
            ],
            "people names": [
              "Conrado Valecappe",
              "Soi"
            ],
            "people ages": [
              1,
              0
            ],
            "label": "sibling",
            "committed": false
          }
        ],
        "1203": [
          {
            "topic": "new relationship",
            "key": 19939,
            "people": [
              13135,
              19936
            ],
            "people names": [
              "Conrado Valecappe",
              "Bernardus Valecappe"
            ],
            "people ages": [
              2,
              0
            ],
            "label": "sibling",
            "committed": false
          },
          {
            "topic": "person died",
            "person": {
              "key": 10519,
              "name": "Vais Valecappe",
              "age": 46,
              "alive": false,
              "sex": "m",
              "parents": "firstgen"
            },
            "cause": "illness",
            "friendship label": "indifferent",
            "label": "parent"
          }
        ],
        "1204": [
          {
            "topic": "not enough income",
            "income": 0,
            "inhabitants": [
              13135,
              15913
            ]
          }
        ],
        "1205": [
          {
            "topic": "not enough income",
            "income": 0,
            "inhabitants": [
              13135,
              15913
            ]
          }
        ],
        "1206": [
          {
            "topic": "person died",
            "person": {
              "key": 19936,
              "name": "Bernardus Valecappe",
              "age": 3,
              "alive": false,
              "sex": "m",
              "parents": {
                "mother": "Wijfgode (10520)",
                "father": "Vais (10519)"
              }
            },
            "cause": "starvation",
            "friendship label": "friend",
            "label": "sibling"
          },
          {
            "topic": "not enough income",
            "income": 0,
            "inhabitants": [
              13135,
              15913
            ]
          }
        ],
        "1207": [
          {
            "topic": "update",
            "update": "new friendship label",
            "relationship label": "sibling",
            "friendship label": "indifferent",
            "relationship": 16692
          },
          {
            "topic": "not enough income",
            "income": 0,
            "inhabitants": [
              13135,
              15913
            ]
          }
        ],
        "1208": [
          {
            "topic": "not enough income",
            "income": 0,