{
  "13147": {
    "alive": false,
    "name": "Elberino",
    "surname": "Rin",
    "full name": "Elberino Rin",
    "born this way": {
      "sexuality label": "straight",
      "sexuality": 0.017,
      "romantic interest": 0.67,
      "sex interest": 0.962,
      "gender expression": 0.157,
      "sex": "m"
    },
    "age": 53,
    "birth year": 1200,
    "sex": "m",
    "faction": "Zealots",
    "income class": [
      4,
      "nobility"
    ],
    "personality": {
      "lawful-chaotic": 0.999,
      "nice-nasty": 0.999,
      "honest-false": 0.434
    },
    "attitude": {
      "outgoing": 0.522,
      "dream": 0.649
    },
    "homsoc": {
      "means": {
        "independent": true,
        "taken_care_of": false,
        "caretaker": true,
        "needs_care": false,
        "flags": []
      },
      "expression": {
        "sexuality expression": 0.008,
        "gender expression expression": 0.048
      }
    },
    "network": {
      "parents": {
        "mother": "Clementia (12371)",
        "father": "Ghodscalc (12370)"
      },
      "children": {},
      "relationship keys": {
        "parent": [
          13148,
          13149
        ],
        "sibling": [
          19508,
          20728,
          21753,
          22755,
          23297
        ],
        "spouse": [
          37797
        ]
      }
    },
    "occupation": {
      "has job": true,
      "income class": [
        4,
        "nobility"
      ],
      "income": 1.5990000000000002,
      "all_incomes": [
        0.991,
        1.076,
        1.234,
        1.3110000000000002,
        1.409,
        1.5070000000000001,
        1.5990000000000002,
        1.5990000000000002,
        1.5990000000000002,
        1.5990000000000002,
        1.5990000000000002,
        1.5710000000000002,
        1.5990000000000002,
        1.5990000000000002,
        1.5670000000000002,
        1.5990000000000002,
        1.5990000000000002,
        1.5990000000000002,
        1.5990000000000002,
        1.5990000000000002,
        1.5990000000000002,
        1.5990000000000002,
        1.5990000000000002,
        1.5990000000000002,
        1.5990000000000002,
        1.5990000000000002,
        1.5990000000000002,
        1.5990000000000002,
        1.5990000000000002,
        1.5990000000000002,
        1.5990000000000002,
        1.5990000000000002,
        1.5990000000000002,
        1.5990000000000002,
        1.5990000000000002,
        1.5990000000000002,
        1.5990000000000002,
        1.5990000000000002
      ],
      "job": {
        "lawful": true,
        "honest": true
      }
    },
    "genetics": {
      "skin_color": 4,
      "eye_color": "brown",
      "hair_color": "black",
      "hair_color_code": 0,
      "hair_type": [
        "S",
        "S"
      ],
      "health": 0.0,
      "fertility": 0.707,
      "communication_impaired": false,
      "mobility_impaired": false,
      "cognitive_impaired": false,
      "disabilities": []
    },
    "memory": {
      "health": {
        "1201": {
          "health": {
            "change": false,
            "value_change": 0.0,
            "new_health": 0.675
          },
          "death": false
        },
        "1251": {
          "health": {
            "change": true,
            "value_change": -0.278,
            "new_health": 0.397
          },
          "death": false
        },
        "1252": {
          "health": {
            "change": true,
            "value_change": -0.281,
            "new_health": 0.116
          },
          "death": false
        },
        "1253": {
          "health": {
            "change": true,
            "value_change": -0.116,
            "new_health": 0.0
          },
          "death": true
        }
      },
      "events": {
        "1200": [
          {
            "topic": "new home",
            "home": {
              "income class": 4,
              "income class label": "nobility",
              "section": "stOp Havick1.se1.c4",
              "street": "Op Havick1",
              "neighborhood": "cingelnoord",
              "unique id": 831
            }
          }
        ],
        "1201": [
          {
            "topic": "event",
            "event": "plague",
            "year": 1201
          }
        ],
        "1203": [
          {
            "topic": "update",
            "update": "new friendship label",
            "relationship label": "parentchild",
            "friendship label": "enemy",
            "relationship": 13149
          }
        ],
        "1208": [
          {
            "topic": "new relationship",
            "key": 19508,
            "people": [
              13147,
              19505
            ],
            "people names": [
              "Elberino Rin",
              "Mourin Rin"
            ],
            "people ages": [
              8,
              0
            ],
            "label": "sibling",
            "committed": false
          }
        ],
        "1211": [
          {
            "topic": "new relationship",
            "key": 20728,
            "people": [
              13147,
              20725
            ],
            "people names": [
              "Elberino Rin",
              "Rolekine Rin"
            ],
            "people ages": [
              10,
              0
            ],
            "label": "sibling",
            "committed": false
          }
        ],
        "1212": [
          {
            "topic": "new relationship",
            "key": 21753,
            "people": [
              13147,
              21750
            ],
            "people names": [
              "Elberino Rin",
              "Reynold Rin"
            ],
            "people ages": [
              12,
              0
            ],
            "label": "sibling",
            "committed": false
          }
        ],
        "1213": [
          {
            "topic": "update",
            "update": "new friendship label",
            "relationship label": "parentchild",
            "friendship label": "indifferent",
            "relationship": 13148
          }
        ],
        "1214": [
          {
            "topic": "person died",
            "person": {
              "key": 21750,
              "name": "Reynold Rin",
              "age": 2,
              "alive": false,
              "sex": "m",
              "parents": {
                "mother": "Clementia (12371)",
                "father": "Ghodscalc (12370)"
              }
            },
            "cause": "childhood illness",
            "label": "sibling"
          }
        ],
        "1215": [
          {
            "topic": "event",
            "event": "plague",
            "year": 1215
          },
          {
            "topic": "new relationship",
            "key": 22755,
            "people": [
              13147,
              22752
            ],
            "people names": [
              "Elberino Rin",
              "Bernardus Rin"
            ],
            "people ages": [
              14,
              0
            ],
            "label": "sibling",
            "committed": false
          },
          {
            "topic": "person died",
            "person": {
              "key": 19505,
              "name": "Mourin Rin",
              "age": 7,
              "alive": false,
              "sex": "m",
              "parents": {
                "mother": "Clementia (12371)",
                "father": "Ghodscalc (12370)"
              }
            },
            "cause": "childhood illness",
            "label": "sibling"
          }
        ],
        "1216": [
          {
            "topic": "job notice",
            "notice": "found job",
            "income": 0.991
          }
        ],
        "1217": [
          {
            "topic": "job notice",
            "notice": "comfortable earnings",
            "income": 1.076
          },
          {
            "topic": "new relationship",