{
  "13168": {
    "alive": true,
    "name": "Siburgis",
    "surname": "",
    "full name": "Siburgis",
    "born this way": {
      "sexuality label": "straight",
      "sexuality": 0.0,
      "romantic interest": 0.878,
      "sex interest": 0.757,
      "gender expression": 0.371,
      "sex": "f"
    },
    "age": 49,
    "birth year": 1200,
    "sex": "f",
    "faction": "No religion",
    "income class": [
      3,
      "upper middle class"
    ],
    "personality": {
      "lawful-chaotic": 0.358,
      "nice-nasty": 0.196,
      "honest-false": 0.482,
      "dream": 0.671,
      "outgoing": 0.704
    },
    "attitude": {
      "dream": 0.671,
      "outgoing": 0.704
    },
    "homsoc": {
      "means": {
        "independent": true,
        "taken_care_of": false,
        "caretaker": true,
        "needs_care": false,
        "flags": [
          "starving"
        ]
      },
      "expression": {
        "sexuality expression": -0.001,
        "gender expression expression": 0.0
      }
    },
    "network": {
      "parents": {
        "mother": "Douwen (12662)",
        "father": "Engelbertus (12661)"
      },
      "children": {
        "73663": {
          "key": 73663,
          "name": "Nellen Bards",
          "age": 8,
          "alive": true,
          "sex": "f",
          "parents": {
            "mother": "Siburgis (13168)",
            "father": "Brame (29781)"
          }
        }
      },
      "relationship keys": {
        "parent": [
          13169,
          13170
        ],
        "sibling": [
          16300
        ],
        "unrelated": [
          41001,
          42804,
          47229,
          71117
        ],
        "spouse": [
          71079
        ],
        "child": {
          "birth": [
            73665
          ]
        }
      }
    },
    "occupation": {
      "has job": true,
      "income class": [
        3,
        "upper middle class"
      ],
      "income": 1.5490000000000002,
      "all_incomes": [
        1.041,
        1.108,
        1.102,
        1.188,
        1.209,
        1.296,
        1.329,
        1.352,
        1.4020000000000001,
        1.462,
        1.3860000000000001,
        1.4060000000000001,
        1.403,
        1.5490000000000002,
        1.5490000000000002,
        1.5490000000000002,
        1.5490000000000002,
        1.5490000000000002,
        1.5450000000000002,
        1.5490000000000002,
        1.5490000000000002,
        1.5490000000000002,
        1.5410000000000001,
        1.5490000000000002,
        1.5490000000000002,
        1.5490000000000002,
        1.5490000000000002,
        1.5490000000000002
      ],
      "job": {
        "lawful": true,
        "honest": true
      }
    },
    "genetics": {
      "skin_color": 7,
      "eye_color": "blue",
      "hair_color": "black",
      "hair_color_code": 0,
      "hair_type": [
        "S",
        "S"
      ],
      "health": 0.686,
      "fertility": 0.596,
      "communication_impaired": false,
      "mobility_impaired": false,
      "cognitive_impaired": false,
      "disabilities": []
    },
    "memory": {
      "health": {
        "1201": {
          "health": {
            "change": false,
            "value_change": 0.0,
            "new_health": 0.686
          },
          "death": false
        }
      },
      "events": {
        "1200": [
          {
            "topic": "birth",
            "year": 1200
          },
          {
            "topic": "new relationship",
            "key": 13169,
            "people": [
              12661,
              13168
            ],
            "people names": [
              "Engelbertus",
              "Siburgis"
            ],
            "people ages": [
              29,
              0
            ],
            "label": "parentchild",
            "committed": false
          },
          {
            "topic": "new relationship",
            "key": 13170,
            "people": [
              12662,
              13168
            ],
            "people names": [
              "Douwen Paue",
              "Siburgis"
            ],
            "people ages": [
              19,
              0
            ],
            "label": "parentchild",
            "committed": false
          }
        ],
        "1201": [
          {
            "topic": "new relationship",
            "key": 16300,
            "people": [
              13168,
              16297
            ],
            "people names": [
              "Siburgis",
              "Hodine"
            ],
            "people ages": [
              0,
              0
            ],
            "label": "sibling",
            "committed": false
          },
          {
            "topic": "not enough income",
            "income": 0.05,
            "inhabitants": [
              13168,
              73663
            ]
          }
        ],
        "1202": [
          {
            "topic": "not enough income",
            "income": 0.05,
            "inhabitants": [
              13168,
              73663
            ]
          }
        ],
        "1203": [
          {
            "topic": "person died",
            "person": {
              "key": 12661,
              "name": "Engelbertus",
              "age": 33,
              "alive": false,
              "sex": "m",
              "parents": "firstgen"
            },
            "cause": "starvation",
            "friendship label": "friend",
            "label": "parent"
          },
          {
            "topic": "person died",
            "person": {
              "key": 12662,
              "name": "Douwen Paue",
              "age": 23,
              "alive": false,
              "sex": "f",
              "parents": "firstgen"
            },
            "cause": "starvation",
            "friendship label": "good friend",
            "label": "parent"
          },
          {
            "topic": "person died",
            "person": {
              "key": 16297,
              "name": "Hodine",
              "age": 2,
              "alive": false,
              "sex": "f",
              "parents": {
                "mother": "Douwen (12662)",
                "father": "Engelbertus (12661)"
              }
            },
            "cause": "starvation",
            "friendship label": "indifferent",
            "label": "sibling"
          }
        ],
        "1204": [
          {
            "topic": "not enough income",
            "income": 0,
            "inhabitants": [
              13168,
              73663
            ]
          }
        ],
        "1205": [
          {
            "topic": "not enough income",
            "income": 0,
            "inhabitants": [
              13168,
              73663
            ]
          }
        ],
        "1206": [
          {
            "topic": "not enough income",
            "income": 0,
            "inhabitants": [
              13168,
              73663
            ]
          }
        ],
        "1207": [
          {
            "topic": "not enough income",
            "income": 0,
            "inhabitants": [
              13168,
              73663
            ]
          }
        ],
        "1208": [
          {
            "topic": "event",
            "event": "faction upheaval",
            "faction": "No religion",
            "year": 1208
          },
          {
            "topic": "not enough income",
            "income": 0,
            "inhabitants": [
              13168,
              73663
            ]
          }
        ],
        "1209": [
          {
            "topic": "not enough income",
            "income": 0,
            "inhabitants": [
              13168,
              73663
            ]
          }
        ],
        "1210": [
          {
            "topic": "not enough income",
            "income": 0,
            "inhabitants": [
              13168,
              73663
            ]
          }
        ],