{
  "13195": {
    "alive": true,
    "name": "Hollander",
    "surname": "Riken",
    "full name": "Hollander Riken",
    "born this way": {
      "sexuality label": "straight",
      "sexuality": 0.018,
      "romantic interest": 0.49,
      "sex interest": 0.473,
      "gender expression": 0.117,
      "sex": "m"
    },
    "age": 49,
    "birth year": 1200,
    "sex": "m",
    "faction": "Zealots",
    "income class": [
      2,
      "middle class"
    ],
    "personality": {
      "lawful-chaotic": 0.598,
      "nice-nasty": 0.985,
      "honest-false": 0.609,
      "dream": 0.352,
      "outgoing": 0.722
    },
    "attitude": {
      "dream": 0.352,
      "outgoing": 0.722
    },
    "homsoc": {
      "means": {
        "independent": false,
        "taken_care_of": false,
        "caretaker": true,
        "needs_care": false,
        "flags": [
          "starving"
        ]
      },
      "expression": {
        "sexuality expression": 0.012,
        "gender expression expression": 0.043
      }
    },
    "network": {
      "parents": {
        "mother": "Badeloghen (12071)",
        "father": "Winrechus (12070)"
      },
      "children": {},
      "relationship keys": {
        "parent": [
          13196,
          13197
        ],
        "sibling": [
          16425
        ],
        "unrelated": [
          46493
        ]
      }
    },
    "occupation": {
      "has job": true,
      "income class": [
        2,
        "middle class"
      ],
      "income": 0.025,
      "all_incomes": [
        0.51,
        1.1099999999999999,
        1.2069999999999999,
        0.983,
        0.456,
        1.0479999999999998,
        1.139,
        0.931,
        1.327,
        1.079,
        0.556,
        0.9540000000000001,
        0.729,
        0.672,
        0.662,
        0.629,
        0.547,
        0.793,
        1.2249999999999999,
        1.0719999999999998,
        0.899,
        1.0999999999999999,
        0.8320000000000001,
        0.48700000000000004,
        0.5630000000000001,
        0.52,
        0.42800000000000005,
        0.048,
        0.025,
        0.025,
        0.025,
        0.19899999999999998,
        0.29200000000000004,
        0.025
      ],
      "job": {
        "lawful": false,
        "honest": false
      }
    },
    "genetics": {
      "skin_color": 7,
      "eye_color": "brown",
      "hair_color": "dark brown",
      "hair_color_code": 1,
      "hair_type": [
        "S",
        "C"
      ],
      "health": 0.57,
      "fertility": 0.53,
      "communication_impaired": false,
      "mobility_impaired": false,
      "cognitive_impaired": false,
      "disabilities": []
    },
    "memory": {
      "health": {
        "1201": {
          "health": {
            "change": false,
            "value_change": 0.0,
            "new_health": 0.57
          },
          "death": false
        }
      },
      "events": {
        "1200": [
          {
            "topic": "birth",
            "year": 1200
          },
          {
            "topic": "new relationship",
            "key": 13196,
            "people": [
              12070,
              13195
            ],
            "people names": [
              "Winrechus Riken",
              "Hollander Riken"
            ],
            "people ages": [
              44,
              0
            ],
            "label": "parentchild",
            "committed": false
          },
          {
            "topic": "new relationship",
            "key": 13197,
            "people": [
              12071,
              13195
            ],
            "people names": [
              "Badeloghen",
              "Hollander Riken"
            ],
            "people ages": [
              23,
              0
            ],
            "label": "parentchild",
            "committed": false
          }
        ],
        "1201": [
          {
            "topic": "update",
            "update": "new friendship label",
            "relationship label": "parentchild",
            "friendship label": "indifferent",
            "relationship": 13197
          },
          {
            "topic": "new relationship",
            "key": 16425,
            "people": [
              13195,
              16422
            ],
            "people names": [
              "Hollander Riken",
              "Brundonis Riken"
            ],
            "people ages": [
              1,
              0
            ],
            "label": "sibling",
            "committed": false
          }
        ],
        "1202": [
          {
            "topic": "update",
            "update": "new friendship label",
            "relationship label": "parentchild",
            "friendship label": "indifferent",
            "relationship": 13196
          }
        ],
        "1204": [
          {
            "topic": "person died",
            "person": {
              "key": 12070,
              "name": "Winrechus Riken",
              "age": 49,
              "alive": false,
              "sex": "m",
              "parents": "firstgen"
            },
            "cause": "illness",
            "friendship label": "indifferent",
            "label": "parent"
          }
        ],
        "1205": [
          {
            "topic": "update",
            "update": "new friendship label",
            "relationship label": "parentchild",
            "friendship label": "friend",
            "relationship": 13197
          },
          {
            "topic": "not enough income",
            "income": 0,
            "inhabitants": [
              13195
            ]
          }
        ],
        "1206": [
          {
            "topic": "update",
            "update": "new friendship label",
            "relationship label": "sibling",
            "friendship label": "friend",
            "relationship": 16425
          },
          {
            "topic": "not enough income",
            "income": 0,
            "inhabitants": [
              13195
            ]
          }
        ],
        "1207": [
          {
            "topic": "not enough income",
            "income": 0,
            "inhabitants": [
              13195
            ]
          }
        ],
        "1208": [
          {
            "topic": "event",
            "event": "faction upheaval",
            "faction": "No religion",
            "year": 1208
          },
          {
            "topic": "update",
            "update": "new friendship label",
            "relationship label": "sibling",
            "friendship label": "friend",
            "relationship": 16425
          },
          {
            "topic": "not enough income",
            "income": 0,
            "inhabitants": [
              13195
            ]
          }
        ],
        "1209": [
          {
            "topic": "not enough income",
            "income": 0,
            "inhabitants": [
              13195
            ]
          }
        ],
        "1210": [
          {
            "topic": "not enough income",
            "income": 0,
            "inhabitants": [
              13195
            ]
          }
        ],
        "1211": [
          {
            "topic": "update",
            "update": "new friendship label",
            "relationship label": "sibling",
            "friendship label": "good friend",
            "relationship": 16425
          },
          {
            "topic": "not enough income",
            "income": 0,
            "inhabitants": [
              13195
            ]
          }
        ],
        "1212": [
          {
            "topic": "not enough income",
            "income": 0,
            "inhabitants": [
              13195
            ]
          }
        ],
        "1213": [
          {
            "topic": "update",
            "update": "new friendship label",
            "relationship label": "parentchild",
            "friendship label": "indifferent",