{
  "13219": {
    "alive": false,
    "name": "Sywi",
    "surname": "Criec",
    "full name": "Sywi Criec",
    "born this way": {
      "sexuality label": "straight",
      "sexuality": 0.023,
      "romantic interest": 0.788,
      "sex interest": 0.447,
      "gender expression": 0.107,
      "sex": "f"
    },
    "age": 50,
    "birth year": 1200,
    "sex": "f",
    "faction": "Dogmatists",
    "income class": [
      4,
      "nobility"
    ],
    "personality": {
      "lawful-chaotic": 0.999,
      "nice-nasty": 0.437,
      "honest-false": 0.766
    },
    "attitude": {
      "outgoing": 0.627,
      "dream": 0.413
    },
    "homsoc": {
      "means": {
        "independent": true,
        "taken_care_of": false,
        "caretaker": true,
        "needs_care": false,
        "flags": []
      },
      "expression": {
        "sexuality expression": 0.013,
        "gender expression expression": 0.035
      }
    },
    "network": {
      "parents": {
        "mother": "Clara (12401)",
        "father": "Ghiselijn (12400)"
      },
      "children": {},
      "relationship keys": {
        "parent": [
          13220,
          13221
        ],
        "sibling": [
          15705,
          16581,
          17940,
          18468,
          19684,
          20499,
          20832
        ],
        "nibling": [
          30202
        ],
        "spouse": [
          40314,
          47060
        ]
      }
    },
    "occupation": {
      "has job": true,
      "income class": [
        4,
        "nobility"
      ],
      "income": 1.5990000000000002,
      "all_incomes": [
        0.999,
        1.078,
        1.2670000000000001,
        1.3290000000000002,
        1.425,
        1.5490000000000002,
        1.5990000000000002,
        1.5990000000000002,
        1.5990000000000002,
        1.5990000000000002,
        1.5990000000000002,
        1.5990000000000002,
        1.5990000000000002,
        1.5990000000000002,
        1.5990000000000002,
        1.5990000000000002,
        1.5990000000000002,
        1.5990000000000002,
        1.5990000000000002,
        1.5990000000000002
      ],
      "job": {
        "lawful": true,
        "honest": true
      }
    },
    "genetics": {
      "skin_color": 6,
      "eye_color": "brown",
      "hair_color": "brown",
      "hair_color_code": 2,
      "hair_type": [
        "C",
        "C"
      ],
      "health": 0.784,
      "fertility": 0.812,
      "communication_impaired": false,
      "mobility_impaired": false,
      "cognitive_impaired": false,
      "disabilities": []
    },
    "memory": {
      "health": {
        "1201": {
          "health": {
            "change": false,
            "value_change": 0.0,
            "new_health": 0.784
          },
          "death": false
        },
        "1250": {
          "health": {
            "change": false,
            "value_change": 0.0,
            "new_health": 0.784
          },
          "death": true
        }
      },
      "events": {
        "1200": [
          {
            "topic": "new home",
            "home": {
              "income class": 4,
              "income class label": "nobility",
              "section": "stOp Havick1.se1.c4",
              "street": "Op Havick1",
              "neighborhood": "cingelnoord",
              "unique id": 842
            }
          }
        ],
        "1201": [
          {
            "topic": "event",
            "event": "plague",
            "year": 1201
          }
        ],
        "1203": [
          {
            "topic": "new relationship",
            "key": 15705,
            "people": [
              13219,
              15702
            ],
            "people names": [
              "Sywi Criec",
              "Machtilden Criec"
            ],
            "people ages": [
              3,
              0
            ],
            "label": "sibling",
            "committed": false
          }
        ],
        "1204": [
          {
            "topic": "new relationship",
            "key": 16581,
            "people": [
              13219,
              16578
            ],
            "people names": [
              "Sywi Criec",
              "Reymar Criec"
            ],
            "people ages": [
              4,
              0
            ],
            "label": "sibling",
            "committed": false
          }
        ],
        "1206": [
          {
            "topic": "update",
            "update": "new friendship label",
            "relationship label": "sibling",
            "friendship label": "enemy",
            "relationship": 15705
          },
          {
            "topic": "new relationship",
            "key": 17940,
            "people": [
              13219,
              17937
            ],
            "people names": [
              "Sywi Criec",
              "Gerburgis Criec"
            ],
            "people ages": [
              6,
              0
            ],
            "label": "sibling",
            "committed": false
          }
        ],
        "1207": [
          {
            "topic": "new relationship",
            "key": 18468,
            "people": [
              13219,
              18465
            ],
            "people names": [
              "Sywi Criec",
              "Bernardus Criec"
            ],
            "people ages": [
              7,
              0
            ],
            "label": "sibling",
            "committed": false
          }
        ],
        "1208": [
          {
            "topic": "update",
            "update": "new friendship label",
            "relationship label": "parentchild",
            "friendship label": "disliked",
            "relationship": 13221
          }
        ],
        "1209": [
          {
            "topic": "update",
            "update": "new friendship label",
            "relationship label": "parentchild",
            "friendship label": "disliked",
            "relationship": 13221
          },
          {
            "topic": "new relationship",
            "key": 19684,
            "people": [
              13219,
              19681
            ],
            "people names": [
              "Sywi Criec",
              "Bertoldus Criec"
            ],
            "people ages": [
              8,
              0
            ],
            "label": "sibling",
            "committed": false
          }
        ],
        "1210": [
          {
            "topic": "new relationship",
            "key": 20499,
            "people": [
              13219,
              20496
            ],
            "people names": [
              "Sywi Criec",
              "Maelkin"
            ],
            "people ages": [
              10,
              0
            ],
            "label": "sibling",
            "committed": false
          }
        ],
        "1211": [
          {
            "topic": "new relationship",
            "key": 20832,
            "people": [
              13219,
              20829
            ],
            "people names": [
              "Sywi Criec",
              "Aleydis Criec"
            ],
            "people ages": [
              10,
              0
            ],
            "label": "sibling",
            "committed": false
          }
        ],
        "1212": [
          {
            "topic": "update",
            "update": "new friendship label",
            "relationship label": "sibling",
            "friendship label": "indifferent",
            "relationship": 16581
          }
        ],
        "1213": [
          {
            "topic": "update",
            "update": "new friendship label",
            "relationship label": "sibling",
            "friendship label": "indifferent",
            "relationship": 17940
          },
          {
            "topic": "person died",
            "person": {
              "key": 12401,
              "name": "Clara Coquus",
              "age": 34,