{
  "13243": {
    "alive": true,
    "name": "Clara",
    "surname": "",
    "full name": "Clara",
    "born this way": {
      "sexuality label": "straight",
      "sexuality": 0.046,
      "romantic interest": 0.574,
      "sex interest": 0.575,
      "gender expression": 0.0,
      "sex": "f"
    },
    "age": 49,
    "birth year": 1200,
    "sex": "f",
    "faction": "Dogmatists",
    "income class": [
      3,
      "upper middle class"
    ],
    "personality": {
      "lawful-chaotic": 0.474,
      "nice-nasty": 0.152,
      "honest-false": 0.545,
      "dream": 0.724,
      "outgoing": 0.12
    },
    "attitude": {
      "dream": 0.724,
      "outgoing": 0.12
    },
    "homsoc": {
      "means": {
        "independent": true,
        "taken_care_of": false,
        "caretaker": true,
        "needs_care": false,
        "flags": []
      },
      "expression": {
        "sexuality expression": 0.033,
        "gender expression expression": -0.001
      }
    },
    "network": {
      "parents": {
        "mother": "Aleberna (11954)",
        "father": "Alem (11953)"
      },
      "children": {},
      "relationship keys": {
        "parent": [
          13244,
          13245
        ],
        "sibling": [
          15877,
          17574,
          22264
        ],
        "unrelated": [
          20679
        ],
        "half-sibling": [
          34313,
          35823,
          37451,
          38717
        ]
      }
    },
    "occupation": {
      "has job": true,
      "income class": [
        3,
        "upper middle class"
      ],
      "income": 1.474,
      "all_incomes": [
        1.031,
        1.118,
        1.236,
        1.254,
        1.303,
        1.343,
        1.4040000000000001,
        1.419,
        1.476,
        1.5490000000000002,
        1.5230000000000001,
        1.53,
        1.5490000000000002,
        1.534,
        1.5490000000000002,
        1.5490000000000002,
        1.5490000000000002,
        1.5490000000000002,
        1.5490000000000002,
        1.5490000000000002,
        1.5490000000000002,
        1.5490000000000002,
        1.5490000000000002,
        1.487,
        1.476,
        1.474
      ],
      "job": {
        "lawful": true,
        "honest": true
      }
    },
    "genetics": {
      "skin_color": 5,
      "eye_color": "blue",
      "hair_color": "dark brown",
      "hair_color_code": 1,
      "hair_type": [
        "S",
        "S"
      ],
      "health": 0.779,
      "fertility": 0.769,
      "communication_impaired": false,
      "mobility_impaired": false,
      "cognitive_impaired": false,
      "disabilities": []
    },
    "memory": {
      "health": {
        "1201": {
          "health": {
            "change": false,
            "value_change": 0.0,
            "new_health": 0.779
          },
          "death": false
        }
      },
      "events": {
        "1200": [
          {
            "topic": "birth",
            "year": 1200
          },
          {
            "topic": "new relationship",
            "key": 13244,
            "people": [
              11953,
              13243
            ],
            "people names": [
              "Alem",
              "Clara"
            ],
            "people ages": [
              29,
              0
            ],
            "label": "parentchild",
            "committed": false
          },
          {
            "topic": "new relationship",
            "key": 13245,
            "people": [
              11954,
              13243
            ],
            "people names": [
              "Aleberna Colsebyle",
              "Clara"
            ],
            "people ages": [
              17,
              0
            ],
            "label": "parentchild",
            "committed": false
          }
        ],
        "1201": [
          {
            "topic": "new relationship",
            "key": 15877,
            "people": [
              13243,
              15874
            ],
            "people names": [
              "Clara",
              "Breghtgherus Alemszoon"
            ],
            "people ages": [
              0,
              0
            ],
            "label": "sibling",
            "committed": false
          }
        ],
        "1202": [
          {
            "topic": "new relationship",
            "key": 17574,
            "people": [
              13243,
              17571
            ],
            "people names": [
              "Clara",
              "Amalburga"
            ],
            "people ages": [
              2,
              0
            ],
            "label": "sibling",
            "committed": false
          }
        ],
        "1203": [
          {
            "topic": "new relationship",
            "key": 20679,
            "people": [
              13243,
              14053
            ],
            "people names": [
              "Clara",
              "Scilla Stippekender"
            ],
            "people ages": [
              3,
              3
            ],
            "label": "unrelated",
            "committed": false
          }
        ],
        "1204": [
          {
            "topic": "update",
            "update": "new friendship label",
            "relationship label": "parentchild",
            "friendship label": "friend",
            "relationship": 13245
          },
          {
            "topic": "update",
            "update": "new friendship label",
            "relationship label": "parentchild",
            "friendship label": "indifferent",
            "relationship": 13244
          },
          {
            "topic": "new relationship",
            "key": 22264,
            "people": [
              13243,
              22261
            ],
            "people names": [
              "Clara",
              "Huwardo van Aleberna"
            ],
            "people ages": [
              3,
              0
            ],
            "label": "sibling",
            "committed": false
          },
          {
            "topic": "person died",
            "person": {
              "key": 11954,
              "name": "Aleberna Colsebyle",
              "age": 22,
              "alive": false,
              "sex": "f",
              "parents": "firstgen"
            },
            "cause": "illness",
            "friendship label": "friend",
            "label": "parent"
          }
        ],
        "1208": [
          {
            "topic": "event",
            "event": "faction upheaval",
            "faction": "No religion",
            "year": 1208
          }
        ],
        "1209": [
          {
            "topic": "update",
            "update": "parent married",
            "parent": 11953,
            "new partner": 11699
          }
        ],
        "1210": [
          {
            "topic": "new relationship",
            "key": 34313,
            "people": [
              13243,
              33055
            ],
            "people names": [
              "Clara",
              "Winrechus Alemszoon"
            ],
            "people ages": [
              10,
              0
            ],
            "label": "half-sibling",
            "committed": false
          }
        ],
        "1211": [
          {
            "topic": "update",
            "update": "new friendship label",
            "relationship label": "sibling",
            "friendship label": "indifferent",
            "relationship": 15877
          },
          {
            "topic": "person died",
            "person": {
              "key": 33055,
              "name": "Winrechus Alemszoon",
              "age": 1,
              "alive": false,
              "sex": "m",
              "parents": {
                "mother": "Beatrice (11699)",
                "father": "Alem (11953)"
              }
            },
            "cause": "childhood illness",
            "friendship label": "indifferent",