{
  "13309": {
    "alive": true,
    "name": "Rabburgis",
    "surname": "van Everdey",
    "full name": "Rabburgis van Everdey",
    "born this way": {
      "sexuality label": "straight",
      "sexuality": 0.078,
      "romantic interest": 0.629,
      "sex interest": 0.65,
      "gender expression": 0.02,
      "sex": "f"
    },
    "age": 49,
    "birth year": 1200,
    "sex": "f",
    "faction": "Zealots",
    "income class": [
      3,
      "upper middle class"
    ],
    "personality": {
      "lawful-chaotic": 0.318,
      "nice-nasty": 0.577,
      "honest-false": 0.358,
      "dream": 0.12,
      "outgoing": 0.317
    },
    "attitude": {
      "dream": 0.12,
      "outgoing": 0.317
    },
    "homsoc": {
      "means": {
        "independent": true,
        "taken_care_of": false,
        "caretaker": true,
        "needs_care": false,
        "flags": [
          "starving"
        ]
      },
      "expression": {
        "sexuality expression": 0.044,
        "gender expression expression": 0.009
      }
    },
    "network": {
      "parents": {
        "mother": "Woltwigis (11762)",
        "father": "Everdey (11761)"
      },
      "children": {},
      "relationship keys": {
        "parent": [
          13310,
          13311
        ],
        "sibling": [
          15520,
          20612,
          21581,
          25289,
          29647,
          31037
        ],
        "unrelated": [
          41436
        ]
      }
    },
    "occupation": {
      "has job": true,
      "income class": [
        3,
        "upper middle class"
      ],
      "income": 1.4080000000000001,
      "all_incomes": [
        0.703,
        0.757,
        0.762,
        0.9770000000000001,
        1.095,
        1.109,
        1.296,
        1.461,
        1.445,
        1.5490000000000002,
        1.5490000000000002,
        1.5490000000000002,
        1.5490000000000002,
        1.5490000000000002,
        1.303,
        1.308,
        1.5490000000000002,
        1.364,
        1.5490000000000002,
        1.5490000000000002,
        1.216,
        1.1520000000000001,
        1.359,
        1.4080000000000001
      ],
      "job": {
        "lawful": true,
        "honest": false
      }
    },
    "genetics": {
      "skin_color": 5,
      "eye_color": "blue",
      "hair_color": "dark brown",
      "hair_color_code": 1,
      "hair_type": [
        "C",
        "S"
      ],
      "health": 0.479,
      "fertility": 0.724,
      "communication_impaired": false,
      "mobility_impaired": false,
      "cognitive_impaired": false,
      "disabilities": []
    },
    "memory": {
      "health": {
        "1201": {
          "health": {
            "change": false,
            "value_change": 0.0,
            "new_health": 0.721
          },
          "death": false
        },
        "1218": {
          "health": {
            "change": true,
            "value_change": -0.242,
            "new_health": 0.479
          },
          "death": false
        },
        "1219": {
          "health": {
            "change": false,
            "value_change": 0.0,
            "new_health": 0.479
          },
          "death": false
        }
      },
      "events": {
        "1200": [
          {
            "topic": "birth",
            "year": 1200
          },
          {
            "topic": "new relationship",
            "key": 13310,
            "people": [
              11761,
              13309
            ],
            "people names": [
              "Everdey",
              "Rabburgis van Everdey"
            ],
            "people ages": [
              34,
              0
            ],
            "label": "parentchild",
            "committed": false
          },
          {
            "topic": "new relationship",
            "key": 13311,
            "people": [
              11762,
              13309
            ],
            "people names": [
              "Woltwigis Niger",
              "Rabburgis van Everdey"
            ],
            "people ages": [
              20,
              0
            ],
            "label": "parentchild",
            "committed": false
          }
        ],
        "1201": [
          {
            "topic": "new relationship",
            "key": 15520,
            "people": [
              13309,
              15517
            ],
            "people names": [
              "Rabburgis van Everdey",
              "Arnoud"
            ],
            "people ages": [
              1,
              0
            ],
            "label": "sibling",
            "committed": false
          }
        ],
        "1202": [
          {
            "topic": "person died",
            "person": {
              "key": 15517,
              "name": "Arnoud",
              "age": 1,
              "alive": false,
              "sex": "m",
              "parents": {
                "mother": "Woltwigis (11762)",
                "father": "Everdey (11761)"
              }
            },
            "cause": "childhood illness",
            "friendship label": "friend",
            "label": "sibling"
          }
        ],
        "1203": [
          {
            "topic": "new relationship",
            "key": 20612,
            "people": [
              13309,
              20609
            ],
            "people names": [
              "Rabburgis van Everdey",
              "Heylewigis Everdeysdochter"
            ],
            "people ages": [
              3,
              0
            ],
            "label": "sibling",
            "committed": false
          }
        ],
        "1204": [
          {
            "topic": "new relationship",
            "key": 21581,
            "people": [
              13309,
              21578
            ],
            "people names": [
              "Rabburgis van Everdey",
              "Hildegardis Everdeysdochter"
            ],
            "people ages": [
              4,
              0
            ],
            "label": "sibling",
            "committed": false
          },
          {
            "topic": "person died",
            "person": {
              "key": 20609,
              "name": "Heylewigis Everdeysdochter",
              "age": 1,
              "alive": false,
              "sex": "f",
              "parents": {
                "mother": "Woltwigis (11762)",
                "father": "Everdey (11761)"
              }
            },
            "cause": "childbirth",
            "friendship label": "indifferent",
            "label": "sibling"
          }
        ],
        "1206": [
          {
            "topic": "new relationship",
            "key": 25289,
            "people": [
              13309,
              25286
            ],
            "people names": [
              "Rabburgis van Everdey",
              "Aghete Everdeysdochter"
            ],
            "people ages": [
              5,
              0
            ],
            "label": "sibling",
            "committed": false
          }
        ],
        "1208": [
          {
            "topic": "new relationship",
            "key": 29647,
            "people": [
              13309,
              29644
            ],
            "people names": [
              "Rabburgis van Everdey",
              "Passelin van Everdey"
            ],
            "people ages": [
              8,
              0
            ],
            "label": "sibling",
            "committed": false
          }
        ],
        "1209": [
          {
            "topic": "new relationship",
            "key": 31037,
            "people": [
              13309,
              31034
            ],
            "people names": [
              "Rabburgis van Everdey",
              "Willem van Everdey"
            ],
            "people ages": [
              8,
              0
            ],
            "label": "sibling",