{
  "13375": {
    "alive": true,
    "name": "Wilmarus",
    "surname": "Hoghen",
    "full name": "Wilmarus Hoghen",
    "born this way": {
      "sexuality label": "straight",
      "sexuality": 0.078,
      "romantic interest": 0.79,
      "sex interest": 0.611,
      "gender expression": 0.143,
      "sex": "m"
    },
    "age": 49,
    "birth year": 1200,
    "sex": "m",
    "faction": "Dogmatists",
    "income class": [
      3,
      "upper middle class"
    ],
    "personality": {
      "lawful-chaotic": 0.441,
      "nice-nasty": 0.557,
      "honest-false": 0.864,
      "dream": 0.439,
      "outgoing": 0.737
    },
    "attitude": {
      "dream": 0.439,
      "outgoing": 0.737
    },
    "homsoc": {
      "means": {
        "independent": true,
        "taken_care_of": false,
        "caretaker": true,
        "needs_care": false,
        "flags": [
          "starving"
        ]
      },
      "expression": {
        "sexuality expression": 0.051,
        "gender expression expression": 0.0
      }
    },
    "network": {
      "parents": {
        "mother": "Mabelie (11591)",
        "father": "Lutbrandus (11590)"
      },
      "children": {},
      "relationship keys": {
        "parent": [
          13376,
          13377
        ],
        "sibling": [
          16090
        ],
        "unrelated": [
          32553,
          64366,
          67887,
          77434
        ]
      }
    },
    "occupation": {
      "has job": true,
      "income class": [
        3,
        "upper middle class"
      ],
      "income": 1.528,
      "all_incomes": [
        1.145,
        1.049,
        1.129,
        1.24,
        1.2530000000000001,
        1.2690000000000001,
        1.226,
        1.32,
        1.374,
        1.354,
        1.328,
        1.433,
        1.48,
        1.452,
        1.5490000000000002,
        1.5490000000000002,
        1.5490000000000002,
        1.5490000000000002,
        1.5490000000000002,
        1.5490000000000002,
        1.5490000000000002,
        1.5490000000000002,
        1.3960000000000001,
        1.344,
        1.5490000000000002,
        1.5490000000000002,
        1.5490000000000002,
        1.242,
        1.546,
        1.5490000000000002,
        1.344,
        1.532,
        1.5490000000000002,
        1.528
      ],
      "job": {
        "lawful": false,
        "honest": true
      }
    },
    "genetics": {
      "skin_color": 2,
      "eye_color": "brown",
      "hair_color": "black",
      "hair_color_code": 0,
      "hair_type": [
        "C",
        "S"
      ],
      "health": 0.808,
      "fertility": 0.836,
      "communication_impaired": false,
      "mobility_impaired": false,
      "cognitive_impaired": false,
      "disabilities": []
    },
    "memory": {
      "health": {
        "1201": {
          "health": {
            "change": false,
            "value_change": 0.0,
            "new_health": 0.808
          },
          "death": false
        }
      },
      "events": {
        "1200": [
          {
            "topic": "birth",
            "year": 1200
          },
          {
            "topic": "new relationship",
            "key": 13376,
            "people": [
              11590,
              13375
            ],
            "people names": [
              "Lutbrandus Hoghen",
              "Wilmarus Hoghen"
            ],
            "people ages": [
              42,
              0
            ],
            "label": "parentchild",
            "committed": false
          },
          {
            "topic": "new relationship",
            "key": 13377,
            "people": [
              11591,
              13375
            ],
            "people names": [
              "Mabelie Riken",
              "Wilmarus Hoghen"
            ],
            "people ages": [
              16,
              0
            ],
            "label": "parentchild",
            "committed": false
          }
        ],
        "1201": [
          {
            "topic": "new relationship",
            "key": 16090,
            "people": [
              13375,
              16087
            ],
            "people names": [
              "Wilmarus Hoghen",
              "Meinoldo Hoghen"
            ],
            "people ages": [
              0,
              0
            ],
            "label": "sibling",
            "committed": false
          },
          {
            "topic": "update",
            "update": "new friendship label",
            "relationship label": "parentchild",
            "friendship label": "indifferent",
            "relationship": 13376
          },
          {
            "topic": "person died",
            "person": {
              "key": 11590,
              "name": "Lutbrandus Hoghen",
              "age": 44,
              "alive": false,
              "sex": "m",
              "parents": "firstgen"
            },
            "cause": "illness",
            "friendship label": "indifferent",
            "label": "parent"
          }
        ],
        "1202": [
          {
            "topic": "not enough income",
            "income": 0,
            "inhabitants": [
              13375
            ]
          }
        ],
        "1206": [
          {
            "topic": "update",
            "update": "new friendship label",
            "relationship label": "parentchild",
            "friendship label": "good friend",
            "relationship": 13377
          }
        ],
        "1208": [
          {
            "topic": "event",
            "event": "faction upheaval",
            "faction": "No religion",
            "year": 1208
          },
          {
            "topic": "update",
            "update": "new friendship label",
            "relationship label": "parentchild",
            "friendship label": "indifferent",
            "relationship": 13377
          }
        ],
        "1209": [
          {
            "topic": "new relationship",
            "key": 32553,
            "people": [
              14191,
              13375
            ],
            "people names": [
              "Iris Geykonissdochter",
              "Wilmarus Hoghen"
            ],
            "people ages": [
              9,
              9
            ],
            "label": "unrelated",
            "committed": false
          }
        ],
        "1210": [
          {
            "topic": "update",
            "update": "new friendship label",
            "relationship label": "sibling",
            "friendship label": "indifferent",
            "relationship": 16090
          }
        ],
        "1211": [
          {
            "topic": "update",
            "update": "new friendship label",
            "relationship label": "unrelated",
            "friendship label": "friend",
            "relationship": 32553
          }
        ],
        "1213": [
          {
            "topic": "person died",
            "person": {
              "key": 11591,
              "name": "Mabelie Riken",
              "age": 30,
              "alive": false,
              "sex": "f",
              "parents": "firstgen"
            },
            "cause": "illness",
            "friendship label": "indifferent",
            "label": "parent"
          }
        ],
        "1214": [
          {
            "topic": "not enough income",
            "income": 0,
            "inhabitants": [
              13375
            ]
          }
        ],
        "1215": [
          {
            "topic": "event",
            "event": "plague",
            "year": 1215
          },
          {
            "topic": "personality change",
            "change": true,
            "trait": "honest-false",
            "trigger": "trauma",
            "mod": -0.049
          },
          {
            "topic": "not enough income",
            "income": 0,
            "inhabitants": [
              13375
            ]
          }
        ],