{
  "13420": {
    "alive": false,
    "name": "Moys",
    "surname": "Dodoszoon",
    "full name": "Moys Dodoszoon",
    "born this way": {
      "sexuality label": "straight",
      "sexuality": 0.126,
      "romantic interest": 0.658,
      "sex interest": 0.807,
      "gender expression": 0.093,
      "sex": "m"
    },
    "age": 54,
    "birth year": 1200,
    "sex": "m",
    "faction": "Dogmatists",
    "income class": [
      3,
      "upper middle class"
    ],
    "personality": {
      "lawful-chaotic": 0.974,
      "nice-nasty": 0.938,
      "honest-false": 0.057
    },
    "attitude": {
      "outgoing": 0.486,
      "dream": 0.0
    },
    "homsoc": {
      "means": {
        "independent": true,
        "taken_care_of": false,
        "caretaker": true,
        "needs_care": false,
        "flags": [
          "starving"
        ]
      },
      "expression": {
        "sexuality expression": 0.089,
        "gender expression expression": 0.059
      }
    },
    "network": {
      "parents": {
        "mother": "Gertrudis (11879)",
        "father": "Dodo (11878)"
      },
      "children": {},
      "relationship keys": {
        "parent": [
          13421,
          13422
        ],
        "sibling": [
          14783,
          15248,
          16365
        ],
        "spouse": [
          35113
        ]
      }
    },
    "occupation": {
      "has job": true,
      "income class": [
        3,
        "upper middle class"
      ],
      "income": 1.097,
      "all_incomes": [
        0.929,
        0.744,
        0.811,
        0.797,
        0.665,
        0.809,
        0.922,
        0.9500000000000001,
        0.8470000000000001,
        0.785,
        0.9750000000000001,
        0.8180000000000001,
        0.8,
        0.8570000000000001,
        1.059,
        1.434,
        1.373,
        1.301,
        1.5490000000000002,
        1.426,
        1.336,
        1.493,
        1.236,
        1.5490000000000002,
        1.542,
        1.455,
        1.49,
        1.3920000000000001,
        1.482,
        1.2770000000000001,
        1.5490000000000002,
        1.5490000000000002,
        1.5490000000000002,
        1.5490000000000002,
        1.534,
        1.276,
        1.097
      ],
      "job": {
        "lawful": true,
        "honest": false
      }
    },
    "genetics": {
      "skin_color": 4,
      "eye_color": "green",
      "hair_color": "black",
      "hair_color_code": 0,
      "hair_type": [
        "C",
        "C"
      ],
      "health": 0.005,
      "fertility": 0.613,
      "communication_impaired": false,
      "mobility_impaired": false,
      "cognitive_impaired": false,
      "disabilities": []
    },
    "memory": {
      "health": {
        "1201": {
          "health": {
            "change": false,
            "value_change": 0.0,
            "new_health": 0.623
          },
          "death": false
        },
        "1251": {
          "health": {
            "change": true,
            "value_change": -0.216,
            "new_health": 0.407
          },
          "death": false
        },
        "1252": {
          "health": {
            "change": true,
            "value_change": -0.296,
            "new_health": 0.111
          },
          "death": false
        },
        "1253": {
          "health": {
            "change": true,
            "value_change": -0.075,
            "new_health": 0.036
          },
          "death": false
        },
        "1254": {
          "health": {
            "change": true,
            "value_change": -0.031,
            "new_health": 0.005
          },
          "death": false
        }
      },
      "events": {
        "1200": [
          {
            "topic": "new home",
            "home": {
              "income class": 3,
              "income class label": "upper middle class",
              "section": "stMuurhuysen1.se1.c3",
              "street": "Muurhuysen1",
              "neighborhood": "cingelzuid",
              "unique id": 659
            }
          }
        ],
        "1201": [
          {
            "topic": "event",
            "event": "plague",
            "year": 1201
          }
        ],
        "1202": [
          {
            "topic": "new relationship",
            "key": 14783,
            "people": [
              13420,
              14780
            ],
            "people names": [
              "Moys Dodoszoon",
              "Katerina Spiegel"
            ],
            "people ages": [
              2,
              0
            ],
            "label": "sibling",
            "committed": false
          },
          {
            "topic": "update",
            "update": "new friendship label",
            "relationship label": "parentchild",
            "friendship label": "indifferent",
            "relationship": 13422
          }
        ],
        "1203": [
          {
            "topic": "new relationship",
            "key": 15248,
            "people": [
              13420,
              15245
            ],
            "people names": [
              "Moys Dodoszoon",
              "Wederic Spiegel"
            ],
            "people ages": [
              2,
              0
            ],
            "label": "sibling",
            "committed": false
          }
        ],
        "1204": [
          {
            "topic": "new relationship",
            "key": 16365,
            "people": [
              13420,
              16362
            ],
            "people names": [
              "Moys Dodoszoon",
              "Agota Spiegel"
            ],
            "people ages": [
              3,
              0
            ],
            "label": "sibling",
            "committed": false
          }
        ],
        "1205": [
          {
            "topic": "update",
            "update": "new friendship label",
            "relationship label": "sibling",
            "friendship label": "indifferent",
            "relationship": 15248
          }
        ],
        "1208": [
          {
            "topic": "person died",
            "person": {
              "key": 11878,
              "name": "Dodo Spiegel",
              "age": 54,
              "alive": false,
              "sex": "m",
              "parents": "firstgen"
            },
            "cause": "sickness",
            "label": "parent"
          },
          {
            "topic": "person died",
            "person": {
              "key": 11879,
              "name": "Gertrudis Colueken",
              "age": 39,
              "alive": false,
              "sex": "f",
              "parents": "firstgen"
            },
            "cause": "illness",
            "label": "parent"
          }
        ],
        "1209": [
          {
            "topic": "not enough income",
            "income": 0,
            "inhabitants": []
          }
        ],
        "1210": [
          {
            "topic": "not enough income",
            "income": 0,
            "inhabitants": []
          }
        ],
        "1211": [
          {
            "topic": "not enough income",
            "income": 0,
            "inhabitants": []
          }
        ],
        "1212": [
          {
            "topic": "not enough income",
            "income": 0,
            "inhabitants": []
          }
        ],
        "1213": [
          {
            "topic": "not enough income",
            "income": 0,
            "inhabitants": []
          }
        ],
        "1214": [
          {
            "topic": "not enough income",
            "income": 0,
            "inhabitants": []
          },
          {
            "topic": "person died",
            "person": {
              "key": 14780,
              "name": "Katerina Spiegel",
              "age": 12,
              "alive": false,
              "sex": "f",
              "parents": {
                "mother": "Gertrudis (11879)",