{
  "13438": {
    "alive": false,
    "name": "Marie",
    "surname": "Cauwen",
    "full name": "Marie Cauwen",
    "born this way": {
      "sexuality label": "straight",
      "sexuality": 0.048,
      "romantic interest": 0.708,
      "sex interest": 0.653,
      "gender expression": 0.139,
      "sex": "f"
    },
    "age": 52,
    "birth year": 1200,
    "sex": "f",
    "faction": "Dogmatists",
    "income class": [
      4,
      "nobility"
    ],
    "personality": {
      "lawful-chaotic": 0.155,
      "nice-nasty": 0.581,
      "honest-false": 0.573
    },
    "attitude": {
      "outgoing": 0.361,
      "dream": 0.442
    },
    "homsoc": {
      "means": {
        "independent": true,
        "taken_care_of": false,
        "caretaker": true,
        "needs_care": false,
        "flags": []
      },
      "expression": {
        "sexuality expression": 0.023,
        "gender expression expression": 0.048
      }
    },
    "network": {
      "parents": {
        "mother": "Scilla (12290)",
        "father": "Didderic (12289)"
      },
      "children": {},
      "relationship keys": {
        "parent": [
          13439,
          13440
        ],
        "sibling": [
          15882
        ]
      }
    },
    "occupation": {
      "has job": true,
      "income class": [
        4,
        "nobility"
      ],
      "income": 1.5990000000000002,
      "all_incomes": [
        0.934,
        1.175,
        1.4060000000000001,
        1.5190000000000001,
        1.5990000000000002,
        1.5990000000000002,
        1.5990000000000002,
        1.314,
        1.5030000000000001,
        1.3290000000000002,
        1.403,
        1.344,
        1.385,
        1.403,
        1.5990000000000002,
        1.5990000000000002,
        1.5990000000000002,
        1.5990000000000002,
        1.5990000000000002,
        1.5990000000000002,
        1.4040000000000001,
        1.5830000000000002,
        1.5990000000000002,
        1.5990000000000002,
        1.5990000000000002,
        1.5990000000000002,
        1.5990000000000002,
        1.5990000000000002,
        1.5990000000000002,
        1.5990000000000002
      ],
      "job": {
        "lawful": false,
        "honest": true
      }
    },
    "genetics": {
      "skin_color": 9,
      "eye_color": "brown",
      "hair_color": "black",
      "hair_color_code": 0,
      "hair_type": [
        "C",
        "C"
      ],
      "health": 0.157,
      "fertility": 0.562,
      "communication_impaired": false,
      "mobility_impaired": false,
      "cognitive_impaired": false,
      "disabilities": []
    },
    "memory": {
      "health": {
        "1201": {
          "health": {
            "change": false,
            "value_change": 0.0,
            "new_health": 0.625
          },
          "death": false
        },
        "1251": {
          "health": {
            "change": true,
            "value_change": -0.239,
            "new_health": 0.386
          },
          "death": false
        },
        "1252": {
          "health": {
            "change": true,
            "value_change": -0.229,
            "new_health": 0.157
          },
          "death": true
        }
      },
      "events": {
        "1200": [
          {
            "topic": "new home",
            "home": {
              "income class": 4,
              "income class label": "nobility",
              "section": "stMuurhuysen2.se1.c4",
              "street": "Muurhuysen2",
              "neighborhood": "cingelnoord",
              "unique id": 802
            }
          }
        ],
        "1201": [
          {
            "topic": "event",
            "event": "plague",
            "year": 1201
          }
        ],
        "1203": [
          {
            "topic": "new relationship",
            "key": 15882,
            "people": [
              13438,
              15879
            ],
            "people names": [
              "Marie Cauwen",
              "Arnoud Cauwen"
            ],
            "people ages": [
              3,
              0
            ],
            "label": "sibling",
            "committed": false
          },
          {
            "topic": "person died",
            "person": {
              "key": 12290,
              "name": "Scilla",
              "age": 20,
              "alive": false,
              "sex": "f",
              "parents": "firstgen"
            },
            "cause": "illness",
            "label": "parent"
          }
        ],
        "1204": [
          {
            "topic": "update",
            "update": "new friendship label",
            "relationship label": "sibling",
            "friendship label": "indifferent",
            "relationship": 15882
          }
        ],
        "1205": [
          {
            "topic": "update",
            "update": "new friendship label",
            "relationship label": "sibling",
            "friendship label": "friend",
            "relationship": 15882
          }
        ],
        "1211": [
          {
            "topic": "update",
            "update": "new friendship label",
            "relationship label": "sibling",
            "friendship label": "good friend",
            "relationship": 15882
          }
        ],
        "1215": [
          {
            "topic": "event",
            "event": "plague",
            "year": 1215
          }
        ],
        "1216": [
          {
            "topic": "person died",
            "person": {
              "key": 15879,
              "name": "Arnoud Cauwen",
              "age": 13,
              "alive": false,
              "sex": "m",
              "parents": {
                "mother": "Scilla (12290)",
                "father": "Didderic (12289)"
              }
            },
            "cause": "illness",
            "label": "sibling"
          }
        ],
        "1223": [
          {
            "topic": "job notice",
            "notice": "found job",
            "income": 0.934
          }
        ],
        "1224": [
          {
            "topic": "job notice",
            "notice": "comfortable earnings",
            "income": 1.175
          }
        ],
        "1230": [
          {
            "topic": "person died",
            "person": {
              "key": 12289,
              "name": "Didderic Cauwen",
              "age": 54,
              "alive": false,
              "sex": "m",
              "parents": "firstgen"
            },
            "cause": "sickness",
            "label": "parent"
          }
        ],
        "1232": [
          {
            "topic": "event",
            "event": "war",
            "year": 1232
          }
        ],
        "1252": [
          {
            "topic": "death",
            "cause": "old age"
          }
        ]
      }
    },
    "key": 13438,
    "home": {
      "income class": 4,
      "income class label": "nobility",
      "section": "stMuurhuysen2.se1.c4",
      "street": "Muurhuysen2",
      "neighborhood": "cingelnoord",
      "unique id": 802
    },
    "relationship status": {
      "taken": false,
      "married": false,
      "relationships": [
        15882
      ]
    }
  }
}