{
  "13510": {
    "alive": false,
    "name": "Herdradus",
    "surname": "",
    "full name": "Herdradus",
    "born this way": {
      "sexuality label": "straight",
      "sexuality": 0.074,
      "romantic interest": 0.519,
      "sex interest": 0.437,
      "gender expression": 0.0,
      "sex": "m"
    },
    "age": 46,
    "birth year": 1200,
    "sex": "m",
    "faction": "Dogmatists",
    "income class": [
      3,
      "upper middle class"
    ],
    "personality": {
      "lawful-chaotic": 0.711,
      "nice-nasty": 0.332,
      "honest-false": 0.04,
      "dream": 0.281,
      "outgoing": 0.363
    },
    "attitude": {
      "dream": 0.281,
      "outgoing": 0.363
    },
    "homsoc": {
      "means": {
        "independent": false,
        "taken_care_of": false,
        "caretaker": false,
        "needs_care": false,
        "flags": [
          "neglected",
          "caretaker",
          "starving"
        ]
      },
      "expression": {
        "sexuality expression": 0.06,
        "gender expression expression": -0.001
      }
    },
    "network": {
      "parents": {
        "mother": {
          "key": 12314,
          "name": "Alene Weis",
          "age": 51,
          "alive": false,
          "sex": "f",
          "parents": "firstgen"
        },
        "father": {
          "key": 12313,
          "name": "Laurens",
          "age": 54,
          "alive": false,
          "sex": "m",
          "parents": "firstgen"
        }
      },
      "children": {},
      "relationship keys": {
        "parent": [
          13511,
          13512
        ],
        "sibling": [
          22894
        ],
        "unrelated": [
          45853
        ]
      }
    },
    "occupation": {
      "has job": true,
      "income class": [
        3,
        "upper middle class"
      ],
      "income": 0.39699999999999996,
      "all_incomes": [
        1.159,
        1.131,
        0.9390000000000001,
        1.266,
        1.407,
        1.307,
        1.2530000000000001,
        1.372,
        1.5330000000000001,
        1.5490000000000002,
        1.5490000000000002,
        1.5490000000000002,
        1.463,
        1.5110000000000001,
        1.5490000000000002,
        1.453,
        1.5490000000000002,
        1.495,
        1.5490000000000002,
        1.5490000000000002,
        1.5490000000000002,
        1.46,
        1.5490000000000002,
        1.5490000000000002,
        1.288,
        1.075,
        0.794,
        0.742,
        0.534,
        0.21800000000000003,
        0.39699999999999996
      ],
      "job": {
        "lawful": false,
        "honest": false
      }
    },
    "genetics": {
      "skin_color": 8,
      "eye_color": "green",
      "hair_color": "brown",
      "hair_color_code": 2,
      "hair_length": "long",
      "beauty": 0.714,
      "hair_type": [
        "S",
        "S"
      ],
      "health": 0.363,
      "fertility": 0.582,
      "communication_impaired": false,
      "mobility_impaired": false,
      "cognitive_impaired": false,
      "disabilities": []
    },
    "memory": {
      "health": {
        "1201": {
          "health": {
            "change": false,
            "value_change": 0.0,
            "new_health": 0.577
          },
          "death": false
        },
        "1234": {
          "health": {
            "change": true,
            "value_change": -0.214,
            "new_health": 0.363
          },
          "death": false
        },
        "1235": {
          "health": {
            "change": false,
            "value_change": 0.0,
            "new_health": 0.363
          },
          "death": false
        },
        "1246": {
          "health": {
            "change": false,
            "value_change": 0.0,
            "new_health": 0.363
          },
          "death": true
        }
      },
      "homsoc": {
        "1201": {
          "independent": false,
          "needs_care": true,
          "taken_care_of": true,
          "caretaker": true
        },
        "1202": {
          "independent": false,
          "needs_care": true,
          "taken_care_of": false,
          "caretaker": true
        },
        "1216": {
          "independent": false,
          "needs_care": false,
          "taken_care_of": false,
          "caretaker": true
        },
        "1217": {
          "independent": true,
          "needs_care": false,
          "taken_care_of": false,
          "caretaker": true
        },
        "1222": {
          "independent": true,
          "needs_care": false,
          "taken_care_of": false,
          "caretaker": false
        },
        "1242": {
          "independent": false,
          "needs_care": false,
          "taken_care_of": false,
          "caretaker": false
        }
      },
      "ocupation": {
        "1201": {
          "has job": false,
          "income": 0
        },
        "1202": {
          "has job": false,
          "income": 0
        },
        "1203": {
          "has job": false,
          "income": 0
        },
        "1204": {
          "has job": false,
          "income": 0
        },
        "1205": {
          "has job": false,
          "income": 0
        },
        "1206": {
          "has job": false,
          "income": 0
        },
        "1207": {
          "has job": false,
          "income": 0
        },
        "1208": {
          "has job": false,
          "income": 0
        },
        "1209": {
          "has job": false,
          "income": 0
        },
        "1210": {
          "has job": false,
          "income": 0
        },
        "1211": {
          "has job": false,
          "income": 0
        },
        "1212": {
          "has job": false,
          "income": 0
        },
        "1213": {
          "has job": false,
          "income": 0
        },
        "1214": {
          "has job": false,
          "income": 0
        },
        "1215": {
          "has job": false,
          "income": 0
        },
        "1216": {
          "has job": false,
          "income": 0
        },
        "1217": {
          "has job": true,
          "income": 1.131
        },
        "1218": {
          "has job": true,
          "income": 0.9390000000000001
        },
        "1219": {
          "has job": true,
          "income": 1.266
        },
        "1220": {
          "has job": true,
          "income": 1.407
        },
        "1221": {
          "has job": true,
          "income": 1.307
        },
        "1222": {
          "has job": true,
          "income": 1.2530000000000001
        },
        "1223": {
          "has job": true,
          "income": 1.372
        },
        "1224": {
          "has job": true,
          "income": 1.5330000000000001
        },
        "1225": {
          "has job": true,
          "income": 1.5490000000000002
        },
        "1226": {
          "has job": true,
          "income": 1.5490000000000002
        },
        "1227": {
          "has job": true,
          "income": 1.5490000000000002
        },
        "1228": {
          "has job": true,
          "income": 1.463
        },
        "1229": {
          "has job": true,
          "income": 1.5110000000000001
        },
        "1230": {
          "has job": true,
          "income": 1.5490000000000002
        },
        "1231": {
          "has job": true,
          "income": 1.453
        },
        "1232": {
          "has job": true,
          "income": 1.5490000000000002
        },
        "1233": {
          "has job": true,
          "income": 1.495
        },
        "1234": {
          "has job": true,
          "income": 1.5490000000000002
        },
        "1235": {
          "has job": true,
          "income": 1.5490000000000002
        },
        "1236": {
          "has job": true,
          "income": 1.5490000000000002
        },
        "1237": {
          "has job": true,
          "income": 1.46
        },