{
  "13525": {
    "alive": true,
    "name": "Walburgis",
    "surname": "Bloemart",
    "full name": "Walburgis Bloemart",
    "born this way": {
      "sexuality label": "straight",
      "sexuality": 0.055,
      "romantic interest": 0.791,
      "sex interest": 0.93,
      "gender expression": 0.026,
      "sex": "f"
    },
    "age": 49,
    "birth year": 1200,
    "sex": "f",
    "faction": "No religion",
    "income class": [
      3,
      "upper middle class"
    ],
    "personality": {
      "lawful-chaotic": 0.943,
      "nice-nasty": 0.258,
      "honest-false": 0.779,
      "dream": 0.228,
      "outgoing": 0.651
    },
    "attitude": {
      "dream": 0.228,
      "outgoing": 0.651
    },
    "homsoc": {
      "means": {
        "independent": true,
        "taken_care_of": false,
        "caretaker": true,
        "needs_care": false,
        "flags": [
          "starving"
        ]
      },
      "expression": {
        "sexuality expression": 0.04,
        "gender expression expression": 0.006
      }
    },
    "network": {
      "parents": {
        "mother": "Reynwi (11642)",
        "father": "Sollen (11641)"
      },
      "children": {},
      "relationship keys": {
        "parent": [
          13526,
          13527
        ],
        "sibling": [
          15144
        ],
        "unrelated": [
          56821,
          64468
        ]
      }
    },
    "occupation": {
      "has job": true,
      "income class": [
        3,
        "upper middle class"
      ],
      "income": 1.5490000000000002,
      "all_incomes": [
        1.009,
        1.103,
        1.165,
        1.216,
        1.266,
        1.341,
        1.401,
        1.407,
        1.479,
        1.483,
        1.5430000000000001,
        1.5490000000000002,
        1.5330000000000001,
        1.5490000000000002,
        1.5490000000000002,
        1.5490000000000002,
        1.5490000000000002,
        1.5490000000000002,
        1.5490000000000002,
        1.5490000000000002,
        1.5490000000000002,
        1.5490000000000002,
        1.548,
        1.5490000000000002,
        1.5490000000000002,
        1.5490000000000002,
        1.5490000000000002,
        1.5490000000000002,
        1.5490000000000002,
        1.5490000000000002,
        1.471,
        1.5330000000000001,
        1.5490000000000002
      ],
      "job": {
        "lawful": true,
        "honest": true
      }
    },
    "genetics": {
      "skin_color": 2,
      "eye_color": "brown",
      "hair_color": "dark brown",
      "hair_color_code": 1,
      "hair_type": [
        "C",
        "S"
      ],
      "health": 0.897,
      "fertility": 0.888,
      "communication_impaired": false,
      "mobility_impaired": false,
      "cognitive_impaired": false,
      "disabilities": []
    },
    "memory": {
      "health": {
        "1201": {
          "health": {
            "change": false,
            "value_change": 0.0,
            "new_health": 0.897
          },
          "death": false
        }
      },
      "events": {
        "1200": [
          {
            "topic": "birth",
            "year": 1200
          },
          {
            "topic": "new relationship",
            "key": 13526,
            "people": [
              11641,
              13525
            ],
            "people names": [
              "Sollen Bloemart",
              "Walburgis Bloemart"
            ],
            "people ages": [
              48,
              0
            ],
            "label": "parentchild",
            "committed": false
          },
          {
            "topic": "new relationship",
            "key": 13527,
            "people": [
              11642,
              13525
            ],
            "people names": [
              "Reynwi Bec",
              "Walburgis Bloemart"
            ],
            "people ages": [
              44,
              0
            ],
            "label": "parentchild",
            "committed": false
          }
        ],
        "1201": [
          {
            "topic": "new relationship",
            "key": 15144,
            "people": [
              13525,
              15141
            ],
            "people names": [
              "Walburgis Bloemart",
              "Sanders Bloemart"
            ],
            "people ages": [
              0,
              0
            ],
            "label": "sibling",
            "committed": false
          },
          {
            "topic": "person died",
            "person": {
              "key": 11642,
              "name": "Reynwi Bec",
              "age": 46,
              "alive": false,
              "sex": "f",
              "parents": "firstgen"
            },
            "cause": "illness",
            "friendship label": "indifferent",
            "label": "parent"
          }
        ],
        "1203": [
          {
            "topic": "update",
            "update": "new friendship label",
            "relationship label": "sibling",
            "friendship label": "friend",
            "relationship": 15144
          }
        ],
        "1211": [
          {
            "topic": "update",
            "update": "new friendship label",
            "relationship label": "parentchild",
            "friendship label": "friend",
            "relationship": 13526
          }
        ],
        "1213": [
          {
            "topic": "update",
            "update": "new friendship label",
            "relationship label": "parentchild",
            "friendship label": "indifferent",
            "relationship": 13526
          },
          {
            "topic": "person died",
            "person": {
              "key": 11641,
              "name": "Sollen Bloemart",
              "age": 61,
              "alive": false,
              "sex": "m",
              "parents": "firstgen"
            },
            "cause": "sickness",
            "friendship label": "indifferent",
            "label": "parent"
          }
        ],
        "1214": [
          {
            "topic": "not enough income",
            "income": 0,
            "inhabitants": [
              13525
            ]
          }
        ],
        "1215": [
          {
            "topic": "event",
            "event": "plague",
            "year": 1215
          },
          {
            "topic": "not enough income",
            "income": 0,
            "inhabitants": [
              13525
            ]
          }
        ],
        "1216": [
          {
            "topic": "not enough income",
            "income": 0,
            "inhabitants": [
              13525
            ]
          }
        ],
        "1217": [
          {
            "topic": "job notice",
            "notice": "found job",
            "income": 1.009
          },
          {
            "topic": "not enough income",
            "income": 0,
            "inhabitants": [
              13525
            ]
          }
        ],
        "1221": [
          {
            "topic": "update",
            "update": "new friendship label",
            "relationship label": "sibling",
            "friendship label": "indifferent",
            "relationship": 15144
          }
        ],
        "1223": [
          {
            "topic": "event",
            "event": "plague",
            "year": 1223
          }
        ],
        "1224": [
          {
            "topic": "update",
            "update": "new friendship label",
            "relationship label": "sibling",
            "friendship label": "indifferent",
            "relationship": 15144
          }
        ],
        "1232": [
          {
            "topic": "event",
            "event": "war",
            "year": 1232
          },
          {
            "topic": "new relationship",
            "key": 56821,
            "people": [
              31859,
              13525
            ],