{
  "13555": {
    "alive": false,
    "name": "Mewekinus",
    "surname": "Minneman",
    "full name": "Mewekinus Minneman",
    "born this way": {
      "sexuality label": "straight",
      "sexuality": 0.101,
      "romantic interest": 0.599,
      "sex interest": 0.843,
      "gender expression": 0.154,
      "sex": "m"
    },
    "age": 44,
    "birth year": 1200,
    "sex": "m",
    "faction": "No religion",
    "income class": [
      3,
      "upper middle class"
    ],
    "personality": {
      "lawful-chaotic": 0.51,
      "nice-nasty": 0.591,
      "honest-false": 0.921,
      "dream": 0.516,
      "outgoing": 0.768
    },
    "attitude": {
      "dream": 0.516,
      "outgoing": 0.768
    },
    "homsoc": {
      "means": {
        "independent": true,
        "taken_care_of": false,
        "caretaker": true,
        "needs_care": false,
        "flags": []
      },
      "expression": {
        "sexuality expression": 0.053,
        "gender expression expression": 0.087
      }
    },
    "network": {
      "parents": {
        "mother": "Saxiardis (11735)",
        "father": "Jonghen (11734)"
      },
      "children": {},
      "relationship keys": {
        "parent": [
          13556,
          13557
        ],
        "sibling": [
          19033,
          21248,
          30177
        ],
        "unrelated": [
          27124,
          29153,
          46921
        ]
      }
    },
    "occupation": {
      "has job": true,
      "income class": [
        3,
        "upper middle class"
      ],
      "income": 1.5490000000000002,
      "all_incomes": [
        0.9,
        1.1320000000000001,
        1.137,
        0.777,
        0.7200000000000001,
        0.788,
        0.872,
        0.7360000000000001,
        0.7220000000000001,
        0.7050000000000001,
        0.8250000000000001,
        0.743,
        0.7210000000000001,
        0.7320000000000001,
        0.7090000000000001,
        1.031,
        0.889,
        1.045,
        1.102,
        1.063,
        1.07,
        1.1660000000000001,
        1.3860000000000001,
        1.5490000000000002,
        1.5490000000000002,
        1.5490000000000002,
        1.5490000000000002,
        1.5490000000000002,
        1.5490000000000002
      ],
      "job": {
        "lawful": false,
        "honest": true
      }
    },
    "genetics": {
      "skin_color": 9,
      "eye_color": "green",
      "hair_color": "black",
      "hair_color_code": 0,
      "hair_type": [
        "S",
        "S"
      ],
      "health": 0.906,
      "fertility": 0.95,
      "communication_impaired": false,
      "mobility_impaired": false,
      "cognitive_impaired": false,
      "disabilities": []
    },
    "memory": {
      "health": {
        "1201": {
          "health": {
            "change": false,
            "value_change": 0.0,
            "new_health": 0.906
          },
          "death": false
        },
        "1244": {
          "health": {
            "change": false,
            "value_change": 0.0,
            "new_health": 0.906
          },
          "death": true
        }
      },
      "events": {
        "1200": [
          {
            "topic": "birth",
            "year": 1200
          },
          {
            "topic": "new relationship",
            "key": 13556,
            "people": [
              11734,
              13555
            ],
            "people names": [
              "Jonghen Minneman",
              "Mewekinus Minneman"
            ],
            "people ages": [
              43,
              0
            ],
            "label": "parentchild",
            "committed": false
          },
          {
            "topic": "new relationship",
            "key": 13557,
            "people": [
              11735,
              13555
            ],
            "people names": [
              "Saxiardis",
              "Mewekinus Minneman"
            ],
            "people ages": [
              33,
              0
            ],
            "label": "parentchild",
            "committed": false
          }
        ],
        "1202": [
          {
            "topic": "update",
            "update": "new friendship label",
            "relationship label": "parentchild",
            "friendship label": "indifferent",
            "relationship": 13557
          }
        ],
        "1203": [
          {
            "topic": "new relationship",
            "key": 19033,
            "people": [
              13555,
              19030
            ],
            "people names": [
              "Mewekinus Minneman",
              "Dilane Minneman"
            ],
            "people ages": [
              2,
              0
            ],
            "label": "sibling",
            "committed": false
          }
        ],
        "1204": [
          {
            "topic": "new relationship",
            "key": 21248,
            "people": [
              13555,
              21245
            ],
            "people names": [
              "Mewekinus Minneman",
              "Sipper Minneman"
            ],
            "people ages": [
              3,
              0
            ],
            "label": "sibling",
            "committed": false
          },
          {
            "topic": "update",
            "update": "new friendship label",
            "relationship label": "parentchild",
            "friendship label": "friend",
            "relationship": 13556
          }
        ],
        "1206": [
          {
            "topic": "new relationship",
            "key": 27124,
            "people": [
              13555,
              14200
            ],
            "people names": [
              "Mewekinus Minneman",
              "Badeloghen van Costan"
            ],
            "people ages": [
              6,
              6
            ],
            "label": "unrelated",
            "committed": false
          }
        ],
        "1207": [
          {
            "topic": "new relationship",
            "key": 29153,
            "people": [
              14269,
              13555
            ],
            "people names": [
              "Goneir Hoghen",
              "Mewekinus Minneman"
            ],
            "people ages": [
              7,
              7
            ],
            "label": "unrelated",
            "committed": false
          }
        ],
        "1208": [
          {
            "topic": "new relationship",
            "key": 30177,
            "people": [
              13555,
              30174
            ],
            "people names": [
              "Mewekinus Minneman",
              "Leanne Minneman"
            ],
            "people ages": [
              8,
              0
            ],
            "label": "sibling",
            "committed": false
          }
        ],
        "1212": [
          {
            "topic": "update",
            "update": "new friendship label",
            "relationship label": "unrelated",
            "friendship label": "friend",
            "relationship": 29153
          }
        ],
        "1213": [
          {
            "topic": "update",
            "update": "new friendship label",
            "relationship label": "unrelated",
            "friendship label": "friend",
            "relationship": 29153
          }
        ],
        "1214": [
          {
            "topic": "update",
            "update": "new friendship label",
            "relationship label": "unrelated",
            "friendship label": "friend",
            "relationship": 27124
          },
          {
            "topic": "update",
            "update": "new friendship label",
            "relationship label": "parentchild",
            "friendship label": "friend",
            "relationship": 13556
          }
        ],
        "1215": [
          {
            "topic": "event",
            "event": "plague",