{
  "13567": {
    "alive": true,
    "name": "Victoria",
    "surname": "",
    "full name": "Victoria",
    "born this way": {
      "sexuality label": "bi",
      "sexuality": 0.617,
      "romantic interest": 0.414,
      "sex interest": 0.53,
      "gender expression": 0.546,
      "sex": "f"
    },
    "age": 49,
    "birth year": 1200,
    "sex": "f",
    "faction": "No religion",
    "income class": [
      2,
      "middle class"
    ],
    "personality": {
      "lawful-chaotic": 0.426,
      "nice-nasty": 0.0,
      "honest-false": 0.256,
      "dream": 0.532,
      "outgoing": 0.429
    },
    "attitude": {
      "dream": 0.532,
      "outgoing": 0.429
    },
    "homsoc": {
      "means": {
        "independent": true,
        "taken_care_of": false,
        "caretaker": true,
        "needs_care": false,
        "flags": []
      },
      "expression": {
        "sexuality expression": 0.247,
        "gender expression expression": 0.384
      }
    },
    "network": {
      "parents": {
        "mother": "Hadewigis (12533)",
        "father": "Ludolphus (12532)"
      },
      "children": {},
      "relationship keys": {
        "parent": [
          13568,
          13569
        ],
        "sibling": [
          15066,
          19405,
          25698,
          28312,
          32662
        ],
        "nibling": [
          44886,
          45585,
          46380,
          47364,
          48428,
          49602
        ],
        "spouse": [
          70268
        ]
      }
    },
    "occupation": {
      "has job": true,
      "income class": [
        2,
        "middle class"
      ],
      "income": 1.081,
      "all_incomes": [
        1.187,
        1.1569999999999998,
        1.1669999999999998,
        1.075,
        1.1969999999999998,
        1.387,
        1.524,
        1.524,
        1.524,
        1.412,
        0.9490000000000001,
        0.6920000000000001,
        0.9600000000000001,
        1.386,
        1.524,
        1.524,
        1.4269999999999998,
        1.524,
        1.524,
        1.145,
        1.194,
        1.524,
        1.524,
        1.0439999999999998,
        1.2899999999999998,
        1.081
      ],
      "job": {
        "lawful": false,
        "honest": false
      }
    },
    "genetics": {
      "skin_color": 8,
      "eye_color": "brown",
      "hair_color": "black",
      "hair_color_code": 0,
      "hair_type": [
        "S",
        "S"
      ],
      "health": 0.421,
      "fertility": 0.705,
      "communication_impaired": false,
      "mobility_impaired": false,
      "cognitive_impaired": false,
      "disabilities": []
    },
    "memory": {
      "health": {
        "1201": {
          "health": {
            "change": false,
            "value_change": 0.0,
            "new_health": 0.701
          },
          "death": false
        },
        "1204": {
          "health": {
            "change": true,
            "value_change": -0.28,
            "new_health": 0.421
          },
          "death": false
        },
        "1205": {
          "health": {
            "change": false,
            "value_change": 0.0,
            "new_health": 0.421
          },
          "death": false
        }
      },
      "events": {
        "1200": [
          {
            "topic": "birth",
            "year": 1200
          },
          {
            "topic": "new relationship",
            "key": 13568,
            "people": [
              12532,
              13567
            ],
            "people names": [
              "Ludolphus Hoen",
              "Victoria"
            ],
            "people ages": [
              28,
              0
            ],
            "label": "parentchild",
            "committed": false
          },
          {
            "topic": "new relationship",
            "key": 13569,
            "people": [
              12533,
              13567
            ],
            "people names": [
              "Hadewigis Broem",
              "Victoria"
            ],
            "people ages": [
              25,
              0
            ],
            "label": "parentchild",
            "committed": false
          }
        ],
        "1201": [
          {
            "topic": "new relationship",
            "key": 15066,
            "people": [
              13567,
              15063
            ],
            "people names": [
              "Victoria",
              "Sipper Hoen"
            ],
            "people ages": [
              0,
              0
            ],
            "label": "sibling",
            "committed": false
          },
          {
            "topic": "update",
            "update": "new friendship label",
            "relationship label": "parentchild",
            "friendship label": "indifferent",
            "relationship": 13569
          }
        ],
        "1203": [
          {
            "topic": "new relationship",
            "key": 19405,
            "people": [
              13567,
              19402
            ],
            "people names": [
              "Victoria",
              "Berta Hoen"
            ],
            "people ages": [
              2,
              0
            ],
            "label": "sibling",
            "committed": false
          }
        ],
        "1204": [
          {
            "topic": "update",
            "update": "new friendship label",
            "relationship label": "sibling",
            "friendship label": "indifferent",
            "relationship": 19405
          },
          {
            "topic": "update",
            "update": "new friendship label",
            "relationship label": "sibling",
            "friendship label": "good friend",
            "relationship": 15066
          }
        ],
        "1206": [
          {
            "topic": "new relationship",
            "key": 25698,
            "people": [
              13567,
              25695
            ],
            "people names": [
              "Victoria",
              "Reynildis Hoen"
            ],
            "people ages": [
              5,
              0
            ],
            "label": "sibling",
            "committed": false
          }
        ],
        "1207": [
          {
            "topic": "new relationship",
            "key": 28312,
            "people": [
              13567,
              28309
            ],
            "people names": [
              "Victoria",
              "Veder Hoen"
            ],
            "people ages": [
              7,
              0
            ],
            "label": "sibling",
            "committed": false
          }
        ],
        "1208": [
          {
            "topic": "update",
            "update": "new friendship label",
            "relationship label": "parentchild",
            "friendship label": "indifferent",
            "relationship": 13568
          }
        ],
        "1210": [
          {
            "topic": "new relationship",
            "key": 32662,
            "people": [
              13567,
              32659
            ],
            "people names": [
              "Victoria",
              "Eylwardo Hoen"
            ],
            "people ages": [
              9,
              0
            ],
            "label": "sibling",
            "committed": false
          }
        ],
        "1211": [
          {
            "topic": "update",
            "update": "new friendship label",
            "relationship label": "sibling",
            "friendship label": "indifferent",
            "relationship": 19405
          },
          {
            "topic": "update",
            "update": "new friendship label",
            "relationship label": "sibling",
            "friendship label": "good friend",
            "relationship": 15066
          }
        ],
        "1213": [
          {
            "topic": "update",
            "update": "new friendship label",