{
  "13570": {
    "alive": true,
    "name": "Abben",
    "surname": "van Syuardus",
    "full name": "Abben van Syuardus",
    "born this way": {
      "sexuality label": "straight",
      "sexuality": 0.027,
      "romantic interest": 0.53,
      "sex interest": 0.67,
      "gender expression": 0.098,
      "sex": "m"
    },
    "age": 49,
    "birth year": 1200,
    "sex": "m",
    "faction": "Zealots",
    "income class": [
      3,
      "upper middle class"
    ],
    "personality": {
      "lawful-chaotic": 0.764,
      "nice-nasty": 0.107,
      "honest-false": 0.539,
      "dream": 0.397,
      "outgoing": 0.411
    },
    "attitude": {
      "dream": 0.397,
      "outgoing": 0.411
    },
    "homsoc": {
      "means": {
        "independent": true,
        "taken_care_of": false,
        "caretaker": true,
        "needs_care": false,
        "flags": []
      },
      "expression": {
        "sexuality expression": 0.017,
        "gender expression expression": 0.054
      }
    },
    "network": {
      "parents": {
        "mother": "Nellen (11606)",
        "father": "Syuardus (11605)"
      },
      "children": {},
      "relationship keys": {
        "parent": [
          13571,
          13572
        ],
        "sibling": [
          23122,
          31756,
          32857,
          36846
        ],
        "unrelated": [
          43292,
          45437,
          48066,
          60036,
          61512
        ],
        "spouse": [
          74955
        ]
      }
    },
    "occupation": {
      "has job": true,
      "income class": [
        3,
        "upper middle class"
      ],
      "income": 1.5490000000000002,
      "all_incomes": [
        0.894,
        0.9630000000000001,
        0.65,
        0.622,
        0.793,
        0.934,
        0.931,
        1.112,
        1.373,
        1.023,
        1.21,
        1.145,
        0.8210000000000001,
        0.76,
        0.645,
        0.763,
        1.089,
        1.355,
        1.502,
        1.502,
        1.5490000000000002,
        1.5490000000000002,
        1.5490000000000002,
        1.436,
        1.5490000000000002,
        1.462,
        1.5490000000000002,
        1.538,
        1.5490000000000002,
        1.3940000000000001,
        1.464,
        1.5110000000000001,
        1.5190000000000001,
        1.5490000000000002
      ],
      "job": {
        "lawful": true,
        "honest": false
      }
    },
    "genetics": {
      "skin_color": 2,
      "eye_color": "brown",
      "hair_color": "red",
      "hair_color_code": 3,
      "hair_type": [
        "S",
        "S"
      ],
      "health": 0.697,
      "fertility": 0.775,
      "communication_impaired": false,
      "mobility_impaired": false,
      "cognitive_impaired": false,
      "disabilities": []
    },
    "memory": {
      "health": {
        "1201": {
          "health": {
            "change": false,
            "value_change": 0.0,
            "new_health": 0.697
          },
          "death": false
        }
      },
      "events": {
        "1200": [
          {
            "topic": "birth",
            "year": 1200
          },
          {
            "topic": "new relationship",
            "key": 13571,
            "people": [
              11605,
              13570
            ],
            "people names": [
              "Syuardus",
              "Abben van Syuardus"
            ],
            "people ages": [
              32,
              0
            ],
            "label": "parentchild",
            "committed": false
          },
          {
            "topic": "new relationship",
            "key": 13572,
            "people": [
              11606,
              13570
            ],
            "people names": [
              "Nellen Croenekin",
              "Abben van Syuardus"
            ],
            "people ages": [
              24,
              0
            ],
            "label": "parentchild",
            "committed": false
          }
        ],
        "1205": [
          {
            "topic": "new relationship",
            "key": 23122,
            "people": [
              13570,
              23119
            ],
            "people names": [
              "Abben van Syuardus",
              "Lammekin Syuardusszoon"
            ],
            "people ages": [
              4,
              0
            ],
            "label": "sibling",
            "committed": false
          }
        ],
        "1206": [
          {
            "topic": "person died",
            "person": {
              "key": 23119,
              "name": "Lammekin Syuardusszoon",
              "age": 1,
              "alive": false,
              "sex": "m",
              "parents": {
                "mother": "Nellen (11606)",
                "father": "Syuardus (11605)"
              }
            },
            "cause": "childhood illness",
            "friendship label": "friend",
            "label": "sibling"
          }
        ],
        "1209": [
          {
            "topic": "new relationship",
            "key": 31756,
            "people": [
              13570,
              31753
            ],
            "people names": [
              "Abben van Syuardus",
              "Niels Syuardusszoon"
            ],
            "people ages": [
              9,
              0
            ],
            "label": "sibling",
            "committed": false
          }
        ],
        "1210": [
          {
            "topic": "new relationship",
            "key": 32857,
            "people": [
              13570,
              32854
            ],
            "people names": [
              "Abben van Syuardus",
              "Eggerdus van Nellen"
            ],
            "people ages": [
              10,
              0
            ],
            "label": "sibling",
            "committed": false
          },
          {
            "topic": "update",
            "update": "new friendship label",
            "relationship label": "sibling",
            "friendship label": "enemy",
            "relationship": 31756
          }
        ],
        "1212": [
          {
            "topic": "new relationship",
            "key": 36846,
            "people": [
              13570,
              36843
            ],
            "people names": [
              "Abben van Syuardus",
              "Splinter Syuardusszoon"
            ],
            "people ages": [
              12,
              0
            ],
            "label": "sibling",
            "committed": false
          }
        ],
        "1215": [
          {
            "topic": "event",
            "event": "plague",
            "year": 1215
          }
        ],
        "1216": [
          {
            "topic": "job notice",
            "notice": "found job",
            "income": 0.894
          }
        ],
        "1217": [
          {
            "topic": "person died",
            "person": {
              "key": 11605,
              "name": "Syuardus",
              "age": 50,
              "alive": false,
              "sex": "m",
              "parents": "firstgen"
            },
            "cause": "illness",
            "friendship label": "good friend",
            "label": "parent"
          }
        ],
        "1218": [
          {
            "topic": "job notice",
            "notice": "low income",
            "income": 0.65
          }
        ],
        "1219": [
          {
            "topic": "new relationship",
            "key": 43292,
            "people": [
              13570,
              13411
            ],
            "people names": [
              "Abben van Syuardus",
              "Ulrici Hanen"
            ],
            "people ages": [
              19,
              19
            ],
            "label": "unrelated",
            "committed": false
          }
        ],
        "1223": [
          {
            "topic": "event",