{
  "13603": {
    "alive": true,
    "name": "Franse",
    "surname": "Steneken",
    "full name": "Franse Steneken",
    "born this way": {
      "sexuality label": "straight",
      "sexuality": 0.135,
      "romantic interest": 0.622,
      "sex interest": 0.667,
      "gender expression": 0.056,
      "sex": "m"
    },
    "age": 49,
    "birth year": 1200,
    "sex": "m",
    "faction": "No religion",
    "income class": [
      3,
      "upper middle class"
    ],
    "personality": {
      "lawful-chaotic": 0.454,
      "nice-nasty": 0.235,
      "honest-false": 0.236,
      "dream": 0.526,
      "outgoing": 0.66
    },
    "attitude": {
      "dream": 0.526,
      "outgoing": 0.66
    },
    "homsoc": {
      "means": {
        "independent": true,
        "taken_care_of": false,
        "caretaker": false,
        "needs_care": false,
        "flags": [
          "neglected",
          "caretaker"
        ]
      },
      "expression": {
        "sexuality expression": 0.072,
        "gender expression expression": 0.004
      }
    },
    "network": {
      "parents": {
        "mother": {
          "key": 12308,
          "name": "Baua Stoerm",
          "age": 27,
          "alive": false,
          "sex": "f",
          "parents": "firstgen"
        },
        "father": {
          "key": 12307,
          "name": "Maelkin Steneken",
          "age": 44,
          "alive": false,
          "sex": "m",
          "parents": "firstgen"
        }
      },
      "children": {},
      "relationship keys": {
        "parent": [
          13604,
          13605
        ],
        "sibling": [
          14584
        ],
        "unrelated": [
          49148,
          58175
        ]
      }
    },
    "occupation": {
      "has job": true,
      "income class": [
        3,
        "upper middle class"
      ],
      "income": 1.1680000000000001,
      "all_incomes": [
        1.153,
        1.124,
        1.472,
        1.264,
        1.11,
        0.8390000000000001,
        1.1620000000000001,
        1.194,
        1.526,
        1.377,
        1.5490000000000002,
        1.5490000000000002,
        1.5490000000000002,
        1.5490000000000002,
        1.5490000000000002,
        1.5490000000000002,
        1.5490000000000002,
        1.353,
        1.5490000000000002,
        1.5490000000000002,
        1.5490000000000002,
        1.5490000000000002,
        1.5490000000000002,
        1.316,
        1.037,
        1.109,
        1.313,
        1.5490000000000002,
        1.5490000000000002,
        1.5490000000000002,
        1.284,
        1.137,
        1.1680000000000001
      ],
      "job": {
        "lawful": true,
        "honest": false
      }
    },
    "genetics": {
      "skin_color": 5,
      "eye_color": "brown",
      "hair_color": "brown",
      "hair_color_code": 2,
      "hair_length": "long",
      "beauty": 0.923,
      "hair_type": [
        "S",
        "C"
      ],
      "health": 0.85,
      "fertility": 0.779,
      "communication_impaired": false,
      "mobility_impaired": false,
      "cognitive_impaired": false,
      "disabilities": []
    },
    "memory": {
      "health": {
        "1201": {
          "health": {
            "change": false,
            "value_change": 0.0,
            "new_health": 0.85
          },
          "death": false
        }
      },
      "homsoc": {
        "1201": {
          "independent": false,
          "needs_care": true,
          "taken_care_of": true,
          "caretaker": true
        },
        "1202": {
          "independent": false,
          "needs_care": true,
          "taken_care_of": false,
          "caretaker": true
        },
        "1210": {
          "independent": false,
          "needs_care": true,
          "taken_care_of": true,
          "caretaker": true
        },
        "1216": {
          "independent": false,
          "needs_care": false,
          "taken_care_of": false,
          "caretaker": true
        },
        "1218": {
          "independent": true,
          "needs_care": false,
          "taken_care_of": false,
          "caretaker": false
        }
      },
      "ocupation": {
        "1201": {
          "has job": false,
          "income": 0
        },
        "1202": {
          "has job": false,
          "income": 0
        },
        "1203": {
          "has job": false,
          "income": 0
        },
        "1204": {
          "has job": false,
          "income": 0
        },
        "1205": {
          "has job": false,
          "income": 0
        },
        "1206": {
          "has job": false,
          "income": 0
        },
        "1207": {
          "has job": false,
          "income": 0
        },
        "1208": {
          "has job": false,
          "income": 0
        },
        "1209": {
          "has job": false,
          "income": 0
        },
        "1210": {
          "has job": false,
          "income": 0
        },
        "1211": {
          "has job": false,
          "income": 0
        },
        "1212": {
          "has job": false,
          "income": 0
        },
        "1213": {
          "has job": false,
          "income": 0
        },
        "1214": {
          "has job": false,
          "income": 0
        },
        "1215": {
          "has job": false,
          "income": 0
        },
        "1216": {
          "has job": false,
          "income": 0
        },
        "1217": {
          "has job": false,
          "income": 0
        },
        "1218": {
          "has job": true,
          "income": 1.124
        },
        "1219": {
          "has job": true,
          "income": 1.472
        },
        "1220": {
          "has job": true,
          "income": 1.264
        },
        "1221": {
          "has job": true,
          "income": 1.11
        },
        "1222": {
          "has job": true,
          "income": 0.8390000000000001
        },
        "1223": {
          "has job": true,
          "income": 1.1620000000000001
        },
        "1224": {
          "has job": true,
          "income": 1.194
        },
        "1225": {
          "has job": true,
          "income": 1.526
        },
        "1226": {
          "has job": true,
          "income": 1.377
        },
        "1227": {
          "has job": true,
          "income": 1.5490000000000002
        },
        "1228": {
          "has job": true,
          "income": 1.5490000000000002
        },
        "1229": {
          "has job": true,
          "income": 1.5490000000000002
        },
        "1230": {
          "has job": true,
          "income": 1.5490000000000002
        },
        "1231": {
          "has job": true,
          "income": 1.5490000000000002
        },
        "1232": {
          "has job": true,
          "income": 1.5490000000000002
        },
        "1233": {
          "has job": true,
          "income": 1.5490000000000002
        },
        "1234": {
          "has job": true,
          "income": 1.353
        },
        "1235": {
          "has job": true,
          "income": 1.5490000000000002
        },
        "1236": {
          "has job": true,
          "income": 1.5490000000000002
        },
        "1237": {
          "has job": true,
          "income": 1.5490000000000002
        },
        "1238": {
          "has job": true,
          "income": 1.5490000000000002
        },
        "1239": {
          "has job": true,
          "income": 1.5490000000000002
        },
        "1240": {
          "has job": true,
          "income": 1.316
        },
        "1241": {
          "has job": true,
          "income": 1.037
        },
        "1242": {
          "has job": true,
          "income": 1.109
        },
        "1243": {
          "has job": true,
          "income": 1.313
        },
        "1244": {
          "has job": true,
          "income": 1.5490000000000002
        },
        "1245": {
          "has job": true,