{
  "13612": {
    "alive": false,
    "name": "Cofte",
    "surname": "Voet",
    "full name": "Cofte Voet",
    "born this way": {
      "sexuality label": "straight",
      "sexuality": 0.117,
      "romantic interest": 0.612,
      "sex interest": 0.667,
      "gender expression": 0.136,
      "sex": "f"
    },
    "age": 44,
    "birth year": 1200,
    "sex": "f",
    "faction": "Dogmatists",
    "income class": [
      3,
      "upper middle class"
    ],
    "personality": {
      "lawful-chaotic": 0.374,
      "nice-nasty": 0.709,
      "honest-false": 0.329,
      "dream": 0.41,
      "outgoing": 0.777
    },
    "attitude": {
      "dream": 0.41,
      "outgoing": 0.777
    },
    "homsoc": {
      "means": {
        "independent": true,
        "taken_care_of": false,
        "caretaker": true,
        "needs_care": false,
        "flags": [
          "starving"
        ]
      },
      "expression": {
        "sexuality expression": 0.068,
        "gender expression expression": 0.031
      }
    },
    "network": {
      "parents": {
        "mother": "Lenildis (12626)",
        "father": "Jacob (12625)"
      },
      "children": {},
      "relationship keys": {
        "parent": [
          13613,
          13614
        ],
        "sibling": [
          17694,
          19017,
          22281,
          23591,
          25966,
          34586
        ],
        "unrelated": [
          20745,
          30927,
          44657,
          66970
        ]
      }
    },
    "occupation": {
      "has job": true,
      "income class": [
        3,
        "upper middle class"
      ],
      "income": 1.5490000000000002,
      "all_incomes": [
        1.113,
        1.137,
        1.5490000000000002,
        1.5490000000000002,
        1.5250000000000001,
        1.5490000000000002,
        1.5390000000000001,
        1.5190000000000001,
        1.366,
        1.5490000000000002,
        1.233,
        1.508,
        1.012,
        1.187,
        1.105,
        1.058,
        1.432,
        1.5490000000000002,
        1.4120000000000001,
        0.868,
        0.9730000000000001,
        1.494,
        1.383,
        1.5490000000000002
      ],
      "job": {
        "lawful": false,
        "honest": false
      }
    },
    "genetics": {
      "skin_color": 5,
      "eye_color": "blue",
      "hair_color": "dark brown",
      "hair_color_code": 1,
      "hair_type": [
        "C",
        "C"
      ],
      "health": 0.739,
      "fertility": 0.644,
      "communication_impaired": false,
      "mobility_impaired": false,
      "cognitive_impaired": false,
      "disabilities": []
    },
    "memory": {
      "health": {
        "1201": {
          "health": {
            "change": false,
            "value_change": 0.0,
            "new_health": 0.739
          },
          "death": false
        },
        "1244": {
          "health": {
            "change": false,
            "value_change": 0.0,
            "new_health": 0.739
          },
          "death": true
        }
      },
      "events": {
        "1200": [
          {
            "topic": "birth",
            "year": 1200
          },
          {
            "topic": "new relationship",
            "key": 13613,
            "people": [
              12625,
              13612
            ],
            "people names": [
              "Jacob Voet",
              "Cofte Voet"
            ],
            "people ages": [
              33,
              0
            ],
            "label": "parentchild",
            "committed": false
          },
          {
            "topic": "new relationship",
            "key": 13614,
            "people": [
              12626,
              13612
            ],
            "people names": [
              "Lenildis",
              "Cofte Voet"
            ],
            "people ages": [
              24,
              0
            ],
            "label": "parentchild",
            "committed": false
          }
        ],
        "1201": [
          {
            "topic": "not enough income",
            "income": 0.127,
            "inhabitants": [
              22278,
              30946,
              64850,
              66796,
              68778,
              69963,
              71066,
              71493,
              72964,
              76006
            ]
          }
        ],
        "1202": [
          {
            "topic": "new relationship",
            "key": 17694,
            "people": [
              13612,
              17691
            ],
            "people names": [
              "Cofte Voet",
              "Ioris Jacobszoon"
            ],
            "people ages": [
              1,
              0
            ],
            "label": "sibling",
            "committed": false
          }
        ],
        "1203": [
          {
            "topic": "new relationship",
            "key": 19017,
            "people": [
              13612,
              19014
            ],
            "people names": [
              "Cofte Voet",
              "Mauricius Voet"
            ],
            "people ages": [
              2,
              0
            ],
            "label": "sibling",
            "committed": false
          },
          {
            "topic": "new relationship",
            "key": 20745,
            "people": [
              13612,
              14032
            ],
            "people names": [
              "Cofte Voet",
              "Bernero Calvus"
            ],
            "people ages": [
              3,
              3
            ],
            "label": "unrelated",
            "committed": false
          }
        ],
        "1204": [
          {
            "topic": "new relationship",
            "key": 22281,
            "people": [
              13612,
              22278
            ],
            "people names": [
              "Cofte Voet",
              "Myrthel Voet"
            ],
            "people ages": [
              3,
              0
            ],
            "label": "sibling",
            "committed": false
          }
        ],
        "1205": [
          {
            "topic": "new relationship",
            "key": 23591,
            "people": [
              13612,
              23588
            ],
            "people names": [
              "Cofte Voet",
              "Sollen Voet"
            ],
            "people ages": [
              4,
              0
            ],
            "label": "sibling",
            "committed": false
          },
          {
            "topic": "update",
            "update": "new friendship label",
            "relationship label": "sibling",
            "friendship label": "indifferent",
            "relationship": 17694
          }
        ],
        "1206": [
          {
            "topic": "new relationship",
            "key": 25966,
            "people": [
              13612,
              25963
            ],
            "people names": [
              "Cofte Voet",
              "Zuanelt Voet"
            ],
            "people ages": [
              5,
              0
            ],
            "label": "sibling",
            "committed": false
          }
        ],
        "1208": [
          {
            "topic": "update",
            "update": "new friendship label",
            "relationship label": "sibling",
            "friendship label": "friend",
            "relationship": 22281
          },
          {
            "topic": "update",
            "update": "new friendship label",
            "relationship label": "parentchild",
            "friendship label": "friend",
            "relationship": 13614
          },
          {
            "topic": "new relationship",
            "key": 30927,
            "people": [
              13612,
              14419
            ],
            "people names": [
              "Cofte Voet",
              "Mette Schille"
            ],