{
  "13615": {
    "alive": false,
    "name": "Sanse",
    "surname": "Suamszoon",
    "full name": "Sanse Suamszoon",
    "born this way": {
      "sexuality label": "gay",
      "sexuality": 0.999,
      "romantic interest": 0.927,
      "sex interest": 0.63,
      "gender expression": 0.574,
      "sex": "m"
    },
    "age": 54,
    "birth year": 1200,
    "sex": "m",
    "faction": "No religion",
    "income class": [
      4,
      "nobility"
    ],
    "personality": {
      "lawful-chaotic": 0.485,
      "nice-nasty": 0.326,
      "honest-false": 0.885
    },
    "attitude": {
      "outgoing": 0.37,
      "dream": 0.363
    },
    "homsoc": {
      "means": {
        "independent": true,
        "taken_care_of": false,
        "caretaker": true,
        "needs_care": false,
        "flags": []
      },
      "expression": {
        "sexuality expression": 0.707,
        "gender expression expression": 0.278
      }
    },
    "network": {
      "parents": {
        "mother": "Siburgis (12305)",
        "father": "Suam (12304)"
      },
      "children": {},
      "relationship keys": {
        "parent": [
          13616,
          13617
        ],
        "spouse": [
          47060
        ]
      }
    },
    "occupation": {
      "has job": true,
      "income class": [
        4,
        "nobility"
      ],
      "income": 1.5990000000000002,
      "all_incomes": [
        1.037,
        1.258,
        1.363,
        1.5090000000000001,
        1.5990000000000002,
        1.5990000000000002,
        1.5990000000000002,
        1.5990000000000002,
        1.5990000000000002,
        1.5990000000000002,
        1.5990000000000002,
        1.5990000000000002,
        1.5990000000000002,
        1.5990000000000002,
        1.5990000000000002,
        1.5990000000000002,
        1.5990000000000002,
        1.5990000000000002,
        1.5990000000000002,
        1.5990000000000002,
        1.5990000000000002,
        1.5990000000000002,
        1.5990000000000002,
        1.5990000000000002,
        1.5990000000000002,
        1.5990000000000002,
        1.5990000000000002,
        1.5990000000000002,
        1.5990000000000002,
        1.5990000000000002,
        1.5990000000000002,
        1.5990000000000002,
        1.5990000000000002,
        1.5990000000000002,
        1.5990000000000002,
        1.5990000000000002,
        1.5990000000000002,
        1.5990000000000002,
        1.5990000000000002
      ],
      "job": {
        "lawful": true,
        "honest": true
      }
    },
    "genetics": {
      "skin_color": 4,
      "eye_color": "green",
      "hair_color": "black",
      "hair_color_code": 0,
      "hair_type": [
        "S",
        "S"
      ],
      "health": 0.0,
      "fertility": 0.535,
      "communication_impaired": false,
      "mobility_impaired": false,
      "cognitive_impaired": false,
      "disabilities": []
    },
    "memory": {
      "health": {
        "1201": {
          "health": {
            "change": false,
            "value_change": 0.0,
            "new_health": 0.498
          },
          "death": false
        },
        "1206": {
          "health": {
            "change": true,
            "value_change": -0.293,
            "new_health": 0.205
          },
          "death": false
        },
        "1207": {
          "health": {
            "change": false,
            "value_change": 0.0,
            "new_health": 0.205
          },
          "death": false
        },
        "1251": {
          "health": {
            "change": true,
            "value_change": -0.149,
            "new_health": 0.056
          },
          "death": false
        },
        "1252": {
          "health": {
            "change": true,
            "value_change": -0.054,
            "new_health": 0.002
          },
          "death": false
        },
        "1253": {
          "health": {
            "change": true,
            "value_change": -0.001,
            "new_health": 0.001
          },
          "death": false
        },
        "1254": {
          "health": {
            "change": true,
            "value_change": -0.001,
            "new_health": 0.0
          },
          "death": true
        }
      },
      "events": {
        "1200": [
          {
            "topic": "new home",
            "home": {
              "income class": 4,
              "income class label": "nobility",
              "section": "stMuurhuysen2.se3.c4",
              "street": "Muurhuysen2",
              "neighborhood": "cingelnoord",
              "unique id": 807
            }
          }
        ],
        "1201": [
          {
            "topic": "event",
            "event": "plague",
            "year": 1201
          }
        ],
        "1202": [
          {
            "topic": "update",
            "update": "new friendship label",
            "relationship label": "parentchild",
            "friendship label": "indifferent",
            "relationship": 13616
          }
        ],
        "1206": [
          {
            "topic": "update",
            "update": "new friendship label",
            "relationship label": "parentchild",
            "friendship label": "enemy",
            "relationship": 13617
          }
        ],
        "1215": [
          {
            "topic": "event",
            "event": "plague",
            "year": 1215
          }
        ],
        "1216": [
          {
            "topic": "job notice",
            "notice": "found job",
            "income": 1.037
          },
          {
            "topic": "person died",
            "person": {
              "key": 12305,
              "name": "Siburgis Boene",
              "age": 45,
              "alive": false,
              "sex": "f",
              "parents": "firstgen"
            },
            "cause": "illness",
            "label": "parent"
          }
        ],
        "1221": [
          {
            "topic": "person died",
            "person": {
              "key": 12304,
              "name": "Suam",
              "age": 54,
              "alive": false,
              "sex": "m",
              "parents": "firstgen"
            },
            "cause": "sickness",
            "label": "parent"
          }
        ],
        "1232": [
          {
            "topic": "event",
            "event": "war",
            "year": 1232
          }
        ],
        "1247": [
          {
            "topic": "new relationship",
            "key": 47060,
            "people": [
              13615,
              13219
            ],
            "people names": [
              "Sanse Suamszoon",
              "Sywi Criec"
            ],
            "people ages": [
              47,
              47
            ],
            "label": "spouse",
            "committed": true
          },
          {
            "topic": "new home",
            "home": {
              "income class": 4,
              "income class label": "nobility",
              "section": "stMuurhuysen2.se1.c4",
              "street": "Muurhuysen2",
              "neighborhood": "cingelnoord",
              "unique id": 798
            }
          }
        ],
        "1248": [
          {
            "topic": "feelings change",
            "target": 13219,
            "target name": "Sywi Criec",
            "state": "out of love",
            "relationship": 47060
          }
        ],
        "1250": [
          {
            "key": 47060,
            "topic": "unmarried"
          },
          {
            "topic": "person died",
            "person": {
              "key": 13219,
              "name": "Sywi Criec",
              "age": 50,
              "alive": false,
              "sex": "f",
              "parents": {
                "mother": "Clara (12401)",
                "father": "Ghiselijn (12400)"
              }
            },
            "cause": "illness",
            "label": "spouse"
          }
        ],