{
  "13618": {
    "alive": false,
    "name": "Katerina",
    "surname": "",
    "full name": "Katerina",
    "born this way": {
      "sexuality label": "straight",
      "sexuality": 0.054,
      "romantic interest": 0.437,
      "sex interest": 0.598,
      "gender expression": 0.018,
      "sex": "f"
    },
    "age": 51,
    "birth year": 1200,
    "sex": "f",
    "faction": "Zealots",
    "income class": [
      4,
      "nobility"
    ],
    "personality": {
      "lawful-chaotic": 0.359,
      "nice-nasty": 0.494,
      "honest-false": 0.606
    },
    "attitude": {
      "outgoing": 0.868,
      "dream": 0.422
    },
    "homsoc": {
      "means": {
        "independent": true,
        "taken_care_of": false,
        "caretaker": true,
        "needs_care": false,
        "flags": []
      },
      "expression": {
        "sexuality expression": 0.033,
        "gender expression expression": 0.008
      }
    },
    "network": {
      "parents": {
        "mother": "Saxiardis (12287)",
        "father": "Ludingus (12286)"
      },
      "children": {},
      "relationship keys": {
        "parent": [
          13619,
          13620
        ],
        "spouse": [
          34040
        ]
      }
    },
    "occupation": {
      "has job": true,
      "income class": [
        4,
        "nobility"
      ],
      "income": 1.5990000000000002,
      "all_incomes": [
        1.081,
        1.1520000000000001,
        1.2810000000000001,
        1.4600000000000002,
        1.5990000000000002,
        1.5990000000000002,
        1.5990000000000002,
        1.5990000000000002,
        1.5990000000000002,
        1.5990000000000002,
        1.5990000000000002,
        1.598,
        1.5990000000000002,
        1.5990000000000002,
        1.5990000000000002,
        1.5990000000000002,
        1.5990000000000002,
        1.5990000000000002,
        1.5990000000000002,
        1.5990000000000002,
        1.5990000000000002,
        1.5990000000000002,
        1.5990000000000002,
        1.5990000000000002,
        1.5990000000000002,
        1.5990000000000002,
        1.5990000000000002,
        1.5990000000000002,
        1.5990000000000002,
        1.5990000000000002
      ],
      "job": {
        "lawful": true,
        "honest": true
      }
    },
    "genetics": {
      "skin_color": 4,
      "eye_color": "brown",
      "hair_color": "dark brown",
      "hair_color_code": 1,
      "hair_type": [
        "S",
        "C"
      ],
      "health": 0.0,
      "fertility": 0.414,
      "communication_impaired": false,
      "mobility_impaired": false,
      "cognitive_impaired": false,
      "disabilities": []
    },
    "memory": {
      "health": {
        "1201": {
          "health": {
            "change": false,
            "value_change": 0.0,
            "new_health": 0.446
          },
          "death": false
        },
        "1209": {
          "health": {
            "change": true,
            "value_change": -0.229,
            "new_health": 0.217
          },
          "death": false
        },
        "1210": {
          "health": {
            "change": false,
            "value_change": 0.0,
            "new_health": 0.217
          },
          "death": false
        },
        "1238": {
          "health": {
            "change": true,
            "value_change": -0.177,
            "new_health": 0.04
          },
          "death": false
        },
        "1239": {
          "health": {
            "change": false,
            "value_change": 0.0,
            "new_health": 0.04
          },
          "death": false
        },
        "1251": {
          "health": {
            "change": true,
            "value_change": -0.04,
            "new_health": 0.0
          },
          "death": true
        }
      },
      "events": {
        "1200": [
          {
            "topic": "new home",
            "home": {
              "income class": 4,
              "income class label": "nobility",
              "section": "stMuurhuysen2.se1.c4",
              "street": "Muurhuysen2",
              "neighborhood": "cingelnoord",
              "unique id": 801
            }
          }
        ],
        "1201": [
          {
            "topic": "event",
            "event": "plague",
            "year": 1201
          },
          {
            "topic": "update",
            "update": "new friendship label",
            "relationship label": "parentchild",
            "friendship label": "indifferent",
            "relationship": 13620
          }
        ],
        "1209": [
          {
            "topic": "person died",
            "person": {
              "key": 12286,
              "name": "Ludingus",
              "age": 55,
              "alive": false,
              "sex": "m",
              "parents": "firstgen"
            },
            "cause": "sickness",
            "label": "parent"
          }
        ],
        "1215": [
          {
            "topic": "event",
            "event": "plague",
            "year": 1215
          }
        ],
        "1222": [
          {
            "topic": "job notice",
            "notice": "found job",
            "income": 1.081
          }
        ],
        "1225": [
          {
            "topic": "person died",
            "person": {
              "key": 12287,
              "name": "Saxiardis Hoghen",
              "age": 55,
              "alive": false,
              "sex": "f",
              "parents": "firstgen"
            },
            "cause": "sickness",
            "label": "parent"
          }
        ],
        "1232": [
          {
            "topic": "event",
            "event": "war",
            "year": 1232
          },
          {
            "topic": "new relationship",
            "key": 34040,
            "people": [
              13231,
              13618
            ],
            "people names": [
              "Sylawert Spirinc",
              "Katerina"
            ],
            "people ages": [
              32,
              32
            ],
            "label": "spouse",
            "committed": true
          },
          {
            "topic": "new home",
            "home": {
              "income class": 3,
              "income class label": "upper middle class",
              "section": "stMuurhuysen2.se5.c3",
              "street": "Muurhuysen2",
              "neighborhood": "cingelnoord",
              "unique id": 812
            }
          }
        ],
        "1233": [
          {
            "topic": "update",
            "update": "new friendship label",
            "relationship label": "spouse",
            "friendship label": "friend",
            "relationship": 34040
          }
        ],
        "1234": [
          {
            "topic": "update",
            "update": "new friendship label",
            "relationship label": "spouse",
            "friendship label": "friend",
            "relationship": 34040
          }
        ],
        "1251": [
          {
            "topic": "death",
            "cause": "sickness"
          }
        ]
      }
    },
    "key": 13618,
    "home": {
      "income class": 3,
      "income class label": "upper middle class",
      "section": "stMuurhuysen2.se5.c3",
      "street": "Muurhuysen2",
      "neighborhood": "cingelnoord",
      "unique id": 812
    },
    "relationship status": {
      "taken": true,
      "married": true,
      "relationships": [
        34040
      ]
    }
  }
}