{
  "13627": {
    "alive": true,
    "name": "Gerburgis",
    "surname": "Vinke",
    "full name": "Gerburgis Vinke",
    "born this way": {
      "sexuality label": "straight",
      "sexuality": 0.112,
      "romantic interest": 0.802,
      "sex interest": 0.63,
      "gender expression": 0.197,
      "sex": "f"
    },
    "age": 49,
    "birth year": 1200,
    "sex": "f",
    "faction": "Zealots",
    "income class": [
      2,
      "middle class"
    ],
    "personality": {
      "lawful-chaotic": 0.673,
      "nice-nasty": 0.68,
      "honest-false": 0.837,
      "dream": 0.13,
      "outgoing": 0.475
    },
    "attitude": {
      "dream": 0.13,
      "outgoing": 0.475
    },
    "homsoc": {
      "means": {
        "independent": true,
        "taken_care_of": false,
        "caretaker": true,
        "needs_care": false,
        "flags": [
          "starving"
        ]
      },
      "expression": {
        "sexuality expression": 0.068,
        "gender expression expression": 0.078
      }
    },
    "network": {
      "parents": {
        "mother": "Linnea (12062)",
        "father": "Werenboud (12061)"
      },
      "children": {},
      "relationship keys": {
        "parent": [
          13628,
          13629
        ],
        "sibling": [
          15035,
          22916,
          25746
        ],
        "half-sibling": [
          34319
        ]
      }
    },
    "occupation": {
      "has job": true,
      "income class": [
        2,
        "middle class"
      ],
      "income": 1.14,
      "all_incomes": [
        0.972,
        0.908,
        0.967,
        0.995,
        1.0479999999999998,
        1.101,
        1.012,
        1.2149999999999999,
        1.115,
        1.188,
        1.238,
        1.3619999999999999,
        1.327,
        1.263,
        1.2369999999999999,
        1.3539999999999999,
        1.095,
        1.2249999999999999,
        1.107,
        1.1769999999999998,
        1.345,
        1.373,
        1.257,
        1.375,
        1.3359999999999999,
        1.4389999999999998,
        1.524,
        1.524,
        1.524,
        1.524,
        1.524,
        1.4229999999999998,
        1.266,
        1.14
      ],
      "job": {
        "lawful": false,
        "honest": true
      }
    },
    "genetics": {
      "skin_color": 8,
      "eye_color": "brown",
      "hair_color": "brown",
      "hair_color_code": 2,
      "hair_type": [
        "S",
        "C"
      ],
      "health": 0.788,
      "fertility": 0.758,
      "communication_impaired": false,
      "mobility_impaired": false,
      "cognitive_impaired": false,
      "disabilities": []
    },
    "memory": {
      "health": {
        "1201": {
          "health": {
            "change": false,
            "value_change": 0.0,
            "new_health": 0.788
          },
          "death": false
        }
      },
      "events": {
        "1200": [
          {
            "topic": "birth",
            "year": 1200
          },
          {
            "topic": "new relationship",
            "key": 13628,
            "people": [
              12061,
              13627
            ],
            "people names": [
              "Werenboud Vinke",
              "Gerburgis Vinke"
            ],
            "people ages": [
              38,
              0
            ],
            "label": "parentchild",
            "committed": false
          },
          {
            "topic": "new relationship",
            "key": 13629,
            "people": [
              12062,
              13627
            ],
            "people names": [
              "Linnea",
              "Gerburgis Vinke"
            ],
            "people ages": [
              28,
              0
            ],
            "label": "parentchild",
            "committed": false
          }
        ],
        "1201": [
          {
            "topic": "new relationship",
            "key": 15035,
            "people": [
              13627,
              15032
            ],
            "people names": [
              "Gerburgis Vinke",
              "Vroeden Vinke"
            ],
            "people ages": [
              1,
              0
            ],
            "label": "sibling",
            "committed": false
          }
        ],
        "1203": [
          {
            "topic": "update",
            "update": "new friendship label",
            "relationship label": "parentchild",
            "friendship label": "friend",
            "relationship": 13629
          }
        ],
        "1205": [
          {
            "topic": "new relationship",
            "key": 22916,
            "people": [
              13627,
              22913
            ],
            "people names": [
              "Gerburgis Vinke",
              "Lelien Vinke"
            ],
            "people ages": [
              4,
              0
            ],
            "label": "sibling",
            "committed": false
          }
        ],
        "1206": [
          {
            "topic": "new relationship",
            "key": 25746,
            "people": [
              13627,
              25743
            ],
            "people names": [
              "Gerburgis Vinke",
              "Sywi Vinke"
            ],
            "people ages": [
              5,
              0
            ],
            "label": "sibling",
            "committed": false
          },
          {
            "topic": "person died",
            "person": {
              "key": 12062,
              "name": "Linnea",
              "age": 34,
              "alive": false,
              "sex": "f",
              "parents": "firstgen"
            },
            "cause": "childbirth",
            "friendship label": "friend",
            "label": "parent"
          }
        ],
        "1208": [
          {
            "topic": "event",
            "event": "faction upheaval",
            "faction": "No religion",
            "year": 1208
          }
        ],
        "1209": [
          {
            "topic": "update",
            "update": "parent married",
            "parent": 12061,
            "new partner": 11111
          }
        ],
        "1210": [
          {
            "topic": "update",
            "update": "new friendship label",
            "relationship label": "parentchild",
            "friendship label": "friend",
            "relationship": 13628
          },
          {
            "topic": "new relationship",
            "key": 34319,
            "people": [
              13627,
              33155
            ],
            "people names": [
              "Gerburgis Vinke",
              "Rembrecht Vinke"
            ],
            "people ages": [
              10,
              0
            ],
            "label": "half-sibling",
            "committed": false
          }
        ],
        "1213": [
          {
            "topic": "update",
            "update": "new friendship label",
            "relationship label": "half-sibling",
            "friendship label": "indifferent",
            "relationship": 34319
          }
        ],
        "1215": [
          {
            "topic": "event",
            "event": "plague",
            "year": 1215
          },
          {
            "topic": "person died",
            "person": {
              "key": 12061,
              "name": "Werenboud Vinke",
              "age": 54,
              "alive": false,
              "sex": "m",
              "parents": "firstgen"
            },
            "cause": "sickness",
            "friendship label": "friend",
            "label": "parent"
          }
        ],
        "1216": [
          {
            "topic": "job notice",
            "notice": "found job",
            "income": 0.972
          },
          {
            "topic": "not enough income",
            "income": 0,