{
  "13624": {
    "alive": false,
    "name": "Trove",
    "surname": "",
    "full name": "Trove",
    "born this way": {
      "sexuality label": "straight",
      "sexuality": 0.048,
      "romantic interest": 0.632,
      "sex interest": 0.712,
      "gender expression": 0.101,
      "sex": "m"
    },
    "age": 46,
    "birth year": 1200,
    "sex": "m",
    "faction": "Zealots",
    "income class": [
      3,
      "upper middle class"
    ],
    "personality": {
      "lawful-chaotic": 0.707,
      "nice-nasty": 0.146,
      "honest-false": 0.844,
      "dream": 0.286,
      "outgoing": 0.862
    },
    "attitude": {
      "dream": 0.286,
      "outgoing": 0.862
    },
    "homsoc": {
      "means": {
        "independent": true,
        "taken_care_of": false,
        "caretaker": true,
        "needs_care": false,
        "flags": [
          "starving"
        ]
      },
      "expression": {
        "sexuality expression": 0.042,
        "gender expression expression": 0.071
      }
    },
    "network": {
      "parents": {
        "mother": "Gloria (11957)",
        "father": "Ramont (11956)"
      },
      "children": {},
      "relationship keys": {
        "parent": [
          13625,
          13626
        ],
        "sibling": [
          16094,
          17379,
          18819
        ],
        "unrelated": [
          50453,
          53402,
          60057
        ]
      }
    },
    "occupation": {
      "has job": true,
      "income class": [
        3,
        "upper middle class"
      ],
      "income": 1.303,
      "all_incomes": [
        1.061,
        1.323,
        1.2630000000000001,
        1.335,
        1.368,
        1.327,
        1.235,
        1.343,
        1.5490000000000002,
        1.5490000000000002,
        1.469,
        1.5490000000000002,
        1.454,
        1.5490000000000002,
        1.5490000000000002,
        1.5490000000000002,
        1.4060000000000001,
        1.091,
        1.387,
        1.374,
        1.3820000000000001,
        1.5490000000000002,
        1.5490000000000002,
        1.5490000000000002,
        1.5490000000000002,
        1.5490000000000002,
        1.5490000000000002,
        1.5490000000000002,
        1.4100000000000001,
        1.341,
        1.303
      ],
      "job": {
        "lawful": true,
        "honest": false
      }
    },
    "genetics": {
      "skin_color": 4,
      "eye_color": "brown",
      "hair_color": "brown",
      "hair_color_code": 2,
      "hair_type": [
        "C",
        "C"
      ],
      "health": 0.67,
      "fertility": 0.732,
      "communication_impaired": false,
      "mobility_impaired": false,
      "cognitive_impaired": false,
      "disabilities": []
    },
    "memory": {
      "health": {
        "1201": {
          "health": {
            "change": false,
            "value_change": 0.0,
            "new_health": 0.67
          },
          "death": false
        },
        "1246": {
          "health": {
            "change": false,
            "value_change": 0.0,
            "new_health": 0.67
          },
          "death": true
        }
      },
      "events": {
        "1200": [
          {
            "topic": "birth",
            "year": 1200
          },
          {
            "topic": "new relationship",
            "key": 13625,
            "people": [
              11956,
              13624
            ],
            "people names": [
              "Ramont",
              "Trove"
            ],
            "people ages": [
              27,
              0
            ],
            "label": "parentchild",
            "committed": false
          },
          {
            "topic": "new relationship",
            "key": 13626,
            "people": [
              11957,
              13624
            ],
            "people names": [
              "Gloria Tunne",
              "Trove"
            ],
            "people ages": [
              24,
              0
            ],
            "label": "parentchild",
            "committed": false
          }
        ],
        "1201": [
          {
            "topic": "new relationship",
            "key": 16094,
            "people": [
              13624,
              16091
            ],
            "people names": [
              "Trove",
              "Woutersoet van Gloria"
            ],
            "people ages": [
              0,
              0
            ],
            "label": "sibling",
            "committed": false
          }
        ],
        "1202": [
          {
            "topic": "new relationship",
            "key": 17379,
            "people": [
              13624,
              17376
            ],
            "people names": [
              "Trove",
              "Franco"
            ],
            "people ages": [
              1,
              0
            ],
            "label": "sibling",
            "committed": false
          }
        ],
        "1203": [
          {
            "topic": "new relationship",
            "key": 18819,
            "people": [
              13624,
              18816
            ],
            "people names": [
              "Trove",
              "Heinone Ramontszoon"
            ],
            "people ages": [
              2,
              0
            ],
            "label": "sibling",
            "committed": false
          }
        ],
        "1204": [
          {
            "topic": "person died",
            "person": {
              "key": 11956,
              "name": "Ramont",
              "age": 31,
              "alive": false,
              "sex": "m",
              "parents": "firstgen"
            },
            "cause": "illness",
            "friendship label": "indifferent",
            "label": "parent"
          }
        ],
        "1205": [
          {
            "topic": "update",
            "update": "new friendship label",
            "relationship label": "parentchild",
            "friendship label": "friend",
            "relationship": 13626
          },
          {
            "topic": "person died",
            "person": {
              "key": 16091,
              "name": "Woutersoet van Gloria",
              "age": 4,
              "alive": false,
              "sex": "m",
              "parents": {
                "mother": "Gloria (11957)",
                "father": "Ramont (11956)"
              }
            },
            "cause": "childhood illness",
            "friendship label": "friend",
            "label": "sibling"
          },
          {
            "topic": "not enough income",
            "income": 0,
            "inhabitants": []
          }
        ],
        "1206": [
          {
            "topic": "not enough income",
            "income": 0,
            "inhabitants": []
          }
        ],
        "1207": [
          {
            "topic": "person died",
            "person": {
              "key": 18816,
              "name": "Heinone Ramontszoon",
              "age": 4,
              "alive": false,
              "sex": "m",
              "parents": {
                "mother": "Gloria (11957)",
                "father": "Ramont (11956)"
              }
            },
            "cause": "starvation",
            "friendship label": "friend",
            "label": "sibling"
          },
          {
            "topic": "not enough income",
            "income": 0,
            "inhabitants": []
          }
        ],
        "1208": [
          {
            "topic": "not enough income",
            "income": 0,
            "inhabitants": []
          }
        ],
        "1209": [
          {
            "topic": "not enough income",
            "income": 0,
            "inhabitants": []
          }
        ],
        "1210": [
          {
            "topic": "not enough income",
            "income": 0,
            "inhabitants": []
          }
        ],