{
  "13642": {
    "alive": true,
    "name": "Gelmarus",
    "surname": "Snauel",
    "full name": "Gelmarus Snauel",
    "born this way": {
      "sexuality label": "straight",
      "sexuality": 0.013,
      "romantic interest": 0.807,
      "sex interest": 0.49,
      "gender expression": 0.0,
      "sex": "m"
    },
    "age": 49,
    "birth year": 1200,
    "sex": "m",
    "faction": "No religion",
    "income class": [
      2,
      "middle class"
    ],
    "personality": {
      "lawful-chaotic": 0.455,
      "nice-nasty": 0.999,
      "honest-false": 0.424,
      "dream": 0.394,
      "outgoing": 0.785
    },
    "attitude": {
      "dream": 0.394,
      "outgoing": 0.785
    },
    "homsoc": {
      "means": {
        "independent": true,
        "taken_care_of": false,
        "caretaker": true,
        "needs_care": false,
        "flags": [
          "starving"
        ]
      },
      "expression": {
        "sexuality expression": 0.008,
        "gender expression expression": -0.001
      }
    },
    "network": {
      "parents": {
        "mother": "Gertrudis (10631)",
        "father": "Clais (10630)"
      },
      "children": {},
      "relationship keys": {
        "parent": [
          13643,
          13644
        ],
        "sibling": [
          14995,
          20452,
          30554,
          36032,
          38335,
          40282,
          42412
        ],
        "unrelated": [
          66281
        ]
      }
    },
    "occupation": {
      "has job": true,
      "income class": [
        2,
        "middle class"
      ],
      "income": 0.969,
      "all_incomes": [
        0.887,
        0.8320000000000001,
        0.736,
        0.5760000000000001,
        0.249,
        0.118,
        0.025,
        0.08399999999999999,
        0.025,
        0.096,
        0.026000000000000002,
        0.025,
        0.495,
        0.5650000000000001,
        0.025,
        0.118,
        0.044,
        0.23099999999999998,
        0.184,
        0.144,
        0.025,
        0.025,
        0.635,
        0.8260000000000001,
        0.839,
        0.316,
        0.263,
        0.127,
        0.04,
        0.025,
        0.438,
        0.388,
        0.884,
        0.969
      ],
      "job": {
        "lawful": false,
        "honest": false
      }
    },
    "genetics": {
      "skin_color": 4,
      "eye_color": "brown",
      "hair_color": "red",
      "hair_color_code": 3,
      "hair_type": [
        "C",
        "C"
      ],
      "health": 0.722,
      "fertility": 0.637,
      "communication_impaired": false,
      "mobility_impaired": false,
      "cognitive_impaired": false,
      "disabilities": []
    },
    "memory": {
      "health": {
        "1201": {
          "health": {
            "change": false,
            "value_change": 0.0,
            "new_health": 0.722
          },
          "death": false
        }
      },
      "events": {
        "1200": [
          {
            "topic": "birth",
            "year": 1200
          },
          {
            "topic": "new relationship",
            "key": 13643,
            "people": [
              10630,
              13642
            ],
            "people names": [
              "Clais Snauel",
              "Gelmarus Snauel"
            ],
            "people ages": [
              26,
              0
            ],
            "label": "parentchild",
            "committed": false
          },
          {
            "topic": "new relationship",
            "key": 13644,
            "people": [
              10631,
              13642
            ],
            "people names": [
              "Gertrudis",
              "Gelmarus Snauel"
            ],
            "people ages": [
              18,
              0
            ],
            "label": "parentchild",
            "committed": false
          }
        ],
        "1201": [
          {
            "topic": "new relationship",
            "key": 14995,
            "people": [
              13642,
              14992
            ],
            "people names": [
              "Gelmarus Snauel",
              "Esa Snauel"
            ],
            "people ages": [
              0,
              0
            ],
            "label": "sibling",
            "committed": false
          }
        ],
        "1202": [
          {
            "topic": "update",
            "update": "new friendship label",
            "relationship label": "sibling",
            "friendship label": "friend",
            "relationship": 14995
          }
        ],
        "1203": [
          {
            "topic": "new relationship",
            "key": 20452,
            "people": [
              13642,
              20449
            ],
            "people names": [
              "Gelmarus Snauel",
              "Amisius Snauel"
            ],
            "people ages": [
              2,
              0
            ],
            "label": "sibling",
            "committed": false
          }
        ],
        "1206": [
          {
            "topic": "update",
            "update": "new friendship label",
            "relationship label": "sibling",
            "friendship label": "friend",
            "relationship": 20452
          }
        ],
        "1208": [
          {
            "topic": "event",
            "event": "faction upheaval",
            "faction": "No religion",
            "year": 1208
          },
          {
            "topic": "new relationship",
            "key": 30554,
            "people": [
              13642,
              30551
            ],
            "people names": [
              "Gelmarus Snauel",
              "Reynwi Claissdochter"
            ],
            "people ages": [
              8,
              0
            ],
            "label": "sibling",
            "committed": false
          }
        ],
        "1212": [
          {
            "topic": "new relationship",
            "key": 36032,
            "people": [
              13642,
              36029
            ],
            "people names": [
              "Gelmarus Snauel",
              "Menoldis Snauel"
            ],
            "people ages": [
              11,
              0
            ],
            "label": "sibling",
            "committed": false
          }
        ],
        "1213": [
          {
            "topic": "new relationship",
            "key": 38335,
            "people": [
              13642,
              38332
            ],
            "people names": [
              "Gelmarus Snauel",
              "Rolant Snauel"
            ],
            "people ages": [
              13,
              0
            ],
            "label": "sibling",
            "committed": false
          }
        ],
        "1214": [
          {
            "topic": "update",
            "update": "new friendship label",
            "relationship label": "sibling",
            "friendship label": "friend",
            "relationship": 14995
          },
          {
            "topic": "not enough income",
            "income": 0.79,
            "inhabitants": [
              13642,
              30551,
              36029,
              38332,
              42409,
              26381,
              58850,
              62492,
              66009,
              69087,
              72395,
              77028,
              79654,
              13474
            ]
          }
        ],
        "1215": [
          {
            "topic": "event",
            "event": "plague",
            "year": 1215
          },
          {
            "topic": "new relationship",
            "key": 40282,
            "people": [
              13642,
              40279
            ],
            "people names": [
              "Gelmarus Snauel",
              "Lenildis Snauel"
            ],
            "people ages": [
              15,
              0
            ],
            "label": "sibling",