{
  "13642": {
    "alive": true,
    "name": "Gerlacus",
    "surname": "van Agota",
    "full name": "Gerlacus van Agota",
    "born this way": {
      "sexuality label": "bi",
      "sexuality": 0.43,
      "romantic interest": 0.926,
      "sex interest": 0.401,
      "gender expression": 0.409,
      "sex": "m"
    },
    "age": 49,
    "birth year": 1200,
    "sex": "m",
    "faction": "Zealots",
    "income class": [
      3,
      "upper middle class"
    ],
    "personality": {
      "lawful-chaotic": 0.2,
      "nice-nasty": 0.472,
      "honest-false": 0.211,
      "dream": 0.38,
      "outgoing": 0.708
    },
    "attitude": {
      "dream": 0.38,
      "outgoing": 0.708
    },
    "homsoc": {
      "means": {
        "independent": true,
        "taken_care_of": false,
        "caretaker": true,
        "needs_care": false,
        "flags": []
      },
      "expression": {
        "sexuality expression": 0.186,
        "gender expression expression": 0.116
      }
    },
    "network": {
      "parents": {
        "mother": "Agota (11924)",
        "father": "Anthonius (11923)"
      },
      "children": {},
      "relationship keys": {
        "parent": [
          13643,
          13644
        ],
        "sibling": [
          19985,
          20941,
          29818,
          33123,
          35683
        ],
        "unrelated": [
          46036,
          56785
        ]
      }
    },
    "occupation": {
      "has job": true,
      "income class": [
        3,
        "upper middle class"
      ],
      "income": 1.475,
      "all_incomes": [
        0.862,
        0.794,
        0.492,
        0.5880000000000001,
        0.6950000000000001,
        0.8150000000000001,
        0.768,
        0.771,
        0.797,
        1.205,
        1.32,
        1.155,
        1.167,
        1.305,
        1.187,
        1.1380000000000001,
        0.686,
        0.741,
        0.9700000000000001,
        0.998,
        0.88,
        0.755,
        0.794,
        0.751,
        1.088,
        1.214,
        1.07,
        0.793,
        0.9870000000000001,
        1.022,
        1.225,
        1.4200000000000002,
        1.5490000000000002,
        1.475
      ],
      "job": {
        "lawful": true,
        "honest": false
      }
    },
    "genetics": {
      "skin_color": 5,
      "eye_color": "blue",
      "hair_color": "red",
      "hair_color_code": 3,
      "hair_type": [
        "S",
        "C"
      ],
      "health": 0.626,
      "fertility": 0.618,
      "communication_impaired": false,
      "mobility_impaired": false,
      "cognitive_impaired": false,
      "disabilities": []
    },
    "memory": {
      "health": {
        "1201": {
          "health": {
            "change": false,
            "value_change": 0.0,
            "new_health": 0.626
          },
          "death": false
        }
      },
      "events": {
        "1200": [
          {
            "topic": "birth",
            "year": 1200
          },
          {
            "topic": "new relationship",
            "key": 13643,
            "people": [
              11923,
              13642
            ],
            "people names": [
              "Anthonius",
              "Gerlacus van Agota"
            ],
            "people ages": [
              37,
              0
            ],
            "label": "parentchild",
            "committed": false
          },
          {
            "topic": "new relationship",
            "key": 13644,
            "people": [
              11924,
              13642
            ],
            "people names": [
              "Agota Scenkel",
              "Gerlacus van Agota"
            ],
            "people ages": [
              17,
              0
            ],
            "label": "parentchild",
            "committed": false
          }
        ],
        "1203": [
          {
            "topic": "update",
            "update": "new friendship label",
            "relationship label": "parentchild",
            "friendship label": "indifferent",
            "relationship": 13644
          },
          {
            "topic": "new relationship",
            "key": 19985,
            "people": [
              13642,
              19982
            ],
            "people names": [
              "Gerlacus van Agota",
              "Sifridus"
            ],
            "people ages": [
              2,
              0
            ],
            "label": "sibling",
            "committed": false
          }
        ],
        "1204": [
          {
            "topic": "new relationship",
            "key": 20941,
            "people": [
              13642,
              20938
            ],
            "people names": [
              "Gerlacus van Agota",
              "Suaneka van Anthonius"
            ],
            "people ages": [
              3,
              0
            ],
            "label": "sibling",
            "committed": false
          }
        ],
        "1205": [
          {
            "topic": "update",
            "update": "new friendship label",
            "relationship label": "sibling",
            "friendship label": "friend",
            "relationship": 20941
          }
        ],
        "1206": [
          {
            "topic": "update",
            "update": "new friendship label",
            "relationship label": "parentchild",
            "friendship label": "indifferent",
            "relationship": 13644
          }
        ],
        "1208": [
          {
            "topic": "new relationship",
            "key": 29818,
            "people": [
              13642,
              29815
            ],
            "people names": [
              "Gerlacus van Agota",
              "Linnea van Anthonius"
            ],
            "people ages": [
              7,
              0
            ],
            "label": "sibling",
            "committed": false
          },
          {
            "topic": "update",
            "update": "new friendship label",
            "relationship label": "parentchild",
            "friendship label": "disliked",
            "relationship": 13644
          },
          {
            "topic": "update",
            "update": "new friendship label",
            "relationship label": "parentchild",
            "friendship label": "indifferent",
            "relationship": 13643
          }
        ],
        "1210": [
          {
            "topic": "new relationship",
            "key": 33123,
            "people": [
              13642,
              33120
            ],
            "people names": [
              "Gerlacus van Agota",
              "Ulrici van Anthonius"
            ],
            "people ages": [
              10,
              0
            ],
            "label": "sibling",
            "committed": false
          }
        ],
        "1211": [
          {
            "topic": "update",
            "update": "new friendship label",
            "relationship label": "sibling",
            "friendship label": "friend",
            "relationship": 29818
          }
        ],
        "1212": [
          {
            "topic": "new relationship",
            "key": 35683,
            "people": [
              13642,
              35680
            ],
            "people names": [
              "Gerlacus van Agota",
              "Heilsota Anthoniussdochter"
            ],
            "people ages": [
              11,
              0
            ],
            "label": "sibling",
            "committed": false
          }
        ],
        "1213": [
          {
            "topic": "person died",
            "person": {
              "key": 11924,
              "name": "Agota Scenkel",
              "age": 30,
              "alive": false,
              "sex": "f",
              "parents": "firstgen"
            },
            "cause": "childbirth",
            "friendship label": "disliked",