{
  "13684": {
    "alive": false,
    "name": "Heideric",
    "surname": "Hanen",
    "full name": "Heideric Hanen",
    "born this way": {
      "sexuality label": "straight",
      "sexuality": 0.078,
      "romantic interest": 0.623,
      "sex interest": 0.89,
      "gender expression": 0.109,
      "sex": "m"
    },
    "age": 46,
    "birth year": 1200,
    "sex": "m",
    "faction": "Dogmatists",
    "income class": [
      3,
      "upper middle class"
    ],
    "personality": {
      "lawful-chaotic": 0.011,
      "nice-nasty": 0.0,
      "honest-false": 0.289,
      "dream": 0.415,
      "outgoing": 0.609
    },
    "attitude": {
      "dream": 0.415,
      "outgoing": 0.609
    },
    "homsoc": {
      "means": {
        "independent": true,
        "taken_care_of": false,
        "caretaker": true,
        "needs_care": false,
        "flags": []
      },
      "expression": {
        "sexuality expression": 0.045,
        "gender expression expression": 0.089
      }
    },
    "network": {
      "parents": {
        "mother": "Remsindis (11648)",
        "father": "Gerlacus (11647)"
      },
      "children": {},
      "relationship keys": {
        "parent": [
          13685,
          13686
        ],
        "sibling": [
          14586,
          20786,
          29508
        ],
        "unrelated": [
          41003,
          52192
        ],
        "spouse": [
          77381
        ]
      }
    },
    "occupation": {
      "has job": true,
      "income class": [
        3,
        "upper middle class"
      ],
      "income": 1.409,
      "all_incomes": [
        1.243,
        1.2910000000000001,
        1.256,
        1.373,
        1.227,
        1.5490000000000002,
        1.5490000000000002,
        0.9580000000000001,
        0.9820000000000001,
        0.6030000000000001,
        0.782,
        0.805,
        1.018,
        1.064,
        0.254,
        0.05,
        0.5850000000000001,
        0.925,
        1.5490000000000002,
        1.5490000000000002,
        1.249,
        1.436,
        1.5490000000000002,
        1.5490000000000002,
        1.544,
        1.354,
        1.48,
        1.5490000000000002,
        1.208,
        1.409
      ],
      "job": {
        "lawful": false,
        "honest": false
      }
    },
    "genetics": {
      "skin_color": 2,
      "eye_color": "green",
      "hair_color": "red",
      "hair_color_code": 3,
      "hair_type": [
        "C",
        "S"
      ],
      "health": 0.584,
      "fertility": 0.587,
      "communication_impaired": false,
      "mobility_impaired": false,
      "cognitive_impaired": false,
      "disabilities": []
    },
    "memory": {
      "health": {
        "1201": {
          "health": {
            "change": false,
            "value_change": 0.0,
            "new_health": 0.584
          },
          "death": false
        },
        "1246": {
          "health": {
            "change": false,
            "value_change": 0.0,
            "new_health": 0.584
          },
          "death": true
        }
      },
      "events": {
        "1200": [
          {
            "topic": "birth",
            "year": 1200
          },
          {
            "topic": "new relationship",
            "key": 13685,
            "people": [
              11647,
              13684
            ],
            "people names": [
              "Gerlacus Hanen",
              "Heideric Hanen"
            ],
            "people ages": [
              27,
              0
            ],
            "label": "parentchild",
            "committed": false
          },
          {
            "topic": "new relationship",
            "key": 13686,
            "people": [
              11648,
              13684
            ],
            "people names": [
              "Remsindis",
              "Heideric Hanen"
            ],
            "people ages": [
              23,
              0
            ],
            "label": "parentchild",
            "committed": false
          }
        ],
        "1201": [
          {
            "topic": "new relationship",
            "key": 14586,
            "people": [
              13684,
              14583
            ],
            "people names": [
              "Heideric Hanen",
              "Agota Hanen"
            ],
            "people ages": [
              0,
              0
            ],
            "label": "sibling",
            "committed": false
          }
        ],
        "1204": [
          {
            "topic": "new relationship",
            "key": 20786,
            "people": [
              13684,
              20783
            ],
            "people names": [
              "Heideric Hanen",
              "Lardies Hanen"
            ],
            "people ages": [
              3,
              0
            ],
            "label": "sibling",
            "committed": false
          }
        ],
        "1205": [
          {
            "topic": "person died",
            "person": {
              "key": 20783,
              "name": "Lardies Hanen",
              "age": 1,
              "alive": false,
              "sex": "m",
              "parents": {
                "mother": "Remsindis (11648)",
                "father": "Gerlacus (11647)"
              }
            },
            "cause": "childhood illness",
            "friendship label": "indifferent",
            "label": "sibling"
          }
        ],
        "1208": [
          {
            "topic": "event",
            "event": "faction upheaval",
            "faction": "No religion",
            "year": 1208
          },
          {
            "topic": "new relationship",
            "key": 29508,
            "people": [
              13684,
              29505
            ],
            "people names": [
              "Heideric Hanen",
              "Geile Hanen"
            ],
            "people ages": [
              7,
              0
            ],
            "label": "sibling",
            "committed": false
          }
        ],
        "1215": [
          {
            "topic": "event",
            "event": "plague",
            "year": 1215
          },
          {
            "topic": "personality change",
            "change": true,
            "trait": "lawful-chaotic",
            "trigger": "trauma",
            "mod": -0.019
          },
          {
            "topic": "new relationship",
            "key": 41003,
            "people": [
              13684,
              12940
            ],
            "people names": [
              "Heideric Hanen",
              "Coekea Loeuin"
            ],
            "people ages": [
              15,
              15
            ],
            "label": "unrelated",
            "committed": false
          },
          {
            "topic": "person died",
            "person": {
              "key": 14583,
              "name": "Agota Hanen",
              "age": 14,
              "alive": false,
              "sex": "f",
              "parents": {
                "mother": "Remsindis (11648)",
                "father": "Gerlacus (11647)"
              }
            },
            "cause": "sickness",
            "friendship label": "indifferent",
            "label": "sibling"
          }
        ],
        "1217": [
          {
            "topic": "job notice",
            "notice": "found job",
            "income": 1.243
          },
          {
            "topic": "update",
            "update": "new friendship label",
            "relationship label": "parentchild",
            "friendship label": "indifferent",
            "relationship": 13686
          }
        ],
        "1222": [
          {
            "topic": "update",
            "update": "new friendship label",
            "relationship label": "parentchild",
            "friendship label": "indifferent",
            "relationship": 13685
          }
        ],