{
  "13711": {
    "alive": true,
    "name": "Arnekin",
    "surname": "Nielsszoon",
    "full name": "Arnekin Nielsszoon",
    "born this way": {
      "sexuality label": "straight",
      "sexuality": 0.133,
      "romantic interest": 0.611,
      "sex interest": 0.494,
      "gender expression": 0.111,
      "sex": "m"
    },
    "age": 49,
    "birth year": 1200,
    "sex": "m",
    "faction": "Dogmatists",
    "income class": [
      2,
      "middle class"
    ],
    "personality": {
      "lawful-chaotic": 0.75,
      "nice-nasty": 0.999,
      "honest-false": 0.29,
      "dream": 0.216,
      "outgoing": 0.985
    },
    "attitude": {
      "dream": 0.216,
      "outgoing": 0.985
    },
    "homsoc": {
      "means": {
        "independent": false,
        "taken_care_of": false,
        "caretaker": true,
        "needs_care": false,
        "flags": [
          "starving"
        ]
      },
      "expression": {
        "sexuality expression": 0.078,
        "gender expression expression": 0.079
      }
    },
    "network": {
      "parents": {
        "mother": "Reynildis (10877)",
        "father": "Niels (10876)"
      },
      "children": {},
      "relationship keys": {
        "parent": [
          13712,
          13713
        ],
        "sibling": [
          15031
        ]
      }
    },
    "occupation": {
      "has job": true,
      "income class": [
        2,
        "middle class"
      ],
      "income": 0.35900000000000004,
      "all_incomes": [
        0.879,
        0.8230000000000001,
        0.747,
        0.537,
        0.667,
        0.46,
        0.41500000000000004,
        0.617,
        0.609,
        1.0,
        1.017,
        0.727,
        0.452,
        0.263,
        0.28400000000000003,
        0.29100000000000004,
        0.028,
        0.249,
        0.131,
        0.025,
        0.771,
        0.9500000000000001,
        0.534,
        0.5780000000000001,
        0.588,
        0.8290000000000001,
        0.778,
        0.809,
        0.5740000000000001,
        0.513,
        0.656,
        0.313,
        0.432,
        0.35900000000000004
      ],
      "job": {
        "lawful": true,
        "honest": false
      }
    },
    "genetics": {
      "skin_color": 7,
      "eye_color": "blue",
      "hair_color": "dark brown",
      "hair_color_code": 1,
      "hair_type": [
        "S",
        "C"
      ],
      "health": 0.491,
      "fertility": 0.808,
      "communication_impaired": false,
      "mobility_impaired": false,
      "cognitive_impaired": false,
      "disabilities": []
    },
    "memory": {
      "health": {
        "1201": {
          "health": {
            "change": false,
            "value_change": 0.0,
            "new_health": 0.713
          },
          "death": false
        },
        "1241": {
          "health": {
            "change": true,
            "value_change": -0.222,
            "new_health": 0.491
          },
          "death": false
        },
        "1242": {
          "health": {
            "change": false,
            "value_change": 0.0,
            "new_health": 0.491
          },
          "death": false
        }
      },
      "events": {
        "1200": [
          {
            "topic": "birth",
            "year": 1200
          },
          {
            "topic": "new relationship",
            "key": 13712,
            "people": [
              10876,
              13711
            ],
            "people names": [
              "Niels",
              "Arnekin Nielsszoon"
            ],
            "people ages": [
              34,
              0
            ],
            "label": "parentchild",
            "committed": false
          },
          {
            "topic": "new relationship",
            "key": 13713,
            "people": [
              10877,
              13711
            ],
            "people names": [
              "Reynildis Scinkel",
              "Arnekin Nielsszoon"
            ],
            "people ages": [
              16,
              0
            ],
            "label": "parentchild",
            "committed": false
          }
        ],
        "1201": [
          {
            "topic": "new relationship",
            "key": 15031,
            "people": [
              13711,
              15028
            ],
            "people names": [
              "Arnekin Nielsszoon",
              "Ghisele Nielsszoon"
            ],
            "people ages": [
              0,
              0
            ],
            "label": "sibling",
            "committed": false
          }
        ],
        "1207": [
          {
            "topic": "person died",
            "person": {
              "key": 10876,
              "name": "Niels",
              "age": 42,
              "alive": false,
              "sex": "m",
              "parents": "firstgen"
            },
            "cause": "illness",
            "friendship label": "friend",
            "label": "parent"
          }
        ],
        "1208": [
          {
            "topic": "event",
            "event": "faction upheaval",
            "faction": "No religion",
            "year": 1208
          },
          {
            "topic": "not enough income",
            "income": 0,
            "inhabitants": [
              13711
            ]
          }
        ],
        "1209": [
          {
            "topic": "not enough income",
            "income": 0,
            "inhabitants": [
              13711
            ]
          }
        ],
        "1210": [
          {
            "topic": "update",
            "update": "new friendship label",
            "relationship label": "sibling",
            "friendship label": "indifferent",
            "relationship": 15031
          },
          {
            "topic": "not enough income",
            "income": 0,
            "inhabitants": [
              13711
            ]
          }
        ],
        "1211": [
          {
            "topic": "update",
            "update": "new friendship label",
            "relationship label": "parentchild",
            "friendship label": "indifferent",
            "relationship": 13713
          },
          {
            "topic": "not enough income",
            "income": 0,
            "inhabitants": [
              13711
            ]
          }
        ],
        "1212": [
          {
            "topic": "not enough income",
            "income": 0,
            "inhabitants": [
              13711
            ]
          }
        ],
        "1213": [
          {
            "topic": "not enough income",
            "income": 0,
            "inhabitants": [
              13711
            ]
          }
        ],
        "1214": [
          {
            "topic": "not enough income",
            "income": 0,
            "inhabitants": [
              13711
            ]
          }
        ],
        "1215": [
          {
            "topic": "event",
            "event": "plague",
            "year": 1215
          },
          {
            "topic": "person died",
            "person": {
              "key": 15028,
              "name": "Ghisele Nielsszoon",
              "age": 14,
              "alive": false,
              "sex": "m",
              "parents": {
                "mother": "Reynildis (10877)",
                "father": "Niels (10876)"
              }
            },
            "cause": "plague",
            "friendship label": "indifferent",
            "label": "sibling"
          },
          {
            "topic": "not enough income",
            "income": 0,
            "inhabitants": [
              13711
            ]
          }
        ],
        "1216": [
          {
            "topic": "job notice",
            "notice": "found job",
            "income": 0.879
          },
          {
            "topic": "not enough income",
            "income": 0,