{
  "13780": {
    "alive": false,
    "name": "Ghodelde",
    "surname": "Battenman",
    "full name": "Ghodelde Battenman",
    "born this way": {
      "sexuality label": "gay",
      "sexuality": 0.862,
      "romantic interest": 0.758,
      "sex interest": 0.539,
      "gender expression": 0.032,
      "sex": "f"
    },
    "age": 45,
    "birth year": 1200,
    "sex": "f",
    "faction": "Dogmatists",
    "income class": [
      3,
      "upper middle class"
    ],
    "personality": {
      "lawful-chaotic": 0.999,
      "nice-nasty": 0.632,
      "honest-false": 0.264,
      "dream": 0.144,
      "outgoing": 0.603
    },
    "attitude": {
      "dream": 0.144,
      "outgoing": 0.603
    },
    "homsoc": {
      "means": {
        "independent": true,
        "taken_care_of": false,
        "caretaker": true,
        "needs_care": false,
        "flags": [
          "starving"
        ]
      },
      "expression": {
        "sexuality expression": 0.448,
        "gender expression expression": 0.015
      }
    },
    "network": {
      "parents": {
        "mother": "Thedwi (12743)",
        "father": "Riquardus (12742)"
      },
      "children": {},
      "relationship keys": {
        "parent": [
          13781,
          13782
        ],
        "sibling": [
          17827
        ],
        "unrelated": [
          44174,
          51913,
          58282,
          65741,
          68078
        ],
        "spouse": [
          68057
        ]
      }
    },
    "occupation": {
      "has job": true,
      "income class": [
        3,
        "upper middle class"
      ],
      "income": 1.5490000000000002,
      "all_incomes": [
        1.031,
        1.058,
        1.039,
        1.11,
        1.224,
        1.301,
        1.31,
        1.27,
        1.318,
        1.302,
        1.3960000000000001,
        1.5490000000000002,
        1.5490000000000002,
        1.5490000000000002,
        1.5490000000000002,
        1.5490000000000002,
        1.5490000000000002,
        1.5490000000000002,
        1.5490000000000002,
        1.5430000000000001,
        1.5490000000000002,
        1.5490000000000002,
        1.528,
        1.5490000000000002,
        1.5490000000000002,
        1.5490000000000002,
        1.5490000000000002,
        1.5490000000000002,
        1.5490000000000002,
        1.5490000000000002
      ],
      "job": {
        "lawful": true,
        "honest": true
      }
    },
    "genetics": {
      "skin_color": 7,
      "eye_color": "blue",
      "hair_color": "black",
      "hair_color_code": 0,
      "hair_type": [
        "S",
        "C"
      ],
      "health": 0.734,
      "fertility": 0.871,
      "communication_impaired": false,
      "mobility_impaired": false,
      "cognitive_impaired": false,
      "disabilities": []
    },
    "memory": {
      "health": {
        "1201": {
          "health": {
            "change": false,
            "value_change": 0.0,
            "new_health": 0.851
          },
          "death": false
        },
        "1234": {
          "health": {
            "change": true,
            "value_change": -0.117,
            "new_health": 0.734
          },
          "death": false
        },
        "1235": {
          "health": {
            "change": false,
            "value_change": 0.0,
            "new_health": 0.734
          },
          "death": false
        },
        "1245": {
          "health": {
            "change": false,
            "value_change": 0.0,
            "new_health": 0.734
          },
          "death": true
        }
      },
      "events": {
        "1200": [
          {
            "topic": "birth",
            "year": 1200
          },
          {
            "topic": "new relationship",
            "key": 13781,
            "people": [
              12742,
              13780
            ],
            "people names": [
              "Riquardus Battenman",
              "Ghodelde Battenman"
            ],
            "people ages": [
              36,
              0
            ],
            "label": "parentchild",
            "committed": false
          },
          {
            "topic": "new relationship",
            "key": 13782,
            "people": [
              12743,
              13780
            ],
            "people names": [
              "Thedwi Hoesterlinc",
              "Ghodelde Battenman"
            ],
            "people ages": [
              32,
              0
            ],
            "label": "parentchild",
            "committed": false
          }
        ],
        "1202": [
          {
            "topic": "new relationship",
            "key": 17827,
            "people": [
              13780,
              17824
            ],
            "people names": [
              "Ghodelde Battenman",
              "Victoria Battenman"
            ],
            "people ages": [
              1,
              0
            ],
            "label": "sibling",
            "committed": false
          },
          {
            "topic": "person died",
            "person": {
              "key": 12742,
              "name": "Riquardus Battenman",
              "age": 38,
              "alive": false,
              "sex": "m",
              "parents": "firstgen"
            },
            "cause": "illness",
            "friendship label": "indifferent",
            "label": "parent"
          }
        ],
        "1211": [
          {
            "topic": "update",
            "update": "new friendship label",
            "relationship label": "sibling",
            "friendship label": "indifferent",
            "relationship": 17827
          },
          {
            "topic": "update",
            "update": "new friendship label",
            "relationship label": "parentchild",
            "friendship label": "friend",
            "relationship": 13782
          }
        ],
        "1214": [
          {
            "topic": "person died",
            "person": {
              "key": 12743,
              "name": "Thedwi Hoesterlinc",
              "age": 47,
              "alive": false,
              "sex": "f",
              "parents": "firstgen"
            },
            "cause": "illness",
            "friendship label": "friend",
            "label": "parent"
          }
        ],
        "1215": [
          {
            "topic": "event",
            "event": "plague",
            "year": 1215
          },
          {
            "topic": "not enough income",
            "income": 0,
            "inhabitants": []
          }
        ],
        "1216": [
          {
            "topic": "job notice",
            "notice": "found job",
            "income": 1.031
          },
          {
            "topic": "not enough income",
            "income": 0,
            "inhabitants": []
          }
        ],
        "1221": [
          {
            "topic": "new relationship",
            "key": 44174,
            "people": [
              15783,
              13780
            ],
            "people names": [
              "Sander Robbrechtszoon",
              "Ghodelde Battenman"
            ],
            "people ages": [
              20,
              21
            ],
            "label": "unrelated",
            "committed": false
          }
        ],
        "1223": [
          {
            "topic": "event",
            "event": "plague",
            "year": 1223
          }
        ],
        "1229": [
          {
            "topic": "new relationship",
            "key": 51913,
            "people": [
              13780,
              16356
            ],
            "people names": [
              "Ghodelde Battenman",
              "Fellen van Suaneka"
            ],
            "people ages": [
              29,
              28
            ],
            "label": "unrelated",
            "committed": false
          }
        ],