{
  "13807": {
    "alive": true,
    "name": "Barwoud",
    "surname": "",
    "full name": "Barwoud",
    "born this way": {
      "sexuality label": "straight",
      "sexuality": 0.067,
      "romantic interest": 0.575,
      "sex interest": 0.538,
      "gender expression": 0.121,
      "sex": "m"
    },
    "age": 49,
    "birth year": 1200,
    "sex": "m",
    "faction": "Dogmatists",
    "income class": [
      3,
      "upper middle class"
    ],
    "personality": {
      "lawful-chaotic": 0.179,
      "nice-nasty": 0.678,
      "honest-false": 0.367,
      "dream": 0.193,
      "outgoing": 0.659
    },
    "attitude": {
      "dream": 0.193,
      "outgoing": 0.659
    },
    "homsoc": {
      "means": {
        "independent": true,
        "taken_care_of": false,
        "caretaker": true,
        "needs_care": false,
        "flags": [
          "starving"
        ]
      },
      "expression": {
        "sexuality expression": 0.03,
        "gender expression expression": 0.05
      }
    },
    "network": {
      "parents": {
        "mother": "Berta (12719)",
        "father": "Mauricius (12718)"
      },
      "children": {},
      "relationship keys": {
        "parent": [
          13808,
          13809
        ],
        "unrelated": [
          47028,
          49149,
          53452,
          70312,
          73238,
          74982
        ]
      }
    },
    "occupation": {
      "has job": true,
      "income class": [
        3,
        "upper middle class"
      ],
      "income": 1.5490000000000002,
      "all_incomes": [
        0.979,
        1.347,
        1.369,
        1.335,
        1.188,
        1.2670000000000001,
        1.3940000000000001,
        1.216,
        1.2670000000000001,
        1.3940000000000001,
        1.476,
        1.4120000000000001,
        1.516,
        1.5490000000000002,
        1.5490000000000002,
        1.5490000000000002,
        1.5490000000000002,
        1.5490000000000002,
        1.323,
        1.5210000000000001,
        1.409,
        1.5490000000000002,
        1.5490000000000002,
        1.538,
        1.3860000000000001,
        1.427,
        1.492,
        1.534,
        1.403,
        1.455,
        1.464,
        1.5490000000000002,
        1.5490000000000002,
        1.5490000000000002
      ],
      "job": {
        "lawful": false,
        "honest": true
      }
    },
    "genetics": {
      "skin_color": 0,
      "eye_color": "blue",
      "hair_color": "strawberry blonde",
      "hair_color_code": 5,
      "hair_type": [
        "S",
        "S"
      ],
      "health": 0.614,
      "fertility": 0.655,
      "communication_impaired": false,
      "mobility_impaired": false,
      "cognitive_impaired": false,
      "disabilities": []
    },
    "memory": {
      "health": {
        "1201": {
          "health": {
            "change": false,
            "value_change": 0.0,
            "new_health": 0.614
          },
          "death": false
        }
      },
      "events": {
        "1200": [
          {
            "topic": "birth",
            "year": 1200
          },
          {
            "topic": "new relationship",
            "key": 13808,
            "people": [
              12718,
              13807
            ],
            "people names": [
              "Mauricius",
              "Barwoud"
            ],
            "people ages": [
              47,
              0
            ],
            "label": "parentchild",
            "committed": false
          },
          {
            "topic": "new relationship",
            "key": 13809,
            "people": [
              12719,
              13807
            ],
            "people names": [
              "Berta",
              "Barwoud"
            ],
            "people ages": [
              16,
              0
            ],
            "label": "parentchild",
            "committed": false
          }
        ],
        "1201": [
          {
            "topic": "person died",
            "person": {
              "key": 12719,
              "name": "Berta",
              "age": 18,
              "alive": false,
              "sex": "f",
              "parents": "firstgen"
            },
            "cause": "childbirth",
            "friendship label": "friend",
            "label": "parent"
          }
        ],
        "1207": [
          {
            "topic": "person died",
            "person": {
              "key": 12718,
              "name": "Mauricius",
              "age": 55,
              "alive": false,
              "sex": "m",
              "parents": "firstgen"
            },
            "cause": "sickness",
            "friendship label": "indifferent",
            "label": "parent"
          }
        ],
        "1208": [
          {
            "topic": "not enough income",
            "income": 0,
            "inhabitants": [
              13807
            ]
          }
        ],
        "1209": [
          {
            "topic": "not enough income",
            "income": 0,
            "inhabitants": [
              13807
            ]
          }
        ],
        "1210": [
          {
            "topic": "not enough income",
            "income": 0,
            "inhabitants": [
              13807
            ]
          }
        ],
        "1211": [
          {
            "topic": "not enough income",
            "income": 0,
            "inhabitants": [
              13807
            ]
          }
        ],
        "1212": [
          {
            "topic": "not enough income",
            "income": 0,
            "inhabitants": [
              13807
            ]
          }
        ],
        "1213": [
          {
            "topic": "not enough income",
            "income": 0,
            "inhabitants": [
              13807
            ]
          }
        ],
        "1214": [
          {
            "topic": "not enough income",
            "income": 0,
            "inhabitants": [
              13807
            ]
          }
        ],
        "1215": [
          {
            "topic": "event",
            "event": "plague",
            "year": 1215
          },
          {
            "topic": "not enough income",
            "income": 0,
            "inhabitants": [
              13807
            ]
          }
        ],
        "1216": [
          {
            "topic": "job notice",
            "notice": "found job",
            "income": 0.979
          },
          {
            "topic": "not enough income",
            "income": 0,
            "inhabitants": [
              13807
            ]
          }
        ],
        "1217": [
          {
            "topic": "job notice",
            "notice": "comfortable earnings",
            "income": 1.347
          }
        ],
        "1223": [
          {
            "topic": "event",
            "event": "plague",
            "year": 1223
          }
        ],
        "1225": [
          {
            "topic": "new relationship",
            "key": 47028,
            "people": [
              21616,
              13807
            ],
            "people names": [
              "Justaes Borluet",
              "Barwoud"
            ],
            "people ages": [
              21,
              25
            ],
            "label": "unrelated",
            "committed": false
          }
        ],
        "1227": [
          {
            "topic": "new relationship",
            "key": 49149,
            "people": [
              13807,
              15790
            ],
            "people names": [
              "Barwoud",
              "Suaneka Duker"
            ],
            "people ages": [
              27,
              26
            ],
            "label": "unrelated",
            "committed": false
          }
        ],
        "1229": [
          {
            "topic": "update",
            "update": "new friendship label",