{
  "13936": {
    "alive": false,
    "name": "Hildebrandus",
    "surname": "",
    "full name": "Hildebrandus",
    "born this way": {
      "sexuality label": "gay",
      "sexuality": 0.931,
      "romantic interest": 0.712,
      "sex interest": 0.748,
      "gender expression": 0.511,
      "sex": "m"
    },
    "age": 56,
    "birth year": 1201,
    "sex": "m",
    "faction": "Dogmatists",
    "income class": [
      2,
      "middle class"
    ],
    "personality": {
      "lawful-chaotic": 0.0,
      "nice-nasty": 0.345,
      "honest-false": 0.649
    },
    "attitude": {
      "outgoing": 0.496,
      "dream": 0.57
    },
    "homsoc": {
      "means": {
        "independent": true,
        "taken_care_of": false,
        "caretaker": true,
        "needs_care": false,
        "flags": [
          "starving"
        ]
      },
      "expression": {
        "sexuality expression": 0.61,
        "gender expression expression": 0.084
      }
    },
    "network": {
      "parents": {
        "mother": "Marisseis (10580)",
        "father": "Vandelghis (10579)"
      },
      "children": {},
      "relationship keys": {
        "parent": [
          13937,
          13938
        ],
        "spouse": [
          31028,
          48088
        ]
      }
    },
    "occupation": {
      "has job": true,
      "income class": [
        2,
        "middle class"
      ],
      "income": 1.524,
      "all_incomes": [
        0.54,
        0.329,
        0.5780000000000001,
        0.561,
        0.736,
        0.544,
        0.28,
        0.025,
        0.093,
        0.322,
        0.674,
        0.5820000000000001,
        0.451,
        0.269,
        0.081,
        0.253,
        0.36500000000000005,
        0.443,
        0.523,
        0.528,
        0.5860000000000001,
        0.521,
        0.10700000000000001,
        0.592,
        1.2269999999999999,
        1.375,
        1.524,
        1.3479999999999999,
        0.546,
        0.5660000000000001,
        0.28900000000000003,
        0.457,
        1.022,
        0.788,
        0.878,
        1.1729999999999998,
        0.758,
        1.305,
        1.524,
        1.524
      ],
      "job": {
        "lawful": false,
        "honest": false
      }
    },
    "genetics": {
      "skin_color": 7,
      "eye_color": "blue",
      "hair_color": "black",
      "hair_color_code": 0,
      "hair_type": [
        "C",
        "C"
      ],
      "health": 0.429,
      "fertility": 0.992,
      "communication_impaired": false,
      "mobility_impaired": false,
      "cognitive_impaired": false,
      "disabilities": []
    },
    "memory": {
      "health": {
        "1202": {
          "health": {
            "change": false,
            "value_change": 0.0,
            "new_health": 0.906
          },
          "death": false
        },
        "1253": {
          "health": {
            "change": true,
            "value_change": -0.063,
            "new_health": 0.843
          },
          "death": false
        },
        "1254": {
          "health": {
            "change": false,
            "value_change": 0.0,
            "new_health": 0.843
          },
          "death": false
        },
        "1256": {
          "health": {
            "change": true,
            "value_change": -0.132,
            "new_health": 0.711
          },
          "death": false
        },
        "1257": {
          "health": {
            "change": true,
            "value_change": -0.282,
            "new_health": 0.429
          },
          "death": true
        }
      },
      "events": {
        "1201": [
          {
            "topic": "new home",
            "home": {
              "income class": 2,
              "income class label": "middle class",
              "section": "stDoelen.se1.c2",
              "street": "Doelen",
              "neighborhood": "jorisbuurt",
              "unique id": 204
            }
          },
          {
            "topic": "not enough income",
            "income": 0.28200000000000003,
            "inhabitants": [
              40563,
              38933,
              68454,
              70232,
              76342,
              82525,
              86098,
              87480
            ]
          }
        ],
        "1202": [
          {
            "topic": "not enough income",
            "income": 0.025,
            "inhabitants": [
              40563,
              38933,
              68454,
              70232,
              76342,
              82525,
              86098,
              87480
            ]
          }
        ],
        "1203": [
          {
            "topic": "not enough income",
            "income": 0.025,
            "inhabitants": [
              40563,
              38933,
              68454,
              70232,
              76342,
              82525,
              86098,
              87480
            ]
          }
        ],
        "1204": [
          {
            "topic": "not enough income",
            "income": 0.025,
            "inhabitants": [
              40563,
              38933,
              68454,
              70232,
              76342,
              82525,
              86098,
              87480
            ]
          }
        ],
        "1205": [
          {
            "topic": "update",
            "update": "new friendship label",
            "relationship label": "parentchild",
            "friendship label": "indifferent",
            "relationship": 13937
          },
          {
            "topic": "not enough income",
            "income": 0.126,
            "inhabitants": [
              40563,
              38933,
              68454,
              70232,
              76342,
              82525,
              86098,
              87480
            ]
          }
        ],
        "1206": [
          {
            "topic": "not enough income",
            "income": 0.025,
            "inhabitants": [
              40563,
              38933,
              68454,
              70232,
              76342,
              82525,
              86098,
              87480
            ]
          }
        ],
        "1207": [
          {
            "topic": "not enough income",
            "income": 0.025,
            "inhabitants": [
              40563,
              38933,
              68454,
              70232,
              76342,
              82525,
              86098,
              87480
            ]
          }
        ],
        "1208": [
          {
            "topic": "not enough income",
            "income": 0.025,
            "inhabitants": [
              40563,
              38933,
              68454,
              70232,
              76342,
              82525,
              86098,
              87480
            ]
          }
        ],
        "1209": [
          {
            "topic": "not enough income",
            "income": 0.182,
            "inhabitants": [
              40563,
              38933,
              68454,
              70232,
              76342,
              82525,
              86098,
              87480
            ]
          }
        ],
        "1210": [
          {
            "topic": "not enough income",
            "income": 0.025,
            "inhabitants": [
              40563,
              38933,
              68454,
              70232,
              76342,
              82525,
              86098,
              87480
            ]
          }
        ],
        "1211": [
          {
            "topic": "update",
            "update": "new friendship label",
            "relationship label": "parentchild",
            "friendship label": "indifferent",
            "relationship": 13937
          },
          {
            "topic": "not enough income",
            "income": 0.079,