{
  "13957": {
    "alive": true,
    "name": "Batten",
    "surname": "van Winrechus",
    "full name": "Batten van Winrechus",
    "born this way": {
      "sexuality label": "gay",
      "sexuality": 0.809,
      "romantic interest": 0.538,
      "sex interest": 0.683,
      "gender expression": 0.204,
      "sex": "m"
    },
    "age": 49,
    "birth year": 1200,
    "sex": "m",
    "faction": "No religion",
    "income class": [
      2,
      "middle class"
    ],
    "personality": {
      "lawful-chaotic": 0.34,
      "nice-nasty": 0.223,
      "honest-false": 0.57,
      "dream": 0.562,
      "outgoing": 0.59
    },
    "attitude": {
      "dream": 0.562,
      "outgoing": 0.59
    },
    "homsoc": {
      "means": {
        "independent": false,
        "taken_care_of": false,
        "caretaker": true,
        "needs_care": false,
        "flags": [
          "starving"
        ]
      },
      "expression": {
        "sexuality expression": 0.566,
        "gender expression expression": 0.114
      }
    },
    "network": {
      "parents": {
        "mother": "Mette (11090)",
        "father": "Winrechus (11089)"
      },
      "children": {},
      "relationship keys": {
        "parent": [
          13958,
          13959
        ],
        "sibling": [
          16565,
          19045,
          23180,
          26698,
          28319
        ],
        "unrelated": [
          68088
        ]
      }
    },
    "occupation": {
      "has job": true,
      "income class": [
        2,
        "middle class"
      ],
      "income": 0.656,
      "all_incomes": [
        1.074,
        1.253,
        0.99,
        1.323,
        1.23,
        1.172,
        1.0439999999999998,
        0.89,
        1.132,
        1.3139999999999998,
        1.2449999999999999,
        1.3519999999999999,
        1.524,
        1.524,
        1.507,
        1.343,
        1.0299999999999998,
        0.9610000000000001,
        0.851,
        1.051,
        1.134,
        0.9490000000000001,
        1.001,
        1.0499999999999998,
        0.725,
        0.28800000000000003,
        0.385,
        0.206,
        0.139,
        0.18,
        0.42400000000000004,
        0.275,
        0.656
      ],
      "job": {
        "lawful": false,
        "honest": true
      }
    },
    "genetics": {
      "skin_color": 0,
      "eye_color": "brown",
      "hair_color": "brown",
      "hair_color_code": 2,
      "hair_type": [
        "C",
        "C"
      ],
      "health": 0.733,
      "fertility": 0.697,
      "communication_impaired": false,
      "mobility_impaired": false,
      "cognitive_impaired": false,
      "disabilities": []
    },
    "memory": {
      "health": {
        "1201": {
          "health": {
            "change": false,
            "value_change": 0.0,
            "new_health": 0.733
          },
          "death": false
        }
      },
      "events": {
        "1200": [
          {
            "topic": "birth",
            "year": 1200
          },
          {
            "topic": "new relationship",
            "key": 13958,
            "people": [
              11089,
              13957
            ],
            "people names": [
              "Winrechus",
              "Batten van Winrechus"
            ],
            "people ages": [
              31,
              0
            ],
            "label": "parentchild",
            "committed": false
          },
          {
            "topic": "new relationship",
            "key": 13959,
            "people": [
              11090,
              13957
            ],
            "people names": [
              "Mette Hoeghen",
              "Batten van Winrechus"
            ],
            "people ages": [
              29,
              0
            ],
            "label": "parentchild",
            "committed": false
          }
        ],
        "1202": [
          {
            "topic": "new relationship",
            "key": 16565,
            "people": [
              13957,
              16562
            ],
            "people names": [
              "Batten van Winrechus",
              "Harderico Winrechusszoon"
            ],
            "people ages": [
              1,
              0
            ],
            "label": "sibling",
            "committed": false
          },
          {
            "topic": "update",
            "update": "new friendship label",
            "relationship label": "parentchild",
            "friendship label": "indifferent",
            "relationship": 13958
          }
        ],
        "1203": [
          {
            "topic": "new relationship",
            "key": 19045,
            "people": [
              13957,
              19042
            ],
            "people names": [
              "Batten van Winrechus",
              "Amilius van Mette"
            ],
            "people ages": [
              2,
              0
            ],
            "label": "sibling",
            "committed": false
          }
        ],
        "1205": [
          {
            "topic": "new relationship",
            "key": 23180,
            "people": [
              13957,
              23177
            ],
            "people names": [
              "Batten van Winrechus",
              "Martin Winrechusszoon"
            ],
            "people ages": [
              4,
              0
            ],
            "label": "sibling",
            "committed": false
          },
          {
            "topic": "update",
            "update": "new friendship label",
            "relationship label": "parentchild",
            "friendship label": "indifferent",
            "relationship": 13958
          }
        ],
        "1206": [
          {
            "topic": "update",
            "update": "new friendship label",
            "relationship label": "sibling",
            "friendship label": "indifferent",
            "relationship": 19045
          },
          {
            "topic": "new relationship",
            "key": 26698,
            "people": [
              13957,
              26695
            ],
            "people names": [
              "Batten van Winrechus",
              "Otger Winrechusszoon"
            ],
            "people ages": [
              6,
              0
            ],
            "label": "sibling",
            "committed": false
          }
        ],
        "1207": [
          {
            "topic": "new relationship",
            "key": 28319,
            "people": [
              13957,
              28316
            ],
            "people names": [
              "Batten van Winrechus",
              "Huwardo Winrechusszoon"
            ],
            "people ages": [
              6,
              0
            ],
            "label": "sibling",
            "committed": false
          }
        ],
        "1209": [
          {
            "topic": "not enough income",
            "income": 0.36600000000000005,
            "inhabitants": [
              13957,
              23177,
              28316,
              34439,
              54605,
              57993,
              63007,
              65260,
              66402,
              68005,
              68454,
              70939,
              72110,
              74082
            ]
          }
        ],
        "1210": [
          {
            "topic": "not enough income",
            "income": 0.34600000000000003,
            "inhabitants": [
              13957,
              23177,
              28316,
              34439,
              54605,
              57993,
              63007,
              65260,
              66402,
              68005,
              68454,
              70939,
              72110,
              74082
            ]
          }
        ],
        "1211": [
          {
            "topic": "not enough income",
            "income": 0.025,