{
  "13957": {
    "alive": true,
    "name": "Siwa",
    "surname": "Boec",
    "full name": "Siwa Boec",
    "born this way": {
      "sexuality label": "straight",
      "sexuality": 0.062,
      "romantic interest": 0.743,
      "sex interest": 0.731,
      "gender expression": 0.102,
      "sex": "f"
    },
    "age": 49,
    "birth year": 1200,
    "sex": "f",
    "faction": "No religion",
    "income class": [
      3,
      "upper middle class"
    ],
    "personality": {
      "lawful-chaotic": 0.306,
      "nice-nasty": 0.0,
      "honest-false": 0.185,
      "dream": 0.501,
      "outgoing": 0.628
    },
    "attitude": {
      "dream": 0.501,
      "outgoing": 0.628
    },
    "homsoc": {
      "means": {
        "independent": false,
        "taken_care_of": false,
        "caretaker": true,
        "needs_care": false,
        "flags": [
          "starving"
        ]
      },
      "expression": {
        "sexuality expression": 0.039,
        "gender expression expression": 0.059
      }
    },
    "network": {
      "parents": {
        "mother": "Thedwi (10880)",
        "father": "Gherbaren (10879)"
      },
      "children": {},
      "relationship keys": {
        "parent": [
          13958,
          13959
        ],
        "sibling": [
          17147,
          24020
        ],
        "unrelated": [
          49264,
          64444,
          72735,
          74107
        ]
      }
    },
    "occupation": {
      "has job": true,
      "income class": [
        3,
        "upper middle class"
      ],
      "income": 0.677,
      "all_incomes": [
        1.306,
        1.233,
        1.5490000000000002,
        1.472,
        1.256,
        1.306,
        1.5490000000000002,
        1.5490000000000002,
        1.5490000000000002,
        1.5490000000000002,
        1.5490000000000002,
        1.224,
        1.5490000000000002,
        1.5490000000000002,
        1.52,
        1.5490000000000002,
        1.5490000000000002,
        1.5490000000000002,
        1.469,
        1.516,
        1.224,
        1.2610000000000001,
        1.5490000000000002,
        1.5490000000000002,
        1.5490000000000002,
        1.5490000000000002,
        1.26,
        0.9400000000000001,
        1.364,
        1.346,
        0.797,
        0.677
      ],
      "job": {
        "lawful": false,
        "honest": false
      }
    },
    "genetics": {
      "skin_color": 5,
      "eye_color": "blue",
      "hair_color": "black",
      "hair_color_code": 0,
      "hair_type": [
        "C",
        "S"
      ],
      "health": 0.624,
      "fertility": 0.616,
      "communication_impaired": false,
      "mobility_impaired": false,
      "cognitive_impaired": false,
      "disabilities": []
    },
    "memory": {
      "health": {
        "1201": {
          "health": {
            "change": false,
            "value_change": 0.0,
            "new_health": 0.624
          },
          "death": false
        }
      },
      "events": {
        "1200": [
          {
            "topic": "birth",
            "year": 1200
          },
          {
            "topic": "new relationship",
            "key": 13958,
            "people": [
              10879,
              13957
            ],
            "people names": [
              "Gherbaren Boec",
              "Siwa Boec"
            ],
            "people ages": [
              40,
              0
            ],
            "label": "parentchild",
            "committed": false
          },
          {
            "topic": "new relationship",
            "key": 13959,
            "people": [
              10880,
              13957
            ],
            "people names": [
              "Thedwi Brune",
              "Siwa Boec"
            ],
            "people ages": [
              29,
              0
            ],
            "label": "parentchild",
            "committed": false
          }
        ],
        "1202": [
          {
            "topic": "new relationship",
            "key": 17147,
            "people": [
              13957,
              17144
            ],
            "people names": [
              "Siwa Boec",
              "Mourin Boec"
            ],
            "people ages": [
              1,
              0
            ],
            "label": "sibling",
            "committed": false
          }
        ],
        "1203": [
          {
            "topic": "update",
            "update": "new friendship label",
            "relationship label": "parentchild",
            "friendship label": "indifferent",
            "relationship": 13958
          }
        ],
        "1205": [
          {
            "topic": "new relationship",
            "key": 24020,
            "people": [
              13957,
              24017
            ],
            "people names": [
              "Siwa Boec",
              "Sander Boec"
            ],
            "people ages": [
              5,
              0
            ],
            "label": "sibling",
            "committed": false
          }
        ],
        "1208": [
          {
            "topic": "event",
            "event": "faction upheaval",
            "faction": "No religion",
            "year": 1208
          }
        ],
        "1209": [
          {
            "topic": "update",
            "update": "new friendship label",
            "relationship label": "parentchild",
            "friendship label": "disliked",
            "relationship": 13958
          }
        ],
        "1213": [
          {
            "topic": "update",
            "update": "new friendship label",
            "relationship label": "parentchild",
            "friendship label": "indifferent",
            "relationship": 13958
          },
          {
            "topic": "person died",
            "person": {
              "key": 10879,
              "name": "Gherbaren Boec",
              "age": 53,
              "alive": false,
              "sex": "m",
              "parents": "firstgen"
            },
            "cause": "sickness",
            "friendship label": "indifferent",
            "label": "parent"
          }
        ],
        "1214": [
          {
            "topic": "not enough income",
            "income": 0,
            "inhabitants": [
              13957,
              24017
            ]
          }
        ],
        "1215": [
          {
            "topic": "event",
            "event": "plague",
            "year": 1215
          },
          {
            "topic": "person died",
            "person": {
              "key": 17144,
              "name": "Mourin Boec",
              "age": 13,
              "alive": false,
              "sex": "m",
              "parents": {
                "mother": "Thedwi (10880)",
                "father": "Gherbaren (10879)"
              }
            },
            "cause": "illness",
            "friendship label": "friend",
            "label": "sibling"
          },
          {
            "topic": "not enough income",
            "income": 0,
            "inhabitants": [
              13957,
              24017
            ]
          }
        ],
        "1216": [
          {
            "topic": "not enough income",
            "income": 0,
            "inhabitants": [
              13957,
              24017
            ]
          }
        ],
        "1217": [
          {
            "topic": "not enough income",
            "income": 0,
            "inhabitants": [
              13957,
              24017
            ]
          }
        ],
        "1218": [
          {
            "topic": "job notice",
            "notice": "found job",
            "income": 1.306
          },
          {
            "topic": "not enough income",
            "income": 0,
            "inhabitants": [
              13957,
              24017
            ]
          }
        ],
        "1226": [
          {
            "topic": "new relationship",