{
  "13987": {
    "alive": false,
    "name": "Suam",
    "surname": "Buk",
    "full name": "Suam Buk",
    "born this way": {
      "sexuality label": "straight",
      "sexuality": 0.057,
      "romantic interest": 0.692,
      "sex interest": 0.898,
      "gender expression": 0.095,
      "sex": "m"
    },
    "age": 45,
    "birth year": 1200,
    "sex": "m",
    "faction": "Zealots",
    "income class": [
      2,
      "middle class"
    ],
    "personality": {
      "lawful-chaotic": 0.999,
      "nice-nasty": 0.299,
      "honest-false": 0.212,
      "dream": 0.223,
      "outgoing": 0.314
    },
    "attitude": {
      "dream": 0.223,
      "outgoing": 0.314
    },
    "homsoc": {
      "means": {
        "independent": true,
        "taken_care_of": false,
        "caretaker": true,
        "needs_care": false,
        "flags": [
          "starving"
        ]
      },
      "expression": {
        "sexuality expression": 0.04,
        "gender expression expression": 0.065
      }
    },
    "network": {
      "parents": {
        "mother": "Aleydis (10001)",
        "father": "Ludingus (10000)"
      },
      "children": {},
      "relationship keys": {
        "parent": [
          13988,
          13989
        ],
        "sibling": [
          20581,
          21918,
          28001,
          33392,
          34677,
          36396
        ]
      }
    },
    "occupation": {
      "has job": true,
      "income class": [
        2,
        "middle class"
      ],
      "income": 0.873,
      "all_incomes": [
        0.943,
        0.855,
        0.9450000000000001,
        1.1139999999999999,
        0.799,
        0.5640000000000001,
        0.845,
        0.8360000000000001,
        0.682,
        0.29900000000000004,
        0.025,
        0.11699999999999999,
        0.025,
        0.030000000000000002,
        0.07400000000000001,
        0.237,
        0.434,
        0.042,
        0.025,
        0.025,
        0.025,
        0.11099999999999999,
        0.025,
        0.025,
        0.325,
        0.529,
        0.622,
        0.48400000000000004,
        0.732,
        0.873
      ],
      "job": {
        "lawful": true,
        "honest": false
      }
    },
    "genetics": {
      "skin_color": 3,
      "eye_color": "brown",
      "hair_color": "black",
      "hair_color_code": 0,
      "hair_type": [
        "C",
        "S"
      ],
      "health": 0.781,
      "fertility": 0.756,
      "communication_impaired": false,
      "mobility_impaired": false,
      "cognitive_impaired": false,
      "disabilities": []
    },
    "memory": {
      "health": {
        "1201": {
          "health": {
            "change": false,
            "value_change": 0.0,
            "new_health": 0.781
          },
          "death": false
        },
        "1245": {
          "health": {
            "change": false,
            "value_change": 0.0,
            "new_health": 0.781
          },
          "death": true
        }
      },
      "events": {
        "1200": [
          {
            "topic": "birth",
            "year": 1200
          },
          {
            "topic": "new relationship",
            "key": 13988,
            "people": [
              10000,
              13987
            ],
            "people names": [
              "Ludingus Buk",
              "Suam Buk"
            ],
            "people ages": [
              37,
              0
            ],
            "label": "parentchild",
            "committed": false
          },
          {
            "topic": "new relationship",
            "key": 13989,
            "people": [
              10001,
              13987
            ],
            "people names": [
              "Aleydis Stoerm",
              "Suam Buk"
            ],
            "people ages": [
              29,
              0
            ],
            "label": "parentchild",
            "committed": false
          }
        ],
        "1201": [
          {
            "topic": "update",
            "update": "new friendship label",
            "relationship label": "parentchild",
            "friendship label": "indifferent",
            "relationship": 13988
          }
        ],
        "1203": [
          {
            "topic": "new relationship",
            "key": 20581,
            "people": [
              13987,
              20578
            ],
            "people names": [
              "Suam Buk",
              "Emgelberna Buk"
            ],
            "people ages": [
              3,
              0
            ],
            "label": "sibling",
            "committed": false
          }
        ],
        "1204": [
          {
            "topic": "new relationship",
            "key": 21918,
            "people": [
              13987,
              21915
            ],
            "people names": [
              "Suam Buk",
              "Hildebrandus Buk"
            ],
            "people ages": [
              3,
              0
            ],
            "label": "sibling",
            "committed": false
          },
          {
            "topic": "not enough income",
            "income": 0.467,
            "inhabitants": [
              34674
            ]
          }
        ],
        "1205": [
          {
            "topic": "update",
            "update": "new friendship label",
            "relationship label": "sibling",
            "friendship label": "friend",
            "relationship": 20581
          }
        ],
        "1207": [
          {
            "topic": "new relationship",
            "key": 28001,
            "people": [
              13987,
              27998
            ],
            "people names": [
              "Suam Buk",
              "Marcibilia Buk"
            ],
            "people ages": [
              6,
              0
            ],
            "label": "sibling",
            "committed": false
          }
        ],
        "1208": [
          {
            "topic": "update",
            "update": "new friendship label",
            "relationship label": "parentchild",
            "friendship label": "friend",
            "relationship": 13989
          }
        ],
        "1210": [
          {
            "topic": "update",
            "update": "new friendship label",
            "relationship label": "parentchild",
            "friendship label": "friend",
            "relationship": 13989
          },
          {
            "topic": "new relationship",
            "key": 33392,
            "people": [
              13987,
              33389
            ],
            "people names": [
              "Suam Buk",
              "Rissewint Buk"
            ],
            "people ages": [
              10,
              0
            ],
            "label": "sibling",
            "committed": false
          },
          {
            "topic": "not enough income",
            "income": 0.42200000000000004,
            "inhabitants": [
              34674
            ]
          }
        ],
        "1211": [
          {
            "topic": "update",
            "update": "new friendship label",
            "relationship label": "sibling",
            "friendship label": "good friend",
            "relationship": 20581
          },
          {
            "topic": "new relationship",
            "key": 34677,
            "people": [
              13987,
              34674
            ],
            "people names": [
              "Suam Buk",
              "Ghela Buk"
            ],
            "people ages": [
              10,
              0
            ],
            "label": "sibling",
            "committed": false
          },
          {
            "topic": "update",
            "update": "new friendship label",
            "relationship label": "parentchild",
            "friendship label": "indifferent",
            "relationship": 13989
          },
          {
            "topic": "not enough income",