{
  "14026": {
    "alive": false,
    "name": "Aleydis",
    "surname": "",
    "full name": "Aleydis",
    "born this way": {
      "sexuality label": "bi",
      "sexuality": 0.586,
      "romantic interest": 0.613,
      "sex interest": 0.911,
      "gender expression": 0.591,
      "sex": "f"
    },
    "age": 47,
    "birth year": 1200,
    "sex": "f",
    "faction": "Dogmatists",
    "income class": [
      4,
      "nobility"
    ],
    "personality": {
      "lawful-chaotic": 0.942,
      "nice-nasty": 0.525,
      "honest-false": 0.0,
      "dream": 0.36,
      "outgoing": 0.77
    },
    "attitude": {
      "dream": 0.36,
      "outgoing": 0.77
    },
    "homsoc": {
      "means": {
        "independent": true,
        "taken_care_of": false,
        "caretaker": true,
        "needs_care": false,
        "flags": [
          "starving"
        ]
      },
      "expression": {
        "sexuality expression": 0.392,
        "gender expression expression": 0.234
      }
    },
    "network": {
      "parents": {
        "mother": "Machtilden (12299)",
        "father": "Lennot (12298)"
      },
      "children": {},
      "relationship keys": {
        "parent": [
          14027,
          14028
        ],
        "sibling": [
          15974,
          27952
        ],
        "unrelated": [
          47257,
          50766,
          52225,
          57459,
          67976,
          72764,
          77405,
          78318,
          79156
        ]
      }
    },
    "occupation": {
      "has job": true,
      "income class": [
        4,
        "nobility"
      ],
      "income": 1.59,
      "all_incomes": [
        1.242,
        0.989,
        1.4120000000000001,
        1.5990000000000002,
        1.3920000000000001,
        1.455,
        1.5990000000000002,
        1.5990000000000002,
        1.5330000000000001,
        1.5990000000000002,
        1.5990000000000002,
        1.383,
        1.445,
        1.5410000000000001,
        1.491,
        1.554,
        1.5990000000000002,
        1.5990000000000002,
        1.5990000000000002,
        1.413,
        1.5990000000000002,
        1.59
      ],
      "job": {
        "lawful": true,
        "honest": false
      }
    },
    "genetics": {
      "skin_color": 4,
      "eye_color": "brown",
      "hair_color": "brown",
      "hair_color_code": 2,
      "hair_type": [
        "C",
        "C"
      ],
      "health": 0.364,
      "fertility": 0.692,
      "communication_impaired": false,
      "mobility_impaired": false,
      "cognitive_impaired": false,
      "disabilities": []
    },
    "memory": {
      "health": {
        "1201": {
          "health": {
            "change": false,
            "value_change": 0.0,
            "new_health": 0.682
          },
          "death": false
        },
        "1214": {
          "health": {
            "change": true,
            "value_change": -0.318,
            "new_health": 0.364
          },
          "death": false
        },
        "1215": {
          "health": {
            "change": false,
            "value_change": 0.0,
            "new_health": 0.364
          },
          "death": false
        },
        "1247": {
          "health": {
            "change": false,
            "value_change": 0.0,
            "new_health": 0.364
          },
          "death": true
        }
      },
      "events": {
        "1200": [
          {
            "topic": "birth",
            "year": 1200
          },
          {
            "topic": "new relationship",
            "key": 14027,
            "people": [
              12298,
              14026
            ],
            "people names": [
              "Lennot Screvel",
              "Aleydis"
            ],
            "people ages": [
              45,
              0
            ],
            "label": "parentchild",
            "committed": false
          },
          {
            "topic": "new relationship",
            "key": 14028,
            "people": [
              12299,
              14026
            ],
            "people names": [
              "Machtilden Stamelarit",
              "Aleydis"
            ],
            "people ages": [
              31,
              0
            ],
            "label": "parentchild",
            "committed": false
          }
        ],
        "1201": [
          {
            "topic": "new relationship",
            "key": 15974,
            "people": [
              14026,
              15971
            ],
            "people names": [
              "Aleydis",
              "Ghoris Screvel"
            ],
            "people ages": [
              1,
              0
            ],
            "label": "sibling",
            "committed": false
          }
        ],
        "1205": [
          {
            "topic": "update",
            "update": "new friendship label",
            "relationship label": "sibling",
            "friendship label": "indifferent",
            "relationship": 15974
          }
        ],
        "1207": [
          {
            "topic": "new relationship",
            "key": 27952,
            "people": [
              14026,
              27949
            ],
            "people names": [
              "Aleydis",
              "Sanders Lennotszoon"
            ],
            "people ages": [
              6,
              0
            ],
            "label": "sibling",
            "committed": false
          },
          {
            "topic": "person died",
            "person": {
              "key": 12298,
              "name": "Lennot Screvel",
              "age": 52,
              "alive": false,
              "sex": "m",
              "parents": "firstgen"
            },
            "cause": "old age",
            "friendship label": "friend",
            "label": "parent"
          }
        ],
        "1208": [
          {
            "topic": "event",
            "event": "faction upheaval",
            "faction": "No religion",
            "year": 1208
          },
          {
            "topic": "not enough income",
            "income": 0,
            "inhabitants": []
          }
        ],
        "1209": [
          {
            "topic": "not enough income",
            "income": 0,
            "inhabitants": []
          }
        ],
        "1210": [
          {
            "topic": "not enough income",
            "income": 0,
            "inhabitants": []
          }
        ],
        "1211": [
          {
            "topic": "not enough income",
            "income": 0,
            "inhabitants": []
          }
        ],
        "1212": [
          {
            "topic": "not enough income",
            "income": 0,
            "inhabitants": []
          }
        ],
        "1215": [
          {
            "topic": "event",
            "event": "plague",
            "year": 1215
          }
        ],
        "1219": [
          {
            "topic": "update",
            "update": "new friendship label",
            "relationship label": "sibling",
            "friendship label": "indifferent",
            "relationship": 27952
          }
        ],
        "1220": [
          {
            "topic": "person died",
            "person": {
              "key": 12299,
              "name": "Machtilden Stamelarit",
              "age": 52,
              "alive": false,
              "sex": "f",
              "parents": "firstgen"
            },
            "cause": "sickness",
            "friendship label": "indifferent",
            "label": "parent"
          }
        ],
        "1223": [
          {
            "topic": "person died",
            "person": {
              "key": 27949,
              "name": "Sanders Lennotszoon",
              "age": 16,
              "alive": false,
              "sex": "m",
              "parents": {
                "mother": "Machtilden (12299)",