{
  "14038": {
    "alive": true,
    "name": "Ysaac",
    "surname": "",
    "full name": "Ysaac",
    "born this way": {
      "sexuality label": "straight",
      "sexuality": 0.0,
      "romantic interest": 0.571,
      "sex interest": 0.569,
      "gender expression": 0.028,
      "sex": "m"
    },
    "age": 49,
    "birth year": 1200,
    "sex": "m",
    "faction": "No religion",
    "income class": [
      2,
      "middle class"
    ],
    "personality": {
      "lawful-chaotic": 0.869,
      "nice-nasty": 0.387,
      "honest-false": 0.167,
      "dream": 0.267,
      "outgoing": 0.223
    },
    "attitude": {
      "dream": 0.267,
      "outgoing": 0.223
    },
    "homsoc": {
      "means": {
        "independent": false,
        "taken_care_of": false,
        "caretaker": true,
        "needs_care": false,
        "flags": []
      },
      "expression": {
        "sexuality expression": -0.001,
        "gender expression expression": 0.018
      }
    },
    "network": {
      "parents": {
        "mother": "Linnea (11075)",
        "father": "Harderico (11074)"
      },
      "children": {},
      "relationship keys": {
        "parent": [
          14039,
          14040
        ],
        "sibling": [
          22401,
          24374,
          27255,
          33471,
          35155,
          38492,
          39241,
          40890,
          42115,
          45489
        ]
      }
    },
    "occupation": {
      "has job": true,
      "income class": [
        2,
        "middle class"
      ],
      "income": 0.5770000000000001,
      "all_incomes": [
        1.064,
        1.107,
        1.2189999999999999,
        1.2049999999999998,
        0.728,
        0.872,
        0.5740000000000001,
        0.383,
        0.025,
        0.123,
        0.025,
        0.14200000000000002,
        0.518,
        0.989,
        0.751,
        0.588,
        1.004,
        0.641,
        0.29800000000000004,
        0.025,
        0.375,
        0.327,
        0.687,
        0.987,
        0.911,
        0.756,
        0.782,
        0.641,
        0.059000000000000004,
        0.025,
        0.35800000000000004,
        0.6970000000000001,
        0.5680000000000001,
        0.5770000000000001
      ],
      "job": {
        "lawful": false,
        "honest": false
      }
    },
    "genetics": {
      "skin_color": 1,
      "eye_color": "brown",
      "hair_color": "brown",
      "hair_color_code": 2,
      "hair_type": [
        "C",
        "S"
      ],
      "health": 0.618,
      "fertility": 0.624,
      "communication_impaired": false,
      "mobility_impaired": false,
      "cognitive_impaired": false,
      "disabilities": []
    },
    "memory": {
      "health": {
        "1201": {
          "health": {
            "change": false,
            "value_change": 0.0,
            "new_health": 0.618
          },
          "death": false
        }
      },
      "events": {
        "1200": [
          {
            "topic": "birth",
            "year": 1200
          },
          {
            "topic": "new relationship",
            "key": 14039,
            "people": [
              11074,
              14038
            ],
            "people names": [
              "Harderico",
              "Ysaac"
            ],
            "people ages": [
              26,
              0
            ],
            "label": "parentchild",
            "committed": false
          },
          {
            "topic": "new relationship",
            "key": 14040,
            "people": [
              11075,
              14038
            ],
            "people names": [
              "Linnea",
              "Ysaac"
            ],
            "people ages": [
              25,
              0
            ],
            "label": "parentchild",
            "committed": false
          }
        ],
        "1204": [
          {
            "topic": "new relationship",
            "key": 22401,
            "people": [
              14038,
              22398
            ],
            "people names": [
              "Ysaac",
              "Ghisele"
            ],
            "people ages": [
              4,
              0
            ],
            "label": "sibling",
            "committed": false
          }
        ],
        "1205": [
          {
            "topic": "new relationship",
            "key": 24374,
            "people": [
              14038,
              24371
            ],
            "people names": [
              "Ysaac",
              "Truden"
            ],
            "people ages": [
              5,
              0
            ],
            "label": "sibling",
            "committed": false
          }
        ],
        "1207": [
          {
            "topic": "new relationship",
            "key": 27255,
            "people": [
              14038,
              27252
            ],
            "people names": [
              "Ysaac",
              "Agota van Harderico"
            ],
            "people ages": [
              6,
              0
            ],
            "label": "sibling",
            "committed": false
          }
        ],
        "1208": [
          {
            "topic": "event",
            "event": "faction upheaval",
            "faction": "No religion",
            "year": 1208
          }
        ],
        "1210": [
          {
            "topic": "new relationship",
            "key": 33471,
            "people": [
              14038,
              33468
            ],
            "people names": [
              "Ysaac",
              "Folqui"
            ],
            "people ages": [
              10,
              0
            ],
            "label": "sibling",
            "committed": false
          }
        ],
        "1211": [
          {
            "topic": "new relationship",
            "key": 35155,
            "people": [
              14038,
              35152
            ],
            "people names": [
              "Ysaac",
              "Marisseis"
            ],
            "people ages": [
              11,
              0
            ],
            "label": "sibling",
            "committed": false
          }
        ],
        "1213": [
          {
            "topic": "new relationship",
            "key": 38492,
            "people": [
              14038,
              38489
            ],
            "people names": [
              "Ysaac",
              "Ebram"
            ],
            "people ages": [
              13,
              0
            ],
            "label": "sibling",
            "committed": false
          }
        ],
        "1214": [
          {
            "topic": "new relationship",
            "key": 39241,
            "people": [
              14038,
              39238
            ],
            "people names": [
              "Ysaac",
              "Verthwi"
            ],
            "people ages": [
              13,
              0
            ],
            "label": "sibling",
            "committed": false
          },
          {
            "topic": "update",
            "update": "new friendship label",
            "relationship label": "sibling",
            "friendship label": "friend",
            "relationship": 27255
          }
        ],
        "1215": [
          {
            "topic": "event",
            "event": "plague",
            "year": 1215
          },
          {
            "topic": "update",
            "update": "new friendship label",
            "relationship label": "parentchild",
            "friendship label": "friend",
            "relationship": 14040
          },
          {
            "topic": "new relationship",
            "key": 40890,
            "people": [
              14038,
              40887
            ],
            "people names": [
              "Ysaac",
              "Berta van Harderico"
            ],