{
  "14032": {
    "alive": true,
    "name": "Bernero",
    "surname": "Calvus",
    "full name": "Bernero Calvus",
    "born this way": {
      "sexuality label": "gay",
      "sexuality": 0.862,
      "romantic interest": 0.731,
      "sex interest": 0.698,
      "gender expression": 0.399,
      "sex": "m"
    },
    "age": 49,
    "birth year": 1200,
    "sex": "m",
    "faction": "No religion",
    "income class": [
      4,
      "nobility"
    ],
    "personality": {
      "lawful-chaotic": 0.423,
      "nice-nasty": 0.735,
      "honest-false": 0.222,
      "dream": 0.346,
      "outgoing": 0.614
    },
    "attitude": {
      "dream": 0.346,
      "outgoing": 0.614
    },
    "homsoc": {
      "means": {
        "independent": true,
        "taken_care_of": false,
        "caretaker": true,
        "needs_care": false,
        "flags": [
          "starving"
        ]
      },
      "expression": {
        "sexuality expression": 0.587,
        "gender expression expression": 0.175
      }
    },
    "network": {
      "parents": {
        "mother": "Ricmoden (12416)",
        "father": "Lucas (12415)"
      },
      "children": {},
      "relationship keys": {
        "parent": [
          14033,
          14034
        ],
        "sibling": [
          17162,
          33723
        ],
        "unrelated": [
          20745,
          36922,
          44181,
          55024,
          58323,
          60047,
          63186,
          66937,
          70342
        ]
      }
    },
    "occupation": {
      "has job": true,
      "income class": [
        4,
        "nobility"
      ],
      "income": 1.5990000000000002,
      "all_incomes": [
        1.173,
        0.993,
        1.1300000000000001,
        1.068,
        1.1600000000000001,
        1.5210000000000001,
        1.5570000000000002,
        1.5990000000000002,
        1.5990000000000002,
        1.5990000000000002,
        1.5990000000000002,
        1.5990000000000002,
        1.5990000000000002,
        1.5990000000000002,
        1.5990000000000002,
        1.5990000000000002,
        1.5990000000000002,
        1.5990000000000002,
        1.5990000000000002,
        1.475,
        1.5990000000000002,
        1.5990000000000002,
        1.5990000000000002,
        1.5990000000000002,
        1.355,
        1.5990000000000002,
        1.5990000000000002,
        1.514,
        1.409,
        1.5990000000000002,
        1.5990000000000002,
        1.5990000000000002,
        1.5990000000000002
      ],
      "job": {
        "lawful": false,
        "honest": true
      }
    },
    "genetics": {
      "skin_color": 7,
      "eye_color": "brown",
      "hair_color": "black",
      "hair_color_code": 0,
      "hair_type": [
        "S",
        "S"
      ],
      "health": 0.637,
      "fertility": 0.603,
      "communication_impaired": false,
      "mobility_impaired": false,
      "cognitive_impaired": false,
      "disabilities": []
    },
    "memory": {
      "health": {
        "1201": {
          "health": {
            "change": false,
            "value_change": 0.0,
            "new_health": 0.637
          },
          "death": false
        }
      },
      "events": {
        "1200": [
          {
            "topic": "birth",
            "year": 1200
          },
          {
            "topic": "new relationship",
            "key": 14033,
            "people": [
              12415,
              14032
            ],
            "people names": [
              "Lucas Calvus",
              "Bernero Calvus"
            ],
            "people ages": [
              41,
              0
            ],
            "label": "parentchild",
            "committed": false
          },
          {
            "topic": "new relationship",
            "key": 14034,
            "people": [
              12416,
              14032
            ],
            "people names": [
              "Ricmoden",
              "Bernero Calvus"
            ],
            "people ages": [
              38,
              0
            ],
            "label": "parentchild",
            "committed": false
          }
        ],
        "1201": [
          {
            "topic": "update",
            "update": "new friendship label",
            "relationship label": "parentchild",
            "friendship label": "enemy",
            "relationship": 14034
          }
        ],
        "1202": [
          {
            "topic": "new relationship",
            "key": 17162,
            "people": [
              14032,
              17159
            ],
            "people names": [
              "Bernero Calvus",
              "Franse Calvus"
            ],
            "people ages": [
              1,
              0
            ],
            "label": "sibling",
            "committed": false
          }
        ],
        "1203": [
          {
            "topic": "new relationship",
            "key": 20745,
            "people": [
              13612,
              14032
            ],
            "people names": [
              "Cofte Voet",
              "Bernero Calvus"
            ],
            "people ages": [
              3,
              3
            ],
            "label": "unrelated",
            "committed": false
          }
        ],
        "1207": [
          {
            "topic": "person died",
            "person": {
              "key": 17159,
              "name": "Franse Calvus",
              "age": 5,
              "alive": false,
              "sex": "m",
              "parents": {
                "mother": "Ricmoden (12416)",
                "father": "Lucas (12415)"
              }
            },
            "cause": "childhood illness",
            "friendship label": "indifferent",
            "label": "sibling"
          }
        ],
        "1210": [
          {
            "topic": "new relationship",
            "key": 33723,
            "people": [
              14032,
              33720
            ],
            "people names": [
              "Bernero Calvus",
              "Godefridus Calvus"
            ],
            "people ages": [
              10,
              0
            ],
            "label": "sibling",
            "committed": false
          }
        ],
        "1212": [
          {
            "topic": "update",
            "update": "new friendship label",
            "relationship label": "parentchild",
            "friendship label": "friend",
            "relationship": 14033
          },
          {
            "topic": "new relationship",
            "key": 36922,
            "people": [
              13750,
              14032
            ],
            "people names": [
              "Eghenonis",
              "Bernero Calvus"
            ],
            "people ages": [
              12,
              12
            ],
            "label": "unrelated",
            "committed": false
          }
        ],
        "1213": [
          {
            "topic": "person died",
            "person": {
              "key": 12415,
              "name": "Lucas Calvus",
              "age": 54,
              "alive": false,
              "sex": "m",
              "parents": "firstgen"
            },
            "cause": "sickness",
            "friendship label": "friend",
            "label": "parent"
          }
        ],
        "1214": [
          {
            "topic": "person died",
            "person": {
              "key": 12416,
              "name": "Ricmoden",
              "age": 53,
              "alive": false,
              "sex": "f",
              "parents": "firstgen"
            },
            "cause": "sickness",
            "friendship label": "enemy",
            "label": "parent"
          }
        ],
        "1215": [
          {
            "topic": "event",
            "event": "plague",
            "year": 1215
          },
          {
            "topic": "not enough income",
            "income": 0,