{
  "14075": {
    "alive": false,
    "name": "Martin",
    "surname": "",
    "full name": "Martin",
    "born this way": {
      "sexuality label": "straight",
      "sexuality": 0.071,
      "romantic interest": 0.754,
      "sex interest": 0.58,
      "gender expression": 0.062,
      "sex": "m"
    },
    "age": 52,
    "birth year": 1201,
    "sex": "m",
    "faction": "No religion",
    "income class": [
      4,
      "nobility"
    ],
    "personality": {
      "lawful-chaotic": 0.647,
      "nice-nasty": 0.465,
      "honest-false": 0.183
    },
    "attitude": {
      "outgoing": 0.218,
      "dream": 0.354
    },
    "homsoc": {
      "means": {
        "independent": true,
        "taken_care_of": false,
        "caretaker": true,
        "needs_care": false,
        "flags": [
          "starving"
        ]
      },
      "expression": {
        "sexuality expression": 0.052,
        "gender expression expression": 0.045
      }
    },
    "network": {
      "parents": {
        "mother": "Lutghardis (12284)",
        "father": "Cats (12283)"
      },
      "children": {},
      "relationship keys": {
        "parent": [
          14076,
          14077
        ],
        "spouse": [
          44396
        ]
      }
    },
    "occupation": {
      "has job": true,
      "income class": [
        4,
        "nobility"
      ],
      "income": 1.427,
      "all_incomes": [
        1.027,
        0.837,
        0.978,
        0.871,
        0.852,
        1.145,
        1.358,
        1.213,
        1.5490000000000002,
        1.3920000000000001,
        1.5990000000000002,
        1.5990000000000002,
        1.5990000000000002,
        1.54,
        1.5990000000000002,
        1.5990000000000002,
        1.5990000000000002,
        1.5990000000000002,
        1.482,
        1.5390000000000001,
        1.467,
        1.5990000000000002,
        1.5990000000000002,
        1.5990000000000002,
        1.359,
        1.217,
        1.039,
        1.3350000000000002,
        1.524,
        1.5270000000000001,
        1.5990000000000002,
        1.508,
        1.427
      ],
      "job": {
        "lawful": true,
        "honest": false
      }
    },
    "genetics": {
      "skin_color": 7,
      "eye_color": "brown",
      "hair_color": "black",
      "hair_color_code": 0,
      "hair_type": [
        "S",
        "C"
      ],
      "health": 0.0,
      "fertility": 0.746,
      "communication_impaired": false,
      "mobility_impaired": false,
      "cognitive_impaired": false,
      "disabilities": []
    },
    "memory": {
      "health": {
        "1202": {
          "health": {
            "change": false,
            "value_change": 0.0,
            "new_health": 0.643
          },
          "death": false
        },
        "1218": {
          "health": {
            "change": true,
            "value_change": -0.348,
            "new_health": 0.295
          },
          "death": false
        },
        "1219": {
          "health": {
            "change": false,
            "value_change": 0.0,
            "new_health": 0.295
          },
          "death": false
        },
        "1252": {
          "health": {
            "change": true,
            "value_change": -0.189,
            "new_health": 0.106
          },
          "death": false
        },
        "1253": {
          "health": {
            "change": true,
            "value_change": -0.106,
            "new_health": 0.0
          },
          "death": true
        }
      },
      "events": {
        "1201": [
          {
            "topic": "new home",
            "home": {
              "income class": 4,
              "income class label": "nobility",
              "section": "stMuurhuysen2.se1.c4",
              "street": "Muurhuysen2",
              "neighborhood": "cingelnoord",
              "unique id": 800
            }
          }
        ],
        "1202": [
          {
            "topic": "person died",
            "person": {
              "key": 12283,
              "name": "Cats",
              "age": 49,
              "alive": false,
              "sex": "m",
              "parents": "firstgen"
            },
            "cause": "illness",
            "label": "parent"
          }
        ],
        "1203": [
          {
            "topic": "not enough income",
            "income": 0,
            "inhabitants": []
          }
        ],
        "1204": [
          {
            "topic": "not enough income",
            "income": 0,
            "inhabitants": []
          }
        ],
        "1205": [
          {
            "topic": "not enough income",
            "income": 0,
            "inhabitants": []
          }
        ],
        "1206": [
          {
            "topic": "not enough income",
            "income": 0,
            "inhabitants": []
          }
        ],
        "1207": [
          {
            "topic": "update",
            "update": "new friendship label",
            "relationship label": "parentchild",
            "friendship label": "friend",
            "relationship": 14077
          },
          {
            "topic": "not enough income",
            "income": 0,
            "inhabitants": []
          }
        ],
        "1208": [
          {
            "topic": "new home",
            "home": {
              "income class": 4,
              "income class label": "nobility",
              "section": "stOp Havick1.se1.c4",
              "street": "Op Havick1",
              "neighborhood": "cingelnoord",
              "unique id": 830
            }
          },
          {
            "topic": "update",
            "update": "parent married",
            "parent": 12284,
            "new partner": 12367
          }
        ],
        "1209": [
          {
            "topic": "update",
            "update": "new friendship label",
            "relationship label": "parentchild",
            "friendship label": "friend",
            "relationship": 14077
          },
          {
            "topic": "not enough income",
            "income": 0,
            "inhabitants": []
          }
        ],
        "1210": [
          {
            "topic": "not enough income",
            "income": 0,
            "inhabitants": []
          }
        ],
        "1211": [
          {
            "topic": "not enough income",
            "income": 0,
            "inhabitants": []
          }
        ],
        "1212": [
          {
            "topic": "not enough income",
            "income": 0,
            "inhabitants": []
          }
        ],
        "1213": [
          {
            "topic": "not enough income",
            "income": 0,
            "inhabitants": []
          }
        ],
        "1214": [
          {
            "topic": "not enough income",
            "income": 0,
            "inhabitants": []
          }
        ],
        "1215": [
          {
            "topic": "event",
            "event": "plague",
            "year": 1215
          },
          {
            "topic": "not enough income",
            "income": 0,
            "inhabitants": []
          }
        ],
        "1216": [
          {
            "topic": "not enough income",
            "income": 0,
            "inhabitants": []
          }
        ],
        "1217": [
          {
            "topic": "not enough income",
            "income": 0,
            "inhabitants": []
          },
          {
            "topic": "person died",
            "person": {
              "key": 12284,
              "name": "Lutghardis Auonde",
              "age": 54,
              "alive": false,
              "sex": "f",
              "parents": "firstgen"
            },
            "cause": "sickness",
            "label": "parent"
          }
        ],
        "1218": [
          {
            "topic": "not enough income",
            "income": 0,
            "inhabitants": []
          }
        ],