{
  "14104": {
    "alive": true,
    "name": "Piak",
    "surname": "Tant",
    "full name": "Piak Tant",
    "born this way": {
      "sexuality label": "straight",
      "sexuality": 0.044,
      "romantic interest": 0.694,
      "sex interest": 0.922,
      "gender expression": 0.27,
      "sex": "m"
    },
    "age": 49,
    "birth year": 1200,
    "sex": "m",
    "faction": "No religion",
    "income class": [
      2,
      "middle class"
    ],
    "personality": {
      "lawful-chaotic": 0.405,
      "nice-nasty": 0.139,
      "honest-false": 0.861,
      "dream": 0.465,
      "outgoing": 0.565
    },
    "attitude": {
      "dream": 0.465,
      "outgoing": 0.565
    },
    "homsoc": {
      "means": {
        "independent": true,
        "taken_care_of": false,
        "caretaker": true,
        "needs_care": false,
        "flags": []
      },
      "expression": {
        "sexuality expression": 0.02,
        "gender expression expression": 0.143
      }
    },
    "network": {
      "parents": {
        "mother": "Thedwi (10871)",
        "father": "Everocker (10870)"
      },
      "children": {},
      "relationship keys": {
        "parent": [
          14105,
          14106
        ],
        "unrelated": [
          66934
        ],
        "spouse": [
          75692
        ]
      }
    },
    "occupation": {
      "has job": true,
      "income class": [
        2,
        "middle class"
      ],
      "income": 1.49,
      "all_incomes": [
        0.982,
        1.012,
        1.0579999999999998,
        1.0279999999999998,
        1.111,
        1.0759999999999998,
        1.133,
        1.115,
        1.2349999999999999,
        1.303,
        1.377,
        1.379,
        1.43,
        1.4309999999999998,
        1.3279999999999998,
        1.265,
        1.2129999999999999,
        1.327,
        1.2779999999999998,
        1.3079999999999998,
        1.321,
        1.343,
        1.4049999999999998,
        1.49,
        1.4429999999999998,
        1.524,
        1.494,
        1.524,
        1.4989999999999999,
        1.501,
        1.464,
        1.486,
        1.515,
        1.49
      ],
      "job": {
        "lawful": true,
        "honest": true
      }
    },
    "genetics": {
      "skin_color": 5,
      "eye_color": "blue",
      "hair_color": "dark brown",
      "hair_color_code": 1,
      "hair_type": [
        "C",
        "C"
      ],
      "health": 0.759,
      "fertility": 0.809,
      "communication_impaired": false,
      "mobility_impaired": false,
      "cognitive_impaired": false,
      "disabilities": []
    },
    "memory": {
      "health": {
        "1201": {
          "health": {
            "change": false,
            "value_change": 0.0,
            "new_health": 0.759
          },
          "death": false
        }
      },
      "events": {
        "1200": [
          {
            "topic": "birth",
            "year": 1200
          },
          {
            "topic": "new relationship",
            "key": 14105,
            "people": [
              10870,
              14104
            ],
            "people names": [
              "Everocker Tant",
              "Piak Tant"
            ],
            "people ages": [
              50,
              0
            ],
            "label": "parentchild",
            "committed": false
          },
          {
            "topic": "new relationship",
            "key": 14106,
            "people": [
              10871,
              14104
            ],
            "people names": [
              "Thedwi Cornute",
              "Piak Tant"
            ],
            "people ages": [
              23,
              0
            ],
            "label": "parentchild",
            "committed": false
          }
        ],
        "1201": [
          {
            "topic": "person died",
            "person": {
              "key": 10871,
              "name": "Thedwi Cornute",
              "age": 25,
              "alive": false,
              "sex": "f",
              "parents": "firstgen"
            },
            "cause": "illness",
            "friendship label": "friend",
            "label": "parent"
          }
        ],
        "1205": [
          {
            "topic": "update",
            "update": "parent married",
            "parent": 10870,
            "new partner": 11027
          }
        ],
        "1206": [
          {
            "topic": "person died",
            "person": {
              "key": 10870,
              "name": "Everocker Tant",
              "age": 56,
              "alive": false,
              "sex": "m",
              "parents": "firstgen"
            },
            "cause": "sickness",
            "friendship label": "friend",
            "label": "parent"
          }
        ],
        "1215": [
          {
            "topic": "event",
            "event": "plague",
            "year": 1215
          }
        ],
        "1216": [
          {
            "topic": "job notice",
            "notice": "found job",
            "income": 0.982
          }
        ],
        "1217": [
          {
            "topic": "job notice",
            "notice": "comfortable earnings",
            "income": 1.012
          }
        ],
        "1223": [
          {
            "topic": "event",
            "event": "plague",
            "year": 1223
          }
        ],
        "1232": [
          {
            "topic": "event",
            "event": "war",
            "year": 1232
          }
        ],
        "1239": [
          {
            "topic": "new relationship",
            "key": 66934,
            "people": [
              19153,
              14104
            ],
            "people names": [
              "Froumoldus",
              "Piak Tant"
            ],
            "people ages": [
              36,
              39
            ],
            "label": "unrelated",
            "committed": false
          }
        ],
        "1245": [
          {
            "topic": "event",
            "event": "famine",
            "year": 1245
          },
          {
            "topic": "person died",
            "person": {
              "key": 19153,
              "name": "Froumoldus",
              "age": 42,
              "alive": false,
              "sex": "m",
              "parents": {
                "mother": "Woltwigis (11198)",
                "father": "Iordanus (11197)"
              }
            },
            "cause": "starvation",
            "friendship label": "indifferent",
            "label": "unrelated",
            "love state": "nothing"
          }
        ],
        "1248": [
          {
            "topic": "new relationship",
            "key": 75692,
            "people": [
              14104,
              36527
            ],
            "people names": [
              "Piak Tant",
              "Walburgis Pluckerose"
            ],
            "people ages": [
              48,
              36
            ],
            "label": "spouse",
            "committed": true
          }
        ],
        "1249": [
          {
            "topic": "feelings change",
            "target": 36527,
            "target name": "Walburgis Pluckerose",
            "state": "out of love",
            "friendship label": "indifferent",
            "relationship": 75692
          }
        ]
      }
    },
    "key": 14104,
    "home": {
      "income class": 2,
      "income class label": "middle class",
      "section": "stCingel.se1.c2",
      "street": "Cingel",
      "neighborhood": "agnesbuurt",
      "unique id": 302
    },
    "relationship status": {
      "taken": true,
      "married": true,
      "relationships": [
        75692
      ]
    },
    "friends": [
      14105,
      14106
    ],
    "enemies": []
  }
}