{
  "14142": {
    "alive": false,
    "name": "Froumoldus",
    "surname": "Craiman",
    "full name": "Froumoldus Craiman",
    "born this way": {
      "sexuality label": "straight",
      "sexuality": 0.171,
      "romantic interest": 0.999,
      "sex interest": 0.495,
      "gender expression": 0.0,
      "sex": "m"
    },
    "age": 39,
    "birth year": 1201,
    "sex": "m",
    "faction": "Zealots",
    "income class": [
      3,
      "upper middle class"
    ],
    "personality": {
      "lawful-chaotic": 0.999,
      "nice-nasty": 0.015,
      "honest-false": 0.89
    },
    "attitude": {
      "outgoing": 0.442,
      "dream": 0.5
    },
    "homsoc": {
      "means": {
        "independent": true,
        "taken_care_of": false,
        "caretaker": true,
        "needs_care": false,
        "flags": []
      },
      "expression": {
        "sexuality expression": 0.081,
        "gender expression expression": -0.001
      }
    },
    "network": {
      "parents": {
        "mother": "Marisseis (11852)",
        "father": "Bollarde (11851)"
      },
      "children": {},
      "relationship keys": {
        "parent": [
          14143,
          14144
        ],
        "sibling": [
          15395,
          15999,
          17022
        ],
        "half-sibling": [
          19583,
          20680,
          22624,
          23510
        ],
        "nibling": [
          25284
        ],
        "spouse": [
          37804
        ]
      }
    },
    "occupation": {
      "has job": true,
      "income class": [
        3,
        "upper middle class"
      ],
      "income": 1.5490000000000002,
      "all_incomes": [
        1.012,
        1.069,
        1.104,
        1.135,
        1.2890000000000001,
        1.369,
        1.45,
        1.5490000000000002,
        1.5490000000000002,
        1.5490000000000002,
        1.5490000000000002,
        1.5490000000000002,
        1.5310000000000001,
        1.528,
        1.5490000000000002,
        1.5370000000000001,
        1.5490000000000002,
        1.5490000000000002,
        1.5490000000000002,
        1.5490000000000002,
        1.5490000000000002,
        1.522,
        1.5490000000000002
      ],
      "job": {
        "lawful": true,
        "honest": true
      }
    },
    "genetics": {
      "skin_color": 6,
      "eye_color": "blue",
      "hair_color": "brown",
      "hair_color_code": 2,
      "hair_type": [
        "S",
        "S"
      ],
      "health": 0.599,
      "fertility": 0.605,
      "communication_impaired": false,
      "mobility_impaired": false,
      "cognitive_impaired": false,
      "disabilities": []
    },
    "memory": {
      "health": {
        "1202": {
          "health": {
            "change": false,
            "value_change": 0.0,
            "new_health": 0.599
          },
          "death": false
        },
        "1240": {
          "health": {
            "change": false,
            "value_change": 0.0,
            "new_health": 0.599
          },
          "death": true
        }
      },
      "events": {
        "1201": [
          {
            "topic": "new home",
            "home": {
              "income class": 3,
              "income class label": "upper middle class",
              "section": "stMuurhuysen1.se1.c3",
              "street": "Muurhuysen1",
              "neighborhood": "cingelzuid",
              "unique id": 650
            }
          }
        ],
        "1203": [
          {
            "topic": "new relationship",
            "key": 15395,
            "people": [
              14142,
              15392
            ],
            "people names": [
              "Froumoldus Craiman",
              "Auesoete Craiman"
            ],
            "people ages": [
              1,
              0
            ],
            "label": "sibling",
            "committed": false
          }
        ],
        "1204": [
          {
            "topic": "new relationship",
            "key": 15999,
            "people": [
              14142,
              15996
            ],
            "people names": [
              "Froumoldus Craiman",
              "Hardenbernus Craiman"
            ],
            "people ages": [
              2,
              0
            ],
            "label": "sibling",
            "committed": false
          },
          {
            "topic": "update",
            "update": "new friendship label",
            "relationship label": "parentchild",
            "friendship label": "indifferent",
            "relationship": 14144
          }
        ],
        "1205": [
          {
            "topic": "update",
            "update": "new friendship label",
            "relationship label": "parentchild",
            "friendship label": "indifferent",
            "relationship": 14143
          },
          {
            "topic": "new relationship",
            "key": 17022,
            "people": [
              14142,
              17019
            ],
            "people names": [
              "Froumoldus Craiman",
              "Ysewin Craiman"
            ],
            "people ages": [
              3,
              0
            ],
            "label": "sibling",
            "committed": false
          },
          {
            "topic": "person died",
            "person": {
              "key": 11852,
              "name": "Marisseis",
              "age": 23,
              "alive": false,
              "sex": "f",
              "parents": "firstgen"
            },
            "cause": "illness",
            "label": "parent"
          }
        ],
        "1206": [
          {
            "topic": "new home",
            "home": {
              "income class": 3,
              "income class label": "upper middle class",
              "section": "stMuurhuysen2.se5.c3",
              "street": "Muurhuysen2",
              "neighborhood": "cingelnoord",
              "unique id": 812
            }
          },
          {
            "topic": "update",
            "update": "parent married",
            "parent": 11851,
            "new partner": 12317
          }
        ],
        "1208": [
          {
            "topic": "new relationship",
            "key": 19583,
            "people": [
              14142,
              19061
            ],
            "people names": [
              "Froumoldus Craiman",
              "Eustacius Craiman"
            ],
            "people ages": [
              7,
              0
            ],
            "label": "half-sibling",
            "committed": false
          }
        ],
        "1210": [
          {
            "topic": "new relationship",
            "key": 20680,
            "people": [
              14142,
              20191
            ],
            "people names": [
              "Froumoldus Craiman",
              "Oudrauen Craiman"
            ],
            "people ages": [
              9,
              0
            ],
            "label": "half-sibling",
            "committed": false
          }
        ],
        "1212": [
          {
            "topic": "update",
            "update": "new friendship label",
            "relationship label": "half-sibling",
            "friendship label": "indifferent",
            "relationship": 20680
          }
        ],
        "1214": [
          {
            "topic": "update",
            "update": "new friendship label",
            "relationship label": "sibling",
            "friendship label": "disliked",
            "relationship": 15395
          },
          {
            "topic": "new relationship",
            "key": 22624,
            "people": [
              14142,
              22489
            ],
            "people names": [
              "Froumoldus Craiman",
              "Berta Craiman"
            ],
            "people ages": [
              13,
              0
            ],
            "label": "half-sibling",