{
  "14185": {
    "alive": true,
    "name": "Sybillia",
    "surname": "Borsdraghere",
    "full name": "Sybillia Borsdraghere",
    "born this way": {
      "sexuality label": "gay",
      "sexuality": 0.899,
      "romantic interest": 0.495,
      "sex interest": 0.507,
      "gender expression": 0.236,
      "sex": "f"
    },
    "age": 49,
    "birth year": 1200,
    "sex": "f",
    "faction": "Zealots",
    "income class": [
      3,
      "upper middle class"
    ],
    "personality": {
      "lawful-chaotic": 0.222,
      "nice-nasty": 0.526,
      "honest-false": 0.808,
      "dream": 0.46,
      "outgoing": 0.531
    },
    "attitude": {
      "dream": 0.46,
      "outgoing": 0.531
    },
    "homsoc": {
      "means": {
        "independent": false,
        "taken_care_of": false,
        "caretaker": true,
        "needs_care": false,
        "flags": [
          "starving"
        ]
      },
      "expression": {
        "sexuality expression": 0.118,
        "gender expression expression": 0.09
      }
    },
    "network": {
      "parents": {
        "mother": "Uergina (12359)",
        "father": "Gilis (12358)"
      },
      "children": {},
      "relationship keys": {
        "parent": [
          14186,
          14187
        ],
        "sibling": [
          16151,
          17791,
          20076,
          22479,
          23674,
          25236
        ],
        "unrelated": [
          41951,
          42774,
          79174
        ]
      }
    },
    "occupation": {
      "has job": true,
      "income class": [
        3,
        "upper middle class"
      ],
      "income": 0.14600000000000002,
      "all_incomes": [
        1.056,
        0.878,
        0.934,
        0.277,
        0.62,
        0.477,
        0.791,
        1.318,
        1.5490000000000002,
        1.1740000000000002,
        1.059,
        1.033,
        0.812,
        1.339,
        1.5490000000000002,
        1.5490000000000002,
        1.5490000000000002,
        0.8180000000000001,
        1.052,
        0.9420000000000001,
        1.477,
        1.5490000000000002,
        1.197,
        0.9580000000000001,
        0.8470000000000001,
        0.46299999999999997,
        0.22199999999999998,
        0.14600000000000002
      ],
      "job": {
        "lawful": false,
        "honest": false
      }
    },
    "genetics": {
      "skin_color": 1,
      "eye_color": "green",
      "hair_color": "red",
      "hair_color_code": 3,
      "hair_type": [
        "C",
        "C"
      ],
      "health": 0.814,
      "fertility": 0.846,
      "communication_impaired": false,
      "mobility_impaired": false,
      "cognitive_impaired": false,
      "disabilities": []
    },
    "memory": {
      "health": {
        "1201": {
          "health": {
            "change": false,
            "value_change": 0.0,
            "new_health": 0.814
          },
          "death": false
        }
      },
      "events": {
        "1200": [
          {
            "topic": "birth",
            "year": 1200
          },
          {
            "topic": "new relationship",
            "key": 14186,
            "people": [
              12358,
              14185
            ],
            "people names": [
              "Gilis Borsdraghere",
              "Sybillia Borsdraghere"
            ],
            "people ages": [
              25,
              0
            ],
            "label": "parentchild",
            "committed": false
          },
          {
            "topic": "new relationship",
            "key": 14187,
            "people": [
              12359,
              14185
            ],
            "people names": [
              "Uergina Wittebloem",
              "Sybillia Borsdraghere"
            ],
            "people ages": [
              17,
              0
            ],
            "label": "parentchild",
            "committed": false
          }
        ],
        "1201": [
          {
            "topic": "new relationship",
            "key": 16151,
            "people": [
              14185,
              16148
            ],
            "people names": [
              "Sybillia Borsdraghere",
              "Haghen Borsdraghere"
            ],
            "people ages": [
              1,
              0
            ],
            "label": "sibling",
            "committed": false
          }
        ],
        "1202": [
          {
            "topic": "new relationship",
            "key": 17791,
            "people": [
              14185,
              17788
            ],
            "people names": [
              "Sybillia Borsdraghere",
              "Beatrice Borsdraghere"
            ],
            "people ages": [
              2,
              0
            ],
            "label": "sibling",
            "committed": false
          }
        ],
        "1203": [
          {
            "topic": "new relationship",
            "key": 20076,
            "people": [
              14185,
              20073
            ],
            "people names": [
              "Sybillia Borsdraghere",
              "Ghisebrecht"
            ],
            "people ages": [
              3,
              0
            ],
            "label": "sibling",
            "committed": false
          }
        ],
        "1204": [
          {
            "topic": "update",
            "update": "new friendship label",
            "relationship label": "parentchild",
            "friendship label": "friend",
            "relationship": 14186
          },
          {
            "topic": "new relationship",
            "key": 22479,
            "people": [
              14185,
              22476
            ],
            "people names": [
              "Sybillia Borsdraghere",
              "Dilane Borsdraghere"
            ],
            "people ages": [
              4,
              0
            ],
            "label": "sibling",
            "committed": false
          }
        ],
        "1205": [
          {
            "topic": "new relationship",
            "key": 23674,
            "people": [
              14185,
              23671
            ],
            "people names": [
              "Sybillia Borsdraghere",
              "Aleydis Borsdraghere"
            ],
            "people ages": [
              4,
              0
            ],
            "label": "sibling",
            "committed": false
          }
        ],
        "1206": [
          {
            "topic": "new relationship",
            "key": 25236,
            "people": [
              14185,
              25233
            ],
            "people names": [
              "Sybillia Borsdraghere",
              "Gheesen Borsdraghere"
            ],
            "people ages": [
              5,
              0
            ],
            "label": "sibling",
            "committed": false
          },
          {
            "topic": "person died",
            "person": {
              "key": 12359,
              "name": "Uergina Wittebloem",
              "age": 23,
              "alive": false,
              "sex": "f",
              "parents": "firstgen"
            },
            "cause": "childbirth",
            "friendship label": "indifferent",
            "label": "parent"
          }
        ],
        "1208": [
          {
            "topic": "event",
            "event": "faction upheaval",
            "faction": "No religion",
            "year": 1208
          },
          {
            "topic": "update",
            "update": "new friendship label",
            "relationship label": "sibling",
            "friendship label": "indifferent",
            "relationship": 23674
          }
        ],
        "1209": [
          {
            "topic": "not enough income",
            "income": 0.33799999999999997,
            "inhabitants": [
              14185,
              22476
            ]
          }
        ],