{
  "14197": {
    "alive": true,
    "name": "Reymar",
    "surname": "Spiegel",
    "full name": "Reymar Spiegel",
    "born this way": {
      "sexuality label": "straight",
      "sexuality": 0.038,
      "romantic interest": 0.905,
      "sex interest": 0.817,
      "gender expression": 0.064,
      "sex": "m"
    },
    "age": 49,
    "birth year": 1200,
    "sex": "m",
    "faction": "No religion",
    "income class": [
      3,
      "upper middle class"
    ],
    "personality": {
      "lawful-chaotic": 0.573,
      "nice-nasty": 0.814,
      "honest-false": 0.565,
      "dream": 0.53,
      "outgoing": 0.905
    },
    "attitude": {
      "dream": 0.53,
      "outgoing": 0.905
    },
    "homsoc": {
      "means": {
        "independent": true,
        "taken_care_of": false,
        "caretaker": true,
        "needs_care": false,
        "flags": [
          "starving"
        ]
      },
      "expression": {
        "sexuality expression": 0.015,
        "gender expression expression": 0.024
      }
    },
    "network": {
      "parents": {
        "mother": "Ermegardis (11582)",
        "father": "Tiedeman (11581)"
      },
      "children": {},
      "relationship keys": {
        "parent": [
          14198,
          14199
        ],
        "sibling": [
          18724
        ],
        "unrelated": [
          52290
        ]
      }
    },
    "occupation": {
      "has job": true,
      "income class": [
        3,
        "upper middle class"
      ],
      "income": 1.1640000000000001,
      "all_incomes": [
        1.04,
        1.354,
        0.8550000000000001,
        0.868,
        0.537,
        0.654,
        1.03,
        0.997,
        1.3960000000000001,
        1.407,
        1.025,
        1.413,
        1.5490000000000002,
        1.5470000000000002,
        1.175,
        0.7360000000000001,
        0.916,
        1.21,
        0.87,
        0.776,
        1.441,
        1.5490000000000002,
        1.5490000000000002,
        1.5490000000000002,
        1.516,
        1.323,
        0.9450000000000001,
        0.643,
        0.248,
        0.05,
        0.315,
        0.99,
        1.089,
        1.1640000000000001
      ],
      "job": {
        "lawful": false,
        "honest": false
      }
    },
    "genetics": {
      "skin_color": 6,
      "eye_color": "blue",
      "hair_color": "red",
      "hair_color_code": 3,
      "hair_type": [
        "S",
        "C"
      ],
      "health": 0.806,
      "fertility": 0.868,
      "communication_impaired": false,
      "mobility_impaired": false,
      "cognitive_impaired": false,
      "disabilities": []
    },
    "memory": {
      "health": {
        "1201": {
          "health": {
            "change": false,
            "value_change": 0.0,
            "new_health": 0.806
          },
          "death": false
        }
      },
      "events": {
        "1200": [
          {
            "topic": "birth",
            "year": 1200
          },
          {
            "topic": "new relationship",
            "key": 14198,
            "people": [
              11581,
              14197
            ],
            "people names": [
              "Tiedeman Spiegel",
              "Reymar Spiegel"
            ],
            "people ages": [
              50,
              0
            ],
            "label": "parentchild",
            "committed": false
          },
          {
            "topic": "new relationship",
            "key": 14199,
            "people": [
              11582,
              14197
            ],
            "people names": [
              "Ermegardis Svaif",
              "Reymar Spiegel"
            ],
            "people ages": [
              31,
              0
            ],
            "label": "parentchild",
            "committed": false
          }
        ],
        "1203": [
          {
            "topic": "new relationship",
            "key": 18724,
            "people": [
              14197,
              18721
            ],
            "people names": [
              "Reymar Spiegel",
              "Heylewigis Spiegel"
            ],
            "people ages": [
              2,
              0
            ],
            "label": "sibling",
            "committed": false
          },
          {
            "topic": "person died",
            "person": {
              "key": 11581,
              "name": "Tiedeman Spiegel",
              "age": 53,
              "alive": false,
              "sex": "m",
              "parents": "firstgen"
            },
            "cause": "old age",
            "friendship label": "friend",
            "label": "parent"
          }
        ],
        "1204": [
          {
            "topic": "not enough income",
            "income": 0,
            "inhabitants": [
              14197
            ]
          }
        ],
        "1205": [
          {
            "topic": "not enough income",
            "income": 0,
            "inhabitants": [
              14197
            ]
          }
        ],
        "1206": [
          {
            "topic": "update",
            "update": "new friendship label",
            "relationship label": "parentchild",
            "friendship label": "friend",
            "relationship": 14199
          },
          {
            "topic": "not enough income",
            "income": 0,
            "inhabitants": [
              14197
            ]
          }
        ],
        "1207": [
          {
            "topic": "not enough income",
            "income": 0,
            "inhabitants": [
              14197
            ]
          }
        ],
        "1208": [
          {
            "topic": "event",
            "event": "faction upheaval",
            "faction": "No religion",
            "year": 1208
          },
          {
            "topic": "not enough income",
            "income": 0,
            "inhabitants": [
              14197
            ]
          }
        ],
        "1209": [
          {
            "topic": "not enough income",
            "income": 0,
            "inhabitants": [
              14197
            ]
          }
        ],
        "1210": [
          {
            "topic": "not enough income",
            "income": 0,
            "inhabitants": [
              14197
            ]
          }
        ],
        "1211": [
          {
            "topic": "not enough income",
            "income": 0,
            "inhabitants": [
              14197
            ]
          }
        ],
        "1212": [
          {
            "topic": "update",
            "update": "new friendship label",
            "relationship label": "sibling",
            "friendship label": "friend",
            "relationship": 18724
          },
          {
            "topic": "not enough income",
            "income": 0,
            "inhabitants": [
              14197
            ]
          }
        ],
        "1213": [
          {
            "topic": "not enough income",
            "income": 0,
            "inhabitants": [
              14197
            ]
          }
        ],
        "1214": [
          {
            "topic": "update",
            "update": "new friendship label",
            "relationship label": "sibling",
            "friendship label": "indifferent",
            "relationship": 18724
          },
          {
            "topic": "not enough income",
            "income": 0,
            "inhabitants": [
              14197
            ]
          }
        ],
        "1215": [
          {
            "topic": "event",
            "event": "plague",
            "year": 1215
          },
          {
            "topic": "not enough income",
            "income": 0,
            "inhabitants": [
              14197
            ]
          }
        ],
        "1216": [
          {
            "topic": "job notice",
            "notice": "found job",