{
  "14227": {
    "alive": true,
    "name": "Soeten",
    "surname": "Putoc",
    "full name": "Soeten Putoc",
    "born this way": {
      "sexuality label": "straight",
      "sexuality": 0.039,
      "romantic interest": 0.999,
      "sex interest": 0.817,
      "gender expression": 0.083,
      "sex": "f"
    },
    "age": 49,
    "birth year": 1200,
    "sex": "f",
    "faction": "No religion",
    "income class": [
      3,
      "upper middle class"
    ],
    "personality": {
      "lawful-chaotic": 0.076,
      "nice-nasty": 0.048,
      "honest-false": 0.68,
      "dream": 0.0,
      "outgoing": 0.712
    },
    "attitude": {
      "dream": 0.0,
      "outgoing": 0.712
    },
    "homsoc": {
      "means": {
        "independent": true,
        "taken_care_of": false,
        "caretaker": true,
        "needs_care": false,
        "flags": [
          "starving"
        ]
      },
      "expression": {
        "sexuality expression": 0.023,
        "gender expression expression": 0.015
      }
    },
    "network": {
      "parents": {
        "mother": "Sara (11630)",
        "father": "Loduicus (11629)"
      },
      "children": {
        "75505": {
          "key": 75505,
          "name": "Sanders Pryckert",
          "age": 1,
          "alive": true,
          "sex": "m",
          "parents": {
            "mother": "Soeten (14227)",
            "father": "Goeskin (32061)"
          }
        }
      },
      "relationship keys": {
        "parent": [
          14228,
          14229
        ],
        "sibling": [
          21429
        ],
        "unrelated": [
          58382
        ],
        "spouse": [
          72307
        ],
        "child": {
          "birth": [
            75507
          ]
        }
      }
    },
    "occupation": {
      "has job": true,
      "income class": [
        3,
        "upper middle class"
      ],
      "income": 1.34,
      "all_incomes": [
        0.773,
        0.8480000000000001,
        1.196,
        1.256,
        1.312,
        1.5490000000000002,
        1.538,
        1.5490000000000002,
        1.5490000000000002,
        1.5490000000000002,
        1.383,
        1.363,
        1.5190000000000001,
        1.5490000000000002,
        1.445,
        1.5490000000000002,
        1.3760000000000001,
        1.2510000000000001,
        1.5490000000000002,
        1.476,
        1.5490000000000002,
        1.389,
        1.264,
        1.2550000000000001,
        1.526,
        1.444,
        1.5490000000000002,
        1.5490000000000002,
        1.5490000000000002,
        1.329,
        1.331,
        1.182,
        1.491,
        1.34
      ],
      "job": {
        "lawful": false,
        "honest": true
      }
    },
    "genetics": {
      "skin_color": 2,
      "eye_color": "green",
      "hair_color": "black",
      "hair_color_code": 0,
      "hair_type": [
        "S",
        "S"
      ],
      "health": 0.744,
      "fertility": 0.689,
      "communication_impaired": false,
      "mobility_impaired": false,
      "cognitive_impaired": false,
      "disabilities": []
    },
    "memory": {
      "health": {
        "1201": {
          "health": {
            "change": false,
            "value_change": 0.0,
            "new_health": 0.744
          },
          "death": false
        }
      },
      "events": {
        "1200": [
          {
            "topic": "birth",
            "year": 1200
          },
          {
            "topic": "new relationship",
            "key": 14228,
            "people": [
              11629,
              14227
            ],
            "people names": [
              "Loduicus Putoc",
              "Soeten Putoc"
            ],
            "people ages": [
              30,
              0
            ],
            "label": "parentchild",
            "committed": false
          },
          {
            "topic": "new relationship",
            "key": 14229,
            "people": [
              11630,
              14227
            ],
            "people names": [
              "Sara Colsebyle",
              "Soeten Putoc"
            ],
            "people ages": [
              28,
              0
            ],
            "label": "parentchild",
            "committed": false
          }
        ],
        "1202": [
          {
            "topic": "update",
            "update": "new friendship label",
            "relationship label": "parentchild",
            "friendship label": "friend",
            "relationship": 14228
          }
        ],
        "1204": [
          {
            "topic": "new relationship",
            "key": 21429,
            "people": [
              14227,
              21426
            ],
            "people names": [
              "Soeten Putoc",
              "Paradanus Loduicusszoon"
            ],
            "people ages": [
              4,
              0
            ],
            "label": "sibling",
            "committed": false
          }
        ],
        "1205": [
          {
            "topic": "update",
            "update": "new friendship label",
            "relationship label": "parentchild",
            "friendship label": "indifferent",
            "relationship": 14228
          },
          {
            "topic": "person died",
            "person": {
              "key": 11630,
              "name": "Sara Colsebyle",
              "age": 34,
              "alive": false,
              "sex": "f",
              "parents": "firstgen"
            },
            "cause": "illness",
            "friendship label": "indifferent",
            "label": "parent"
          }
        ],
        "1211": [
          {
            "topic": "update",
            "update": "new friendship label",
            "relationship label": "parentchild",
            "friendship label": "disliked",
            "relationship": 14228
          }
        ],
        "1212": [
          {
            "topic": "update",
            "update": "parent married",
            "parent": 11629,
            "new partner": 11681
          }
        ],
        "1213": [
          {
            "topic": "update",
            "update": "new friendship label",
            "relationship label": "parentchild",
            "friendship label": "disliked",
            "relationship": 14228
          }
        ],
        "1214": [
          {
            "topic": "person died",
            "person": {
              "key": 11629,
              "name": "Loduicus Putoc",
              "age": 44,
              "alive": false,
              "sex": "m",
              "parents": "firstgen"
            },
            "cause": "illness",
            "friendship label": "disliked",
            "label": "parent"
          }
        ],
        "1215": [
          {
            "topic": "event",
            "event": "plague",
            "year": 1215
          },
          {
            "topic": "not enough income",
            "income": 0,
            "inhabitants": [
              20055,
              50230,
              52841
            ]
          }
        ],
        "1216": [
          {
            "topic": "job notice",
            "notice": "found job",
            "income": 0.773
          },
          {
            "topic": "not enough income",
            "income": 0,
            "inhabitants": [
              20055,
              50230,
              52841
            ]
          }
        ],
        "1217": [
          {
            "topic": "person died",
            "person": {
              "key": 21426,
              "name": "Paradanus Loduicusszoon",
              "age": 13,
              "alive": false,
              "sex": "m",
              "parents": {
                "mother": "Sara (11630)",
                "father": "Loduicus (11629)"
              }
            },
            "cause": "starvation",
            "friendship label": "good friend",