{
  "14320": {
    "alive": false,
    "name": "Mabelie",
    "surname": "",
    "full name": "Mabelie",
    "born this way": {
      "sexuality label": "straight",
      "sexuality": 0.103,
      "romantic interest": 0.774,
      "sex interest": 0.656,
      "gender expression": 0.107,
      "sex": "f"
    },
    "age": 53,
    "birth year": 1201,
    "sex": "f",
    "faction": "No religion",
    "income class": [
      4,
      "nobility"
    ],
    "personality": {
      "lawful-chaotic": 0.445,
      "nice-nasty": 0.142,
      "honest-false": 0.894
    },
    "attitude": {
      "outgoing": 0.402,
      "dream": 0.473
    },
    "homsoc": {
      "means": {
        "independent": true,
        "taken_care_of": false,
        "caretaker": true,
        "needs_care": false,
        "flags": []
      },
      "expression": {
        "sexuality expression": 0.043,
        "gender expression expression": 0.084
      }
    },
    "network": {
      "parents": {
        "mother": "Emmelina (12386)",
        "father": "Bel (12385)"
      },
      "children": {},
      "relationship keys": {
        "parent": [
          14321,
          14322
        ],
        "sibling": [
          14638,
          16338,
          17209,
          17775,
          19100
        ],
        "half-sibling": [
          23249
        ],
        "nibling": [
          27390,
          32213,
          34297
        ],
        "spouse": [
          53500
        ]
      }
    },
    "occupation": {
      "has job": true,
      "income class": [
        4,
        "nobility"
      ],
      "income": 1.5990000000000002,
      "all_incomes": [
        0.978,
        1.161,
        1.4080000000000001,
        1.3130000000000002,
        1.588,
        1.5990000000000002,
        1.5990000000000002,
        1.5990000000000002,
        1.5990000000000002,
        1.5990000000000002,
        1.5990000000000002,
        1.5990000000000002,
        1.37,
        1.5990000000000002,
        1.5990000000000002,
        1.5990000000000002,
        1.5990000000000002,
        1.5990000000000002,
        1.5990000000000002,
        1.5990000000000002,
        1.5990000000000002
      ],
      "job": {
        "lawful": false,
        "honest": true
      }
    },
    "genetics": {
      "skin_color": 5,
      "eye_color": "blue",
      "hair_color": "red",
      "hair_color_code": 3,
      "hair_type": [
        "C",
        "S"
      ],
      "health": 0.0,
      "fertility": 0.74,
      "communication_impaired": false,
      "mobility_impaired": false,
      "cognitive_impaired": false,
      "disabilities": []
    },
    "memory": {
      "health": {
        "1202": {
          "health": {
            "change": false,
            "value_change": 0.0,
            "new_health": 0.722
          },
          "death": false
        },
        "1205": {
          "health": {
            "change": true,
            "value_change": -0.187,
            "new_health": 0.535
          },
          "death": false
        },
        "1206": {
          "health": {
            "change": true,
            "value_change": -0.141,
            "new_health": 0.394
          },
          "death": false
        },
        "1207": {
          "health": {
            "change": false,
            "value_change": 0.0,
            "new_health": 0.394
          },
          "death": false
        },
        "1220": {
          "health": {
            "change": true,
            "value_change": -0.118,
            "new_health": 0.276
          },
          "death": false
        },
        "1221": {
          "health": {
            "change": false,
            "value_change": 0.0,
            "new_health": 0.276
          },
          "death": false
        },
        "1252": {
          "health": {
            "change": true,
            "value_change": -0.221,
            "new_health": 0.055
          },
          "death": false
        },
        "1253": {
          "health": {
            "change": true,
            "value_change": -0.029,
            "new_health": 0.026
          },
          "death": false
        },
        "1254": {
          "health": {
            "change": true,
            "value_change": -0.026,
            "new_health": 0.0
          },
          "death": true
        }
      },
      "events": {
        "1201": [
          {
            "topic": "new home",
            "home": {
              "income class": 4,
              "income class label": "nobility",
              "section": "stOp Havick1.se1.c4",
              "street": "Op Havick1",
              "neighborhood": "cingelnoord",
              "unique id": 837
            }
          }
        ],
        "1202": [
          {
            "topic": "new relationship",
            "key": 14638,
            "people": [
              14320,
              14635
            ],
            "people names": [
              "Mabelie",
              "Hylonus"
            ],
            "people ages": [
              0,
              0
            ],
            "label": "sibling",
            "committed": false
          }
        ],
        "1204": [
          {
            "topic": "new relationship",
            "key": 16338,
            "people": [
              14320,
              16335
            ],
            "people names": [
              "Mabelie",
              "Folqui Belsdochter"
            ],
            "people ages": [
              2,
              0
            ],
            "label": "sibling",
            "committed": false
          }
        ],
        "1205": [
          {
            "topic": "new relationship",
            "key": 17209,
            "people": [
              14320,
              17206
            ],
            "people names": [
              "Mabelie",
              "Philips van Bel"
            ],
            "people ages": [
              4,
              0
            ],
            "label": "sibling",
            "committed": false
          }
        ],
        "1206": [
          {
            "topic": "new relationship",
            "key": 17775,
            "people": [
              14320,
              17772
            ],
            "people names": [
              "Mabelie",
              "Geile Belsdochter"
            ],
            "people ages": [
              4,
              0
            ],
            "label": "sibling",
            "committed": false
          }
        ],
        "1208": [
          {
            "topic": "new relationship",
            "key": 19100,
            "people": [
              14320,
              19097
            ],
            "people names": [
              "Mabelie",
              "Walramus"
            ],
            "people ages": [
              6,
              0
            ],
            "label": "sibling",
            "committed": false
          },
          {
            "topic": "update",
            "update": "new friendship label",
            "relationship label": "sibling",
            "friendship label": "indifferent",
            "relationship": 17209
          }
        ],
        "1209": [
          {
            "topic": "update",
            "update": "new friendship label",
            "relationship label": "sibling",
            "friendship label": "friend",
            "relationship": 19100
          },
          {
            "topic": "person died",
            "person": {
              "key": 12385,
              "name": "Bel",
              "age": 38,
              "alive": false,
              "sex": "m",
              "parents": "firstgen"
            },
            "cause": "illness",
            "label": "parent"
          }
        ],
        "1210": [
          {
            "topic": "update",
            "update": "new friendship label",
            "relationship label": "sibling",
            "friendship label": "friend",