{
  "14383": {
    "alive": false,
    "name": "Jonghen",
    "surname": "Minne",
    "full name": "Jonghen Minne",
    "born this way": {
      "sexuality label": "bi",
      "sexuality": 0.594,
      "romantic interest": 0.645,
      "sex interest": 0.581,
      "gender expression": 0.595,
      "sex": "m"
    },
    "age": 35,
    "birth year": 1200,
    "sex": "m",
    "faction": "Dogmatists",
    "income class": [
      3,
      "upper middle class"
    ],
    "personality": {
      "lawful-chaotic": 0.359,
      "nice-nasty": 0.415,
      "honest-false": 0.31,
      "dream": 0.335,
      "outgoing": 0.454
    },
    "attitude": {
      "dream": 0.335,
      "outgoing": 0.454
    },
    "homsoc": {
      "means": {
        "independent": true,
        "taken_care_of": false,
        "caretaker": true,
        "needs_care": false,
        "flags": []
      },
      "expression": {
        "sexuality expression": 0.361,
        "gender expression expression": 0.291
      }
    },
    "network": {
      "parents": {
        "mother": "Wijfgode (11726)",
        "father": "Eustacius (11725)"
      },
      "children": {},
      "relationship keys": {
        "parent": [
          14384,
          14385
        ],
        "sibling": [
          22697,
          23272,
          25773,
          28779,
          29286,
          31106
        ],
        "unrelated": [
          44724,
          45447,
          55065,
          56770,
          58324
        ]
      }
    },
    "occupation": {
      "has job": true,
      "income class": [
        3,
        "upper middle class"
      ],
      "income": 1.5490000000000002,
      "all_incomes": [
        0.983,
        1.1600000000000001,
        1.387,
        1.5370000000000001,
        1.294,
        1.195,
        1.044,
        1.342,
        1.4140000000000001,
        1.49,
        1.5490000000000002,
        1.5490000000000002,
        1.434,
        1.4040000000000001,
        1.5490000000000002,
        1.5490000000000002,
        1.5490000000000002,
        1.5490000000000002,
        1.448,
        1.5490000000000002
      ],
      "job": {
        "lawful": true,
        "honest": false
      }
    },
    "genetics": {
      "skin_color": 4,
      "eye_color": "green",
      "hair_color": "black",
      "hair_color_code": 0,
      "hair_type": [
        "C",
        "C"
      ],
      "health": 0.571,
      "fertility": 0.809,
      "communication_impaired": false,
      "mobility_impaired": false,
      "cognitive_impaired": false,
      "disabilities": []
    },
    "memory": {
      "health": {
        "1201": {
          "health": {
            "change": false,
            "value_change": 0.0,
            "new_health": 0.766
          },
          "death": false
        },
        "1221": {
          "health": {
            "change": true,
            "value_change": -0.195,
            "new_health": 0.571
          },
          "death": false
        },
        "1222": {
          "health": {
            "change": false,
            "value_change": 0.0,
            "new_health": 0.571
          },
          "death": false
        },
        "1235": {
          "health": {
            "change": false,
            "value_change": 0.0,
            "new_health": 0.571
          },
          "death": true
        }
      },
      "events": {
        "1200": [
          {
            "topic": "birth",
            "year": 1200
          },
          {
            "topic": "new relationship",
            "key": 14384,
            "people": [
              11725,
              14383
            ],
            "people names": [
              "Eustacius Minne",
              "Jonghen Minne"
            ],
            "people ages": [
              26,
              0
            ],
            "label": "parentchild",
            "committed": false
          },
          {
            "topic": "new relationship",
            "key": 14385,
            "people": [
              11726,
              14383
            ],
            "people names": [
              "Wijfgode Vriend",
              "Jonghen Minne"
            ],
            "people ages": [
              18,
              0
            ],
            "label": "parentchild",
            "committed": false
          }
        ],
        "1204": [
          {
            "topic": "new relationship",
            "key": 22697,
            "people": [
              14383,
              22694
            ],
            "people names": [
              "Jonghen Minne",
              "Euerocker Minne"
            ],
            "people ages": [
              4,
              0
            ],
            "label": "sibling",
            "committed": false
          }
        ],
        "1205": [
          {
            "topic": "new relationship",
            "key": 23272,
            "people": [
              14383,
              23269
            ],
            "people names": [
              "Jonghen Minne",
              "Ripperti"
            ],
            "people ages": [
              4,
              0
            ],
            "label": "sibling",
            "committed": false
          }
        ],
        "1206": [
          {
            "topic": "new relationship",
            "key": 25773,
            "people": [
              14383,
              25770
            ],
            "people names": [
              "Jonghen Minne",
              "Alebaren Minne"
            ],
            "people ages": [
              6,
              0
            ],
            "label": "sibling",
            "committed": false
          },
          {
            "topic": "update",
            "update": "new friendship label",
            "relationship label": "sibling",
            "friendship label": "friend",
            "relationship": 22697
          }
        ],
        "1207": [
          {
            "topic": "new relationship",
            "key": 28779,
            "people": [
              14383,
              28776
            ],
            "people names": [
              "Jonghen Minne",
              "Ermerut Minne"
            ],
            "people ages": [
              6,
              0
            ],
            "label": "sibling",
            "committed": false
          }
        ],
        "1208": [
          {
            "topic": "new relationship",
            "key": 29286,
            "people": [
              14383,
              29283
            ],
            "people names": [
              "Jonghen Minne",
              "Goneir Minne"
            ],
            "people ages": [
              7,
              0
            ],
            "label": "sibling",
            "committed": false
          }
        ],
        "1209": [
          {
            "topic": "update",
            "update": "new friendship label",
            "relationship label": "sibling",
            "friendship label": "indifferent",
            "relationship": 25773
          },
          {
            "topic": "new relationship",
            "key": 31106,
            "people": [
              14383,
              31103
            ],
            "people names": [
              "Jonghen Minne",
              "Itsburgis Minne"
            ],
            "people ages": [
              9,
              0
            ],
            "label": "sibling",
            "committed": false
          },
          {
            "topic": "person died",
            "person": {
              "key": 11726,
              "name": "Wijfgode Vriend",
              "age": 28,
              "alive": false,
              "sex": "f",
              "parents": "firstgen"
            },
            "cause": "illness",
            "friendship label": "friend",
            "label": "parent"
          }
        ],
        "1212": [
          {
            "topic": "update",
            "update": "new friendship label",
            "relationship label": "sibling",