{
  "14410": {
    "alive": true,
    "name": "Sylawert",
    "surname": "van Aghete",
    "full name": "Sylawert van Aghete",
    "born this way": {
      "sexuality label": "gay",
      "sexuality": 0.963,
      "romantic interest": 0.713,
      "sex interest": 0.688,
      "gender expression": 0.06,
      "sex": "m"
    },
    "age": 49,
    "birth year": 1200,
    "sex": "m",
    "faction": "No religion",
    "income class": [
      3,
      "upper middle class"
    ],
    "personality": {
      "lawful-chaotic": 0.999,
      "nice-nasty": 0.958,
      "honest-false": 0.999,
      "dream": 0.884,
      "outgoing": 0.67
    },
    "attitude": {
      "dream": 0.884,
      "outgoing": 0.67
    },
    "homsoc": {
      "means": {
        "independent": true,
        "taken_care_of": false,
        "caretaker": true,
        "needs_care": false,
        "flags": [
          "starving"
        ]
      },
      "expression": {
        "sexuality expression": 0.388,
        "gender expression expression": 0.028
      }
    },
    "network": {
      "parents": {
        "mother": "Aghete (11756)",
        "father": "Gabriel (11755)"
      },
      "children": {},
      "relationship keys": {
        "parent": [
          14411,
          14412
        ],
        "sibling": [
          16251,
          17882,
          19361,
          20808
        ]
      }
    },
    "occupation": {
      "has job": true,
      "income class": [
        3,
        "upper middle class"
      ],
      "income": 1.5490000000000002,
      "all_incomes": [
        0.99,
        1.032,
        1.12,
        1.087,
        1.171,
        1.236,
        1.198,
        1.2550000000000001,
        1.29,
        1.318,
        1.45,
        1.462,
        1.437,
        1.481,
        1.532,
        1.5490000000000002,
        1.5490000000000002,
        1.5490000000000002,
        1.5490000000000002,
        1.5490000000000002,
        1.5490000000000002,
        1.5490000000000002,
        1.5490000000000002,
        1.5490000000000002,
        1.5490000000000002,
        1.5490000000000002,
        1.5490000000000002,
        1.5490000000000002,
        1.5490000000000002,
        1.544,
        1.5490000000000002,
        1.5490000000000002,
        1.5490000000000002,
        1.5490000000000002
      ],
      "job": {
        "lawful": true,
        "honest": true
      }
    },
    "genetics": {
      "skin_color": 3,
      "eye_color": "brown",
      "hair_color": "black",
      "hair_color_code": 0,
      "hair_type": [
        "S",
        "C"
      ],
      "health": 0.156,
      "fertility": 0.59,
      "communication_impaired": false,
      "mobility_impaired": false,
      "cognitive_impaired": false,
      "disabilities": []
    },
    "memory": {
      "health": {
        "1201": {
          "health": {
            "change": false,
            "value_change": 0.0,
            "new_health": 0.65
          },
          "death": false
        },
        "1238": {
          "health": {
            "change": true,
            "value_change": -0.259,
            "new_health": 0.391
          },
          "death": false
        },
        "1239": {
          "health": {
            "change": false,
            "value_change": 0.0,
            "new_health": 0.391
          },
          "death": false
        },
        "1249": {
          "health": {
            "change": true,
            "value_change": -0.235,
            "new_health": 0.156
          },
          "death": false
        }
      },
      "events": {
        "1200": [
          {
            "topic": "birth",
            "year": 1200
          },
          {
            "topic": "new relationship",
            "key": 14411,
            "people": [
              11755,
              14410
            ],
            "people names": [
              "Gabriel",
              "Sylawert van Aghete"
            ],
            "people ages": [
              42,
              0
            ],
            "label": "parentchild",
            "committed": false
          },
          {
            "topic": "new relationship",
            "key": 14412,
            "people": [
              11756,
              14410
            ],
            "people names": [
              "Aghete Crick",
              "Sylawert van Aghete"
            ],
            "people ages": [
              22,
              0
            ],
            "label": "parentchild",
            "committed": false
          }
        ],
        "1201": [
          {
            "topic": "new relationship",
            "key": 16251,
            "people": [
              14410,
              16248
            ],
            "people names": [
              "Sylawert van Aghete",
              "Itsburgis"
            ],
            "people ages": [
              1,
              0
            ],
            "label": "sibling",
            "committed": false
          }
        ],
        "1202": [
          {
            "topic": "new relationship",
            "key": 17882,
            "people": [
              14410,
              17879
            ],
            "people names": [
              "Sylawert van Aghete",
              "Reynildis Gabrielsdochter"
            ],
            "people ages": [
              2,
              0
            ],
            "label": "sibling",
            "committed": false
          }
        ],
        "1203": [
          {
            "topic": "new relationship",
            "key": 19361,
            "people": [
              14410,
              19358
            ],
            "people names": [
              "Sylawert van Aghete",
              "Rembrandus Gabrielszoon"
            ],
            "people ages": [
              3,
              0
            ],
            "label": "sibling",
            "committed": false
          }
        ],
        "1204": [
          {
            "topic": "new relationship",
            "key": 20808,
            "people": [
              14410,
              20805
            ],
            "people names": [
              "Sylawert van Aghete",
              "Cofte"
            ],
            "people ages": [
              3,
              0
            ],
            "label": "sibling",
            "committed": false
          }
        ],
        "1205": [
          {
            "topic": "person died",
            "person": {
              "key": 11756,
              "name": "Aghete Crick",
              "age": 27,
              "alive": false,
              "sex": "f",
              "parents": "firstgen"
            },
            "cause": "childbirth",
            "friendship label": "indifferent",
            "label": "parent"
          }
        ],
        "1207": [
          {
            "topic": "update",
            "update": "parent married",
            "parent": 11755,
            "new partner": 11759
          }
        ],
        "1212": [
          {
            "topic": "update",
            "update": "new friendship label",
            "relationship label": "sibling",
            "friendship label": "friend",
            "relationship": 16251
          }
        ],
        "1213": [
          {
            "topic": "update",
            "update": "new friendship label",
            "relationship label": "sibling",
            "friendship label": "indifferent",
            "relationship": 19361
          }
        ],
        "1214": [
          {
            "topic": "person died",
            "person": {
              "key": 11755,
              "name": "Gabriel",
              "age": 56,
              "alive": false,
              "sex": "m",
              "parents": "firstgen"
            },
            "cause": "sickness",
            "friendship label": "good friend",
            "label": "parent"
          }
        ],
        "1215": [
          {
            "topic": "event",
            "event": "plague",