{
  "14419": {
    "alive": false,
    "name": "Cats",
    "surname": "Hoeft",
    "full name": "Cats Hoeft",
    "born this way": {
      "sexuality label": "straight",
      "sexuality": 0.071,
      "romantic interest": 0.62,
      "sex interest": 0.592,
      "gender expression": 0.115,
      "sex": "m"
    },
    "age": 51,
    "birth year": 1201,
    "sex": "m",
    "faction": "Dogmatists",
    "income class": [
      2,
      "middle class"
    ],
    "personality": {
      "lawful-chaotic": 0.516,
      "nice-nasty": 0.532,
      "honest-false": 0.0
    },
    "attitude": {
      "outgoing": 0.572,
      "dream": 0.367
    },
    "homsoc": {
      "means": {
        "independent": true,
        "taken_care_of": false,
        "caretaker": true,
        "needs_care": false,
        "flags": []
      },
      "expression": {
        "sexuality expression": 0.055,
        "gender expression expression": 0.07
      }
    },
    "network": {
      "parents": {
        "mother": "Rycaldis (12593)",
        "father": "Wasseliin (12592)"
      },
      "children": {},
      "relationship keys": {
        "parent": [
          14420,
          14421
        ],
        "sibling": [
          16865,
          18147,
          20641,
          22801,
          23856
        ],
        "nibling": [
          26727
        ],
        "spouse": [
          34021
        ]
      }
    },
    "occupation": {
      "has job": true,
      "income class": [
        2,
        "middle class"
      ],
      "income": 1.387,
      "all_incomes": [
        0.724,
        0.6960000000000001,
        0.9600000000000001,
        0.89,
        0.847,
        0.555,
        0.49300000000000005,
        0.749,
        0.881,
        1.006,
        1.1709999999999998,
        0.965,
        0.989,
        0.6890000000000001,
        0.853,
        0.881,
        1.001,
        0.787,
        0.8210000000000001,
        0.36300000000000004,
        0.499,
        0.631,
        0.844,
        0.987,
        1.008,
        0.9480000000000001,
        1.3359999999999999,
        1.472,
        1.4549999999999998,
        1.524,
        1.4009999999999998,
        1.524,
        1.4909999999999999,
        1.0959999999999999,
        1.387
      ],
      "job": {
        "lawful": true,
        "honest": false
      }
    },
    "genetics": {
      "skin_color": 6,
      "eye_color": "brown",
      "hair_color": "black",
      "hair_color_code": 0,
      "hair_type": [
        "C",
        "C"
      ],
      "health": 0.25,
      "fertility": 0.718,
      "communication_impaired": false,
      "mobility_impaired": false,
      "cognitive_impaired": false,
      "disabilities": []
    },
    "memory": {
      "health": {
        "1202": {
          "health": {
            "change": false,
            "value_change": 0.0,
            "new_health": 0.611
          },
          "death": false
        },
        "1252": {
          "health": {
            "change": true,
            "value_change": -0.361,
            "new_health": 0.25
          },
          "death": true
        }
      },
      "events": {
        "1201": [
          {
            "topic": "new home",
            "home": {
              "income class": 2,
              "income class label": "middle class",
              "section": "stCromme straet.se5.c2",
              "street": "Cromme straet",
              "neighborhood": "denhof",
              "unique id": 909
            }
          }
        ],
        "1205": [
          {
            "topic": "new relationship",
            "key": 16865,
            "people": [
              14419,
              16862
            ],
            "people names": [
              "Cats Hoeft",
              "Syuardus Hoeft"
            ],
            "people ages": [
              3,
              0
            ],
            "label": "sibling",
            "committed": false
          },
          {
            "topic": "update",
            "update": "new friendship label",
            "relationship label": "parentchild",
            "friendship label": "friend",
            "relationship": 14421
          }
        ],
        "1206": [
          {
            "topic": "update",
            "update": "new friendship label",
            "relationship label": "parentchild",
            "friendship label": "disliked",
            "relationship": 14420
          },
          {
            "topic": "new relationship",
            "key": 18147,
            "people": [
              14419,
              18144
            ],
            "people names": [
              "Cats Hoeft",
              "Lenildis Hoeft"
            ],
            "people ages": [
              5,
              0
            ],
            "label": "sibling",
            "committed": false
          }
        ],
        "1210": [
          {
            "topic": "new relationship",
            "key": 20641,
            "people": [
              14419,
              20638
            ],
            "people names": [
              "Cats Hoeft",
              "Firiin Hoeft"
            ],
            "people ages": [
              9,
              0
            ],
            "label": "sibling",
            "committed": false
          }
        ],
        "1211": [
          {
            "topic": "update",
            "update": "new friendship label",
            "relationship label": "sibling",
            "friendship label": "enemy",
            "relationship": 20641
          },
          {
            "topic": "update",
            "update": "new friendship label",
            "relationship label": "parentchild",
            "friendship label": "friend",
            "relationship": 14421
          }
        ],
        "1212": [
          {
            "topic": "update",
            "update": "new friendship label",
            "relationship label": "sibling",
            "friendship label": "indifferent",
            "relationship": 16865
          },
          {
            "topic": "update",
            "update": "new friendship label",
            "relationship label": "parentchild",
            "friendship label": "friend",
            "relationship": 14421
          }
        ],
        "1215": [
          {
            "topic": "event",
            "event": "plague",
            "year": 1215
          },
          {
            "topic": "update",
            "update": "new friendship label",
            "relationship label": "parentchild",
            "friendship label": "friend",
            "relationship": 14421
          },
          {
            "topic": "new relationship",
            "key": 22801,
            "people": [
              14419,
              22798
            ],
            "people names": [
              "Cats Hoeft",
              "Arnulphus Hoeft"
            ],
            "people ages": [
              14,
              0
            ],
            "label": "sibling",
            "committed": false
          }
        ],
        "1218": [
          {
            "topic": "job notice",
            "notice": "found job",
            "income": 0.724
          }
        ],
        "1219": [
          {
            "topic": "new relationship",
            "key": 23856,
            "people": [
              14419,
              23853
            ],
            "people names": [
              "Cats Hoeft",
              "Verthwi Hoeft"
            ],
            "people ages": [
              18,
              0
            ],
            "label": "sibling",
            "committed": false
          },
          {
            "topic": "person died",
            "person": {
              "key": 12593,
              "name": "Rycaldis",
              "age": 36,
              "alive": false,
              "sex": "f",
              "parents": "firstgen"
            },
            "cause": "illness",
            "label": "parent"
          }
        ],