{
  "14425": {
    "alive": true,
    "name": "Heyman",
    "surname": "Pelegrimszoon",
    "full name": "Heyman Pelegrimszoon",
    "born this way": {
      "sexuality label": "straight",
      "sexuality": 0.006,
      "romantic interest": 0.569,
      "sex interest": 0.999,
      "gender expression": 0.04,
      "sex": "m"
    },
    "age": 49,
    "birth year": 1200,
    "sex": "m",
    "faction": "Zealots",
    "income class": [
      3,
      "upper middle class"
    ],
    "personality": {
      "lawful-chaotic": 0.922,
      "nice-nasty": 0.0,
      "honest-false": 0.999,
      "dream": 0.277,
      "outgoing": 0.501
    },
    "attitude": {
      "dream": 0.277,
      "outgoing": 0.501
    },
    "homsoc": {
      "means": {
        "independent": true,
        "taken_care_of": false,
        "caretaker": true,
        "needs_care": false,
        "flags": [
          "starving"
        ]
      },
      "expression": {
        "sexuality expression": 0.004,
        "gender expression expression": 0.038
      }
    },
    "network": {
      "parents": {
        "mother": "Victoria (11762)",
        "father": "Pelegrim (11761)"
      },
      "children": {},
      "relationship keys": {
        "parent": [
          14426,
          14427
        ],
        "sibling": [
          15908,
          19141,
          23928,
          28717
        ],
        "unrelated": [
          45849,
          67918
        ],
        "spouse": [
          66149
        ]
      }
    },
    "occupation": {
      "has job": true,
      "income class": [
        3,
        "upper middle class"
      ],
      "income": 1.5490000000000002,
      "all_incomes": [
        0.994,
        0.891,
        1.001,
        1.067,
        1.05,
        1.075,
        1.097,
        1.1300000000000001,
        1.2930000000000001,
        1.328,
        1.415,
        1.458,
        1.409,
        1.469,
        1.427,
        1.468,
        1.5490000000000002,
        1.5490000000000002,
        1.514,
        1.53,
        1.5490000000000002,
        1.5490000000000002,
        1.5490000000000002,
        1.5450000000000002,
        1.5370000000000001,
        1.5490000000000002,
        1.5490000000000002,
        1.459,
        1.54,
        1.5490000000000002,
        1.5490000000000002,
        1.5490000000000002
      ],
      "job": {
        "lawful": true,
        "honest": true
      }
    },
    "genetics": {
      "skin_color": 5,
      "eye_color": "brown",
      "hair_color": "black",
      "hair_color_code": 0,
      "hair_type": [
        "S",
        "C"
      ],
      "health": 0.628,
      "fertility": 0.763,
      "communication_impaired": false,
      "mobility_impaired": false,
      "cognitive_impaired": false,
      "disabilities": []
    },
    "memory": {
      "health": {
        "1201": {
          "health": {
            "change": false,
            "value_change": 0.0,
            "new_health": 0.628
          },
          "death": false
        }
      },
      "events": {
        "1200": [
          {
            "topic": "birth",
            "year": 1200
          },
          {
            "topic": "new relationship",
            "key": 14426,
            "people": [
              11761,
              14425
            ],
            "people names": [
              "Pelegrim Bloemart",
              "Heyman Pelegrimszoon"
            ],
            "people ages": [
              36,
              0
            ],
            "label": "parentchild",
            "committed": false
          },
          {
            "topic": "new relationship",
            "key": 14427,
            "people": [
              11762,
              14425
            ],
            "people names": [
              "Victoria Weis",
              "Heyman Pelegrimszoon"
            ],
            "people ages": [
              23,
              0
            ],
            "label": "parentchild",
            "committed": false
          }
        ],
        "1201": [
          {
            "topic": "new relationship",
            "key": 15908,
            "people": [
              14425,
              15905
            ],
            "people names": [
              "Heyman Pelegrimszoon",
              "Sylof Bloemart"
            ],
            "people ages": [
              1,
              0
            ],
            "label": "sibling",
            "committed": false
          }
        ],
        "1202": [
          {
            "topic": "update",
            "update": "new friendship label",
            "relationship label": "parentchild",
            "friendship label": "friend",
            "relationship": 14426
          }
        ],
        "1203": [
          {
            "topic": "new relationship",
            "key": 19141,
            "people": [
              14425,
              19138
            ],
            "people names": [
              "Heyman Pelegrimszoon",
              "Gerburgis Bloemart"
            ],
            "people ages": [
              2,
              0
            ],
            "label": "sibling",
            "committed": false
          },
          {
            "topic": "update",
            "update": "new friendship label",
            "relationship label": "sibling",
            "friendship label": "indifferent",
            "relationship": 15908
          }
        ],
        "1204": [
          {
            "topic": "update",
            "update": "new friendship label",
            "relationship label": "parentchild",
            "friendship label": "friend",
            "relationship": 14426
          }
        ],
        "1205": [
          {
            "topic": "new relationship",
            "key": 23928,
            "people": [
              14425,
              23925
            ],
            "people names": [
              "Heyman Pelegrimszoon",
              "Lardies Bloemart"
            ],
            "people ages": [
              4,
              0
            ],
            "label": "sibling",
            "committed": false
          }
        ],
        "1206": [
          {
            "topic": "update",
            "update": "new friendship label",
            "relationship label": "parentchild",
            "friendship label": "indifferent",
            "relationship": 14427
          }
        ],
        "1207": [
          {
            "topic": "new relationship",
            "key": 28717,
            "people": [
              14425,
              28714
            ],
            "people names": [
              "Heyman Pelegrimszoon",
              "Strom Bloemart"
            ],
            "people ages": [
              7,
              0
            ],
            "label": "sibling",
            "committed": false
          },
          {
            "topic": "person died",
            "person": {
              "key": 11762,
              "name": "Victoria Weis",
              "age": 30,
              "alive": false,
              "sex": "f",
              "parents": "firstgen"
            },
            "cause": "illness",
            "friendship label": "indifferent",
            "label": "parent"
          }
        ],
        "1208": [
          {
            "topic": "event",
            "event": "faction upheaval",
            "faction": "No religion",
            "year": 1208
          }
        ],
        "1209": [
          {
            "topic": "update",
            "update": "new friendship label",
            "relationship label": "sibling",
            "friendship label": "disliked",
            "relationship": 23928
          }
        ],
        "1214": [
          {
            "topic": "update",
            "update": "new friendship label",
            "relationship label": "parentchild",
            "friendship label": "indifferent",
            "relationship": 14426
          }
        ],
        "1215": [
          {
            "topic": "event",