{
  "14425": {
    "alive": true,
    "name": "Hille",
    "surname": "Ome",
    "full name": "Hille Ome",
    "born this way": {
      "sexuality label": "straight",
      "sexuality": 0.0,
      "romantic interest": 0.691,
      "sex interest": 0.697,
      "gender expression": 0.13,
      "sex": "m"
    },
    "age": 49,
    "birth year": 1200,
    "sex": "m",
    "faction": "No religion",
    "income class": [
      3,
      "upper middle class"
    ],
    "personality": {
      "lawful-chaotic": 0.298,
      "nice-nasty": 0.866,
      "honest-false": 0.0,
      "dream": 0.485,
      "outgoing": 0.541
    },
    "attitude": {
      "dream": 0.485,
      "outgoing": 0.541
    },
    "homsoc": {
      "means": {
        "independent": true,
        "taken_care_of": false,
        "caretaker": true,
        "needs_care": false,
        "flags": []
      },
      "expression": {
        "sexuality expression": -0.001,
        "gender expression expression": 0.055
      }
    },
    "network": {
      "parents": {
        "mother": "Reynildis (11432)",
        "father": "Vastraid (11431)"
      },
      "children": {
        "75401": {
          "key": 75401,
          "name": "Valken Ome",
          "age": 1,
          "alive": true,
          "sex": "m",
          "parents": {
            "mother": "Hersewindis (35796)",
            "father": "Hille (14425)"
          }
        }
      },
      "relationship keys": {
        "parent": [
          14426,
          14427
        ],
        "sibling": [
          16259,
          17633,
          19332
        ],
        "unrelated": [
          43296,
          44725,
          56751
        ],
        "spouse": [
          74959
        ],
        "child": {
          "birth": [
            75402
          ]
        }
      }
    },
    "occupation": {
      "has job": true,
      "income class": [
        3,
        "upper middle class"
      ],
      "income": 1.5490000000000002,
      "all_incomes": [
        0.57,
        0.453,
        0.499,
        0.376,
        0.05,
        0.203,
        0.262,
        0.05,
        0.05,
        0.8290000000000001,
        0.874,
        1.175,
        1.161,
        0.483,
        0.129,
        0.14700000000000002,
        0.05,
        0.05,
        0.05,
        0.679,
        0.518,
        0.8430000000000001,
        0.555,
        0.646,
        0.801,
        0.9440000000000001,
        1.219,
        1.5490000000000002,
        1.5490000000000002,
        1.5490000000000002
      ],
      "job": {
        "lawful": false,
        "honest": false
      }
    },
    "genetics": {
      "skin_color": 4,
      "eye_color": "blue",
      "hair_color": "red",
      "hair_color_code": 3,
      "hair_type": [
        "C",
        "S"
      ],
      "health": 0.808,
      "fertility": 0.812,
      "communication_impaired": false,
      "mobility_impaired": false,
      "cognitive_impaired": false,
      "disabilities": []
    },
    "memory": {
      "health": {
        "1201": {
          "health": {
            "change": false,
            "value_change": 0.0,
            "new_health": 0.808
          },
          "death": false
        }
      },
      "events": {
        "1200": [
          {
            "topic": "birth",
            "year": 1200
          },
          {
            "topic": "new relationship",
            "key": 14426,
            "people": [
              11431,
              14425
            ],
            "people names": [
              "Vastraid Ome",
              "Hille Ome"
            ],
            "people ages": [
              22,
              0
            ],
            "label": "parentchild",
            "committed": false
          },
          {
            "topic": "new relationship",
            "key": 14427,
            "people": [
              11432,
              14425
            ],
            "people names": [
              "Reynildis Blome",
              "Hille Ome"
            ],
            "people ages": [
              20,
              0
            ],
            "label": "parentchild",
            "committed": false
          }
        ],
        "1201": [
          {
            "topic": "new relationship",
            "key": 16259,
            "people": [
              14425,
              16256
            ],
            "people names": [
              "Hille Ome",
              "Marisseis Ome"
            ],
            "people ages": [
              1,
              0
            ],
            "label": "sibling",
            "committed": false
          }
        ],
        "1202": [
          {
            "topic": "new relationship",
            "key": 17633,
            "people": [
              14425,
              17630
            ],
            "people names": [
              "Hille Ome",
              "Lisebette Ome"
            ],
            "people ages": [
              1,
              0
            ],
            "label": "sibling",
            "committed": false
          }
        ],
        "1203": [
          {
            "topic": "new relationship",
            "key": 19332,
            "people": [
              14425,
              19329
            ],
            "people names": [
              "Hille Ome",
              "Zuanelt Ome"
            ],
            "people ages": [
              3,
              0
            ],
            "label": "sibling",
            "committed": false
          },
          {
            "topic": "person died",
            "person": {
              "key": 11432,
              "name": "Reynildis Blome",
              "age": 23,
              "alive": false,
              "sex": "f",
              "parents": "firstgen"
            },
            "cause": "childbirth",
            "friendship label": "indifferent",
            "label": "parent"
          }
        ],
        "1204": [
          {
            "topic": "update",
            "update": "new friendship label",
            "relationship label": "sibling",
            "friendship label": "friend",
            "relationship": 16259
          },
          {
            "topic": "person died",
            "person": {
              "key": 16256,
              "name": "Marisseis Ome",
              "age": 3,
              "alive": false,
              "sex": "f",
              "parents": {
                "mother": "Reynildis (11432)",
                "father": "Vastraid (11431)"
              }
            },
            "cause": "childhood illness",
            "friendship label": "friend",
            "label": "sibling"
          }
        ],
        "1208": [
          {
            "topic": "update",
            "update": "new friendship label",
            "relationship label": "sibling",
            "friendship label": "indifferent",
            "relationship": 19332
          }
        ],
        "1211": [
          {
            "topic": "update",
            "update": "new friendship label",
            "relationship label": "sibling",
            "friendship label": "indifferent",
            "relationship": 17633
          }
        ],
        "1215": [
          {
            "topic": "event",
            "event": "plague",
            "year": 1215
          }
        ],
        "1217": [
          {
            "topic": "update",
            "update": "new friendship label",
            "relationship label": "parentchild",
            "friendship label": "indifferent",
            "relationship": 14426
          }
        ],
        "1219": [
          {
            "topic": "update",
            "update": "new friendship label",
            "relationship label": "sibling",
            "friendship label": "indifferent",
            "relationship": 19332
          },
          {
            "topic": "new relationship",
            "key": 43296,
            "people": [
              15244,
              14425
            ],