{
  "14470": {
    "alive": false,
    "name": "Gertrudis",
    "surname": "Scakart",
    "full name": "Gertrudis Scakart",
    "born this way": {
      "sexuality label": "straight",
      "sexuality": 0.045,
      "romantic interest": 0.635,
      "sex interest": 0.733,
      "gender expression": 0.058,
      "sex": "f"
    },
    "age": 45,
    "birth year": 1201,
    "sex": "f",
    "faction": "No religion",
    "income class": [
      3,
      "upper middle class"
    ],
    "personality": {
      "lawful-chaotic": 0.999,
      "nice-nasty": 0.451,
      "honest-false": 0.209
    },
    "attitude": {
      "outgoing": 0.495,
      "dream": 0.227
    },
    "homsoc": {
      "means": {
        "independent": true,
        "taken_care_of": false,
        "caretaker": true,
        "needs_care": false,
        "flags": []
      },
      "expression": {
        "sexuality expression": 0.021,
        "gender expression expression": 0.032
      }
    },
    "network": {
      "parents": {
        "mother": "Lisebette (12728)",
        "father": "Loduicus (12727)"
      },
      "children": {},
      "relationship keys": {
        "parent": [
          14471,
          14472
        ],
        "sibling": [
          15298,
          16523
        ],
        "nibling": [
          29215
        ],
        "spouse": [
          39439
        ]
      }
    },
    "occupation": {
      "has job": true,
      "income class": [
        3,
        "upper middle class"
      ],
      "income": 1.5490000000000002,
      "all_incomes": [
        0.582,
        0.498,
        0.243,
        0.22199999999999998,
        0.46299999999999997,
        0.7190000000000001,
        0.675,
        0.5920000000000001,
        0.877,
        0.654,
        0.645,
        0.666,
        0.351,
        0.311,
        0.77,
        0.881,
        0.9440000000000001,
        0.778,
        0.903,
        1.367,
        1.465,
        1.5490000000000002,
        1.5490000000000002,
        1.491,
        1.5490000000000002,
        1.5490000000000002,
        1.5250000000000001,
        1.524,
        1.457,
        1.5490000000000002
      ],
      "job": {
        "lawful": true,
        "honest": false
      }
    },
    "genetics": {
      "skin_color": 3,
      "eye_color": "green",
      "hair_color": "dark brown",
      "hair_color_code": 1,
      "hair_type": [
        "C",
        "C"
      ],
      "health": 0.684,
      "fertility": 0.633,
      "communication_impaired": false,
      "mobility_impaired": false,
      "cognitive_impaired": false,
      "disabilities": []
    },
    "memory": {
      "health": {
        "1202": {
          "health": {
            "change": false,
            "value_change": 0.0,
            "new_health": 0.684
          },
          "death": false
        },
        "1246": {
          "health": {
            "change": false,
            "value_change": 0.0,
            "new_health": 0.684
          },
          "death": true
        }
      },
      "events": {
        "1201": [
          {
            "topic": "new home",
            "home": {
              "income class": 3,
              "income class label": "upper middle class",
              "section": "stDen Hof.se7.c3",
              "street": "Den Hof",
              "neighborhood": "denhof",
              "unique id": 956
            }
          }
        ],
        "1203": [
          {
            "topic": "new relationship",
            "key": 15298,
            "people": [
              14470,
              15295
            ],
            "people names": [
              "Gertrudis Scakart",
              "Ymmekine Scakart"
            ],
            "people ages": [
              1,
              0
            ],
            "label": "sibling",
            "committed": false
          }
        ],
        "1204": [
          {
            "topic": "new relationship",
            "key": 16523,
            "people": [
              14470,
              16520
            ],
            "people names": [
              "Gertrudis Scakart",
              "Salomon Scakart"
            ],
            "people ages": [
              3,
              0
            ],
            "label": "sibling",
            "committed": false
          }
        ],
        "1205": [
          {
            "topic": "person died",
            "person": {
              "key": 12728,
              "name": "Lisebette Quade",
              "age": 30,
              "alive": false,
              "sex": "f",
              "parents": "firstgen"
            },
            "cause": "illness",
            "label": "parent"
          }
        ],
        "1208": [
          {
            "topic": "update",
            "update": "parent married",
            "parent": 12727,
            "new partner": 12551
          }
        ],
        "1211": [
          {
            "topic": "new home",
            "home": {
              "income class": 3,
              "income class label": "upper middle class",
              "section": "stDie lange straet2.se1.c3",
              "street": "Die lange straet2",
              "neighborhood": "cingelzuid",
              "unique id": 619
            }
          },
          {
            "topic": "update",
            "update": "parent married",
            "parent": 12727,
            "new partner": 11762
          }
        ],
        "1215": [
          {
            "topic": "event",
            "event": "plague",
            "year": 1215
          }
        ],
        "1217": [
          {
            "topic": "job notice",
            "notice": "found job",
            "income": 0.582
          }
        ],
        "1218": [
          {
            "topic": "job notice",
            "notice": "earning very little",
            "income": 0.498
          },
          {
            "topic": "person died",
            "person": {
              "key": 16520,
              "name": "Salomon Scakart",
              "age": 14,
              "alive": false,
              "sex": "m",
              "parents": {
                "mother": "Lisebette (12728)",
                "father": "Loduicus (12727)"
              }
            },
            "cause": "illness",
            "label": "sibling"
          }
        ],
        "1219": [
          {
            "topic": "job notice",
            "notice": "hardly any income",
            "income": 0.243
          }
        ],
        "1226": [
          {
            "topic": "job notice",
            "notice": "low income",
            "income": 0.654
          }
        ],
        "1227": [
          {
            "topic": "new relationship",
            "key": 29215,
            "people": [
              14470,
              27909
            ],
            "people names": [
              "Gertrudis Scakart",
              "Daniel"
            ],
            "people ages": [
              26,
              1
            ],
            "label": "nibling",
            "committed": false
          }
        ],
        "1229": [
          {
            "topic": "job notice",
            "notice": "earning very little",
            "income": 0.351
          }
        ],
        "1230": [
          {
            "topic": "job notice",
            "notice": "earning very little",
            "income": 0.311
          },
          {
            "topic": "person died",
            "person": {
              "key": 12727,
              "name": "Loduicus Scakart",
              "age": 56,
              "alive": false,
              "sex": "m",
              "parents": "firstgen"
            },
            "cause": "old age",
            "label": "parent"
          }
        ],
        "1232": [
          {
            "topic": "event",
            "event": "war",
            "year": 1232
          },
          {
            "topic": "update",
            "update": "new friendship label",
            "relationship label": "aunclenibling",