{
  "14609": {
    "alive": true,
    "name": "Flore",
    "surname": "Pelegrimsdochter",
    "full name": "Flore Pelegrimsdochter",
    "born this way": {
      "sexuality label": "gay",
      "sexuality": 0.931,
      "romantic interest": 0.376,
      "sex interest": 0.623,
      "gender expression": 0.084,
      "sex": "f"
    },
    "age": 48,
    "birth year": 1201,
    "sex": "f",
    "faction": "Zealots",
    "income class": [
      3,
      "upper middle class"
    ],
    "personality": {
      "lawful-chaotic": 0.587,
      "nice-nasty": 0.564,
      "honest-false": 0.458,
      "dream": 0.56,
      "outgoing": 0.733
    },
    "attitude": {
      "dream": 0.56,
      "outgoing": 0.733
    },
    "homsoc": {
      "means": {
        "independent": false,
        "taken_care_of": false,
        "caretaker": true,
        "needs_care": false,
        "flags": []
      },
      "expression": {
        "sexuality expression": 0.646,
        "gender expression expression": 0.034
      }
    },
    "network": {
      "parents": {
        "mother": "Siwa (11966)",
        "father": "Pelegrim (11965)"
      },
      "children": {},
      "relationship keys": {
        "parent": [
          14610,
          14611
        ],
        "sibling": [
          14612,
          22124,
          26354,
          28740
        ],
        "unrelated": [
          42069,
          43743,
          60074,
          64520,
          66955,
          69296,
          75010
        ]
      }
    },
    "occupation": {
      "has job": true,
      "income class": [
        3,
        "upper middle class"
      ],
      "income": 0.519,
      "all_incomes": [
        1.239,
        1.441,
        1.462,
        1.5490000000000002,
        1.5490000000000002,
        1.5490000000000002,
        1.5490000000000002,
        1.471,
        1.1380000000000001,
        1.548,
        1.5490000000000002,
        1.5490000000000002,
        1.2610000000000001,
        1.2910000000000001,
        1.2510000000000001,
        1.247,
        1.428,
        1.5490000000000002,
        1.232,
        1.4000000000000001,
        1.431,
        1.484,
        0.8540000000000001,
        0.8480000000000001,
        1.102,
        1.22,
        1.18,
        1.196,
        1.049,
        1.04,
        0.7130000000000001,
        0.519
      ],
      "job": {
        "lawful": true,
        "honest": false
      }
    },
    "genetics": {
      "skin_color": 6,
      "eye_color": "brown",
      "hair_color": "black",
      "hair_color_code": 0,
      "hair_type": [
        "C",
        "S"
      ],
      "health": 0.738,
      "fertility": 0.671,
      "communication_impaired": false,
      "mobility_impaired": false,
      "cognitive_impaired": false,
      "disabilities": []
    },
    "memory": {
      "health": {
        "1202": {
          "health": {
            "change": false,
            "value_change": 0.0,
            "new_health": 0.738
          },
          "death": false
        }
      },
      "events": {
        "1201": [
          {
            "topic": "birth",
            "year": 1201
          },
          {
            "topic": "new relationship",
            "key": 14610,
            "people": [
              11965,
              14609
            ],
            "people names": [
              "Pelegrim",
              "Flore Pelegrimsdochter"
            ],
            "people ages": [
              21,
              0
            ],
            "label": "parentchild",
            "committed": false
          },
          {
            "topic": "new relationship",
            "key": 14611,
            "people": [
              11966,
              14609
            ],
            "people names": [
              "Siwa Pluuier",
              "Flore Pelegrimsdochter"
            ],
            "people ages": [
              19,
              0
            ],
            "label": "parentchild",
            "committed": false
          },
          {
            "topic": "new relationship",
            "key": 14612,
            "people": [
              13627,
              14609
            ],
            "people names": [
              "Cofte",
              "Flore Pelegrimsdochter"
            ],
            "people ages": [
              0,
              0
            ],
            "label": "sibling",
            "committed": false
          }
        ],
        "1204": [
          {
            "topic": "new relationship",
            "key": 22124,
            "people": [
              14609,
              22120
            ],
            "people names": [
              "Flore Pelegrimsdochter",
              "Moerseil"
            ],
            "people ages": [
              2,
              0
            ],
            "label": "sibling",
            "committed": false
          }
        ],
        "1206": [
          {
            "topic": "new relationship",
            "key": 26354,
            "people": [
              14609,
              26350
            ],
            "people names": [
              "Flore Pelegrimsdochter",
              "Scilla"
            ],
            "people ages": [
              5,
              0
            ],
            "label": "sibling",
            "committed": false
          }
        ],
        "1207": [
          {
            "topic": "update",
            "update": "new friendship label",
            "relationship label": "sibling",
            "friendship label": "good friend",
            "relationship": 26354
          },
          {
            "topic": "new relationship",
            "key": 28740,
            "people": [
              14609,
              28736
            ],
            "people names": [
              "Flore Pelegrimsdochter",
              "Nellen Pelegrimsdochter"
            ],
            "people ages": [
              6,
              0
            ],
            "label": "sibling",
            "committed": false
          },
          {
            "topic": "person died",
            "person": {
              "key": 11966,
              "name": "Siwa Pluuier",
              "age": 26,
              "alive": false,
              "sex": "f",
              "parents": "firstgen"
            },
            "cause": "childbirth",
            "friendship label": "friend",
            "label": "parent"
          }
        ],
        "1208": [
          {
            "topic": "update",
            "update": "new friendship label",
            "relationship label": "sibling",
            "friendship label": "indifferent",
            "relationship": 22124
          }
        ],
        "1209": [
          {
            "topic": "update",
            "update": "new friendship label",
            "relationship label": "sibling",
            "friendship label": "friend",
            "relationship": 14612
          }
        ],
        "1212": [
          {
            "topic": "update",
            "update": "new friendship label",
            "relationship label": "sibling",
            "friendship label": "friend",
            "relationship": 14612
          }
        ],
        "1214": [
          {
            "topic": "update",
            "update": "new friendship label",
            "relationship label": "sibling",
            "friendship label": "friend",
            "relationship": 28740
          }
        ],
        "1215": [
          {
            "topic": "event",
            "event": "plague",
            "year": 1215
          },
          {
            "topic": "update",
            "update": "new friendship label",
            "relationship label": "sibling",
            "friendship label": "friend",
            "relationship": 28740
          }
        ],
        "1216": [
          {
            "topic": "update",
            "update": "new friendship label",
            "relationship label": "parentchild",
            "friendship label": "friend",