{
  "14709": {
    "alive": false,
    "name": "Godelief",
    "surname": "Pannekins",
    "full name": "Godelief Pannekins",
    "born this way": {
      "sexuality label": "straight",
      "sexuality": 0.056,
      "romantic interest": 0.871,
      "sex interest": 0.777,
      "gender expression": 0.093,
      "sex": "m"
    },
    "age": 39,
    "birth year": 1202,
    "sex": "m",
    "faction": "Dogmatists",
    "income class": [
      4,
      "nobility"
    ],
    "personality": {
      "lawful-chaotic": 0.777,
      "nice-nasty": 0.607,
      "honest-false": 0.342
    },
    "attitude": {
      "outgoing": 0.037,
      "dream": 0.388
    },
    "homsoc": {
      "means": {
        "independent": true,
        "taken_care_of": false,
        "caretaker": true,
        "needs_care": false,
        "flags": []
      },
      "expression": {
        "sexuality expression": 0.024,
        "gender expression expression": 0.085
      }
    },
    "network": {
      "parents": {
        "mother": "Woltwigis (12278)",
        "father": "Tielekine (12277)"
      },
      "children": {},
      "relationship keys": {
        "parent": [
          14710,
          14711
        ],
        "sibling": [
          16447,
          17468
        ],
        "half-sibling": [
          23247
        ],
        "spouse": [
          40314
        ]
      }
    },
    "occupation": {
      "has job": true,
      "income class": [
        4,
        "nobility"
      ],
      "income": 1.5990000000000002,
      "all_incomes": [
        0.964,
        1.073,
        1.103,
        1.242,
        1.3290000000000002,
        1.3210000000000002,
        1.3250000000000002,
        1.356,
        1.5030000000000001,
        1.5990000000000002,
        1.5990000000000002,
        1.5990000000000002,
        1.5990000000000002,
        1.5990000000000002,
        1.5990000000000002,
        1.5990000000000002,
        1.5990000000000002,
        1.5990000000000002,
        1.5990000000000002,
        1.594,
        1.5990000000000002,
        1.5990000000000002,
        1.5990000000000002,
        1.5990000000000002
      ],
      "job": {
        "lawful": true,
        "honest": true
      }
    },
    "genetics": {
      "skin_color": 8,
      "eye_color": "brown",
      "hair_color": "dark brown",
      "hair_color_code": 1,
      "hair_type": [
        "S",
        "C"
      ],
      "health": 0.694,
      "fertility": 0.762,
      "communication_impaired": false,
      "mobility_impaired": false,
      "cognitive_impaired": false,
      "disabilities": []
    },
    "memory": {
      "health": {
        "1203": {
          "health": {
            "change": false,
            "value_change": 0.0,
            "new_health": 0.694
          },
          "death": false
        },
        "1241": {
          "health": {
            "change": false,
            "value_change": 0.0,
            "new_health": 0.694
          },
          "death": true
        }
      },
      "events": {
        "1202": [
          {
            "topic": "new home",
            "home": {
              "income class": 4,
              "income class label": "nobility",
              "section": "stMuurhuysen2.se1.c4",
              "street": "Muurhuysen2",
              "neighborhood": "cingelnoord",
              "unique id": 798
            }
          }
        ],
        "1204": [
          {
            "topic": "new relationship",
            "key": 16447,
            "people": [
              14709,
              16444
            ],
            "people names": [
              "Godelief Pannekins",
              "Liedelde Pannekins"
            ],
            "people ages": [
              2,
              0
            ],
            "label": "sibling",
            "committed": false
          }
        ],
        "1205": [
          {
            "topic": "new relationship",
            "key": 17468,
            "people": [
              14709,
              17465
            ],
            "people names": [
              "Godelief Pannekins",
              "Badeloghen Pannekins"
            ],
            "people ages": [
              3,
              0
            ],
            "label": "sibling",
            "committed": false
          }
        ],
        "1209": [
          {
            "topic": "update",
            "update": "new friendship label",
            "relationship label": "sibling",
            "friendship label": "friend",
            "relationship": 17468
          }
        ],
        "1210": [
          {
            "topic": "person died",
            "person": {
              "key": 16444,
              "name": "Liedelde Pannekins",
              "age": 6,
              "alive": false,
              "sex": "f",
              "parents": {
                "mother": "Woltwigis (12278)",
                "father": "Tielekine (12277)"
              }
            },
            "cause": "childhood illness",
            "label": "sibling"
          }
        ],
        "1212": [
          {
            "topic": "person died",
            "person": {
              "key": 12278,
              "name": "Woltwigis",
              "age": 40,
              "alive": false,
              "sex": "f",
              "parents": "firstgen"
            },
            "cause": "illness",
            "label": "parent"
          }
        ],
        "1214": [
          {
            "topic": "update",
            "update": "parent married",
            "parent": 12277,
            "new partner": 12386
          }
        ],
        "1215": [
          {
            "topic": "event",
            "event": "plague",
            "year": 1215
          }
        ],
        "1216": [
          {
            "topic": "new relationship",
            "key": 23247,
            "people": [
              14709,
              22957
            ],
            "people names": [
              "Godelief Pannekins",
              "Lutgeri Pannekins"
            ],
            "people ages": [
              14,
              0
            ],
            "label": "half-sibling",
            "committed": false
          }
        ],
        "1217": [
          {
            "topic": "person died",
            "person": {
              "key": 12277,
              "name": "Tielekine Pannekins",
              "age": 56,
              "alive": false,
              "sex": "m",
              "parents": "firstgen"
            },
            "cause": "sickness",
            "label": "parent"
          }
        ],
        "1218": [
          {
            "topic": "job notice",
            "notice": "found job",
            "income": 0.964
          }
        ],
        "1219": [
          {
            "topic": "job notice",
            "notice": "comfortable earnings",
            "income": 1.073
          }
        ],
        "1230": [
          {
            "topic": "update",
            "update": "new friendship label",
            "relationship label": "sibling",
            "friendship label": "friend",
            "relationship": 17468
          }
        ],
        "1232": [
          {
            "topic": "event",
            "event": "war",
            "year": 1232
          },
          {
            "topic": "update",
            "update": "new friendship label",
            "relationship label": "half-sibling",
            "friendship label": "friend",
            "relationship": 23247
          },
          {
            "topic": "person died",
            "person": {
              "key": 22957,
              "name": "Lutgeri Pannekins",
              "age": 16,
              "alive": false,
              "sex": "m",
              "parents": {
                "mother": "Emmelina (12386)",
                "father": "Tielekine (12277)"
              }
            },
            "cause": "illness",
            "label": "half-sibling"
          }
        ],