{
  "14877": {
    "alive": false,
    "name": "Strom",
    "surname": "Rike",
    "full name": "Strom Rike",
    "born this way": {
      "sexuality label": "straight",
      "sexuality": 0.091,
      "romantic interest": 0.677,
      "sex interest": 0.632,
      "gender expression": 0.0,
      "sex": "m"
    },
    "age": 54,
    "birth year": 1202,
    "sex": "m",
    "faction": "No religion",
    "income class": [
      3,
      "upper middle class"
    ],
    "personality": {
      "lawful-chaotic": 0.0,
      "nice-nasty": 0.355,
      "honest-false": 0.32
    },
    "attitude": {
      "outgoing": 0.426,
      "dream": 0.214
    },
    "homsoc": {
      "means": {
        "independent": true,
        "taken_care_of": false,
        "caretaker": true,
        "needs_care": false,
        "flags": []
      },
      "expression": {
        "sexuality expression": 0.066,
        "gender expression expression": -0.001
      }
    },
    "network": {
      "parents": {
        "mother": "Lisebette (12641)",
        "father": "Splinter (12640)"
      },
      "children": {},
      "relationship keys": {
        "parent": [
          14878,
          14879
        ],
        "sibling": [
          14880,
          20235
        ],
        "spouse": [
          24019,
          56979
        ],
        "nibling": [
          24402
        ]
      }
    },
    "occupation": {
      "has job": true,
      "income class": [
        3,
        "upper middle class"
      ],
      "income": 1.5090000000000001,
      "all_incomes": [
        1.187,
        1.437,
        1.5490000000000002,
        1.5030000000000001,
        1.5490000000000002,
        1.5490000000000002,
        1.443,
        1.5490000000000002,
        1.391,
        1.5490000000000002,
        1.5410000000000001,
        1.5490000000000002,
        1.324,
        1.352,
        1.315,
        1.455,
        1.331,
        1.5490000000000002,
        1.499,
        1.5490000000000002,
        1.5490000000000002,
        1.5490000000000002,
        1.5490000000000002,
        1.5490000000000002,
        1.5490000000000002,
        1.5490000000000002,
        1.5490000000000002,
        1.5490000000000002,
        1.508,
        1.439,
        1.306,
        1.349,
        1.5170000000000001,
        1.478,
        1.5490000000000002,
        1.5490000000000002,
        1.332,
        1.5090000000000001
      ],
      "job": {
        "lawful": false,
        "honest": true
      }
    },
    "genetics": {
      "skin_color": 5,
      "eye_color": "brown",
      "hair_color": "black",
      "hair_color_code": 0,
      "hair_type": [
        "S",
        "S"
      ],
      "health": 0.102,
      "fertility": 0.887,
      "communication_impaired": false,
      "mobility_impaired": false,
      "cognitive_impaired": false,
      "disabilities": []
    },
    "memory": {
      "health": {
        "1203": {
          "health": {
            "change": false,
            "value_change": 0.0,
            "new_health": 0.906
          },
          "death": false
        },
        "1253": {
          "health": {
            "change": true,
            "value_change": -0.101,
            "new_health": 0.805
          },
          "death": false
        },
        "1254": {
          "health": {
            "change": true,
            "value_change": -0.2,
            "new_health": 0.605
          },
          "death": false
        },
        "1255": {
          "health": {
            "change": true,
            "value_change": -0.341,
            "new_health": 0.264
          },
          "death": false
        },
        "1256": {
          "health": {
            "change": true,
            "value_change": -0.162,
            "new_health": 0.102
          },
          "death": true
        }
      },
      "events": {
        "1202": [
          {
            "topic": "new home",
            "home": {
              "income class": 3,
              "income class label": "upper middle class",
              "section": "stMarcktgang.se3.c3",
              "street": "Marcktgang",
              "neighborhood": "denhof",
              "unique id": 926
            }
          }
        ],
        "1208": [
          {
            "topic": "update",
            "update": "new friendship label",
            "relationship label": "parentchild",
            "friendship label": "indifferent",
            "relationship": 14878
          }
        ],
        "1210": [
          {
            "topic": "new relationship",
            "key": 20235,
            "people": [
              14877,
              20231
            ],
            "people names": [
              "Strom Rike",
              "Aue Rike"
            ],
            "people ages": [
              7,
              0
            ],
            "label": "sibling",
            "committed": false
          }
        ],
        "1215": [
          {
            "topic": "event",
            "event": "plague",
            "year": 1215
          }
        ],
        "1219": [
          {
            "topic": "job notice",
            "notice": "found job",
            "income": 1.187
          },
          {
            "topic": "new relationship",
            "key": 24019,
            "people": [
              14877,
              12850
            ],
            "people names": [
              "Strom Rike",
              "Pietersen Borsdraghere"
            ],
            "people ages": [
              17,
              19
            ],
            "label": "spouse",
            "committed": true
          }
        ],
        "1220": [
          {
            "topic": "new relationship",
            "key": 24402,
            "people": [
              14877,
              23835
            ],
            "people names": [
              "Strom Rike",
              "Eelbout Rike"
            ],
            "people ages": [
              18,
              1
            ],
            "label": "nibling",
            "committed": false
          }
        ],
        "1221": [
          {
            "topic": "feelings change",
            "target": 12850,
            "target name": "Pietersen Borsdraghere",
            "state": "out of love",
            "relationship": 24019
          }
        ],
        "1225": [
          {
            "topic": "person died",
            "person": {
              "key": 12641,
              "name": "Lisebette Ledeghe",
              "age": 54,
              "alive": false,
              "sex": "f",
              "parents": "firstgen"
            },
            "cause": "sickness",
            "label": "parent"
          }
        ],
        "1227": [
          {
            "topic": "update",
            "update": "new friendship label",
            "relationship label": "aunclenibling",
            "friendship label": "indifferent",
            "relationship": 24402
          }
        ],
        "1230": [
          {
            "topic": "update",
            "update": "new friendship label",
            "relationship label": "sibling",
            "friendship label": "friend",
            "relationship": 14880
          }
        ],
        "1232": [
          {
            "topic": "event",
            "event": "war",
            "year": 1232
          }
        ],
        "1233": [
          {
            "key": 24019,
            "topic": "unmarried"
          },
          {
            "topic": "person died",
            "person": {
              "key": 12850,
              "name": "Pietersen Borsdraghere",
              "age": 33,
              "alive": false,
              "sex": "f",
              "parents": {
                "mother": "Agota (12017)",
                "father": "Herman (12016)"
              }
            },
            "cause": "illness",
            "label": "spouse"
          }
        ],
        "1234": [
          {
            "topic": "update",