{
  "15006": {
    "alive": true,
    "name": "Hille",
    "surname": "Hoedekine",
    "full name": "Hille Hoedekine",
    "born this way": {
      "sexuality label": "straight",
      "sexuality": 0.068,
      "romantic interest": 0.772,
      "sex interest": 0.687,
      "gender expression": 0.146,
      "sex": "m"
    },
    "age": 48,
    "birth year": 1201,
    "sex": "m",
    "faction": "No religion",
    "income class": [
      2,
      "middle class"
    ],
    "personality": {
      "lawful-chaotic": 0.63,
      "nice-nasty": 0.324,
      "honest-false": 0.36,
      "dream": 0.514,
      "outgoing": 0.351
    },
    "attitude": {
      "dream": 0.514,
      "outgoing": 0.351
    },
    "homsoc": {
      "means": {
        "independent": true,
        "taken_care_of": false,
        "caretaker": true,
        "needs_care": false,
        "flags": [
          "starving"
        ]
      },
      "expression": {
        "sexuality expression": 0.039,
        "gender expression expression": 0.082
      }
    },
    "network": {
      "parents": {
        "mother": "Wendelmodis (10040)",
        "father": "Everdey (10039)"
      },
      "children": {},
      "relationship keys": {
        "parent": [
          15007,
          15008
        ],
        "sibling": [
          15009
        ],
        "unrelated": [
          42033,
          43717,
          60083,
          70341,
          75017
        ]
      }
    },
    "occupation": {
      "has job": true,
      "income class": [
        2,
        "middle class"
      ],
      "income": 1.069,
      "all_incomes": [
        0.813,
        0.36400000000000005,
        0.28400000000000003,
        0.501,
        0.28300000000000003,
        0.388,
        0.35000000000000003,
        0.29300000000000004,
        0.119,
        0.025,
        0.28500000000000003,
        0.507,
        0.531,
        0.454,
        0.326,
        0.135,
        0.025,
        0.062,
        0.045,
        0.145,
        0.5790000000000001,
        0.265,
        0.42700000000000005,
        0.611,
        0.747,
        1.0799999999999998,
        1.299,
        1.365,
        1.253,
        1.1729999999999998,
        1.422,
        1.126,
        1.069
      ],
      "job": {
        "lawful": true,
        "honest": false
      }
    },
    "genetics": {
      "skin_color": 4,
      "eye_color": "blue",
      "hair_color": "black",
      "hair_color_code": 0,
      "hair_type": [
        "C",
        "S"
      ],
      "health": 0.666,
      "fertility": 0.697,
      "communication_impaired": false,
      "mobility_impaired": false,
      "cognitive_impaired": false,
      "disabilities": []
    },
    "memory": {
      "health": {
        "1202": {
          "health": {
            "change": false,
            "value_change": 0.0,
            "new_health": 0.666
          },
          "death": false
        }
      },
      "events": {
        "1201": [
          {
            "topic": "birth",
            "year": 1201
          },
          {
            "topic": "new relationship",
            "key": 15007,
            "people": [
              10039,
              15006
            ],
            "people names": [
              "Everdey Hoedekine",
              "Hille Hoedekine"
            ],
            "people ages": [
              50,
              0
            ],
            "label": "parentchild",
            "committed": false
          },
          {
            "topic": "new relationship",
            "key": 15008,
            "people": [
              10040,
              15006
            ],
            "people names": [
              "Wendelmodis Blessard",
              "Hille Hoedekine"
            ],
            "people ages": [
              17,
              0
            ],
            "label": "parentchild",
            "committed": false
          },
          {
            "topic": "new relationship",
            "key": 15009,
            "people": [
              13426,
              15006
            ],
            "people names": [
              "Tetta Hoedekine",
              "Hille Hoedekine"
            ],
            "people ages": [
              0,
              0
            ],
            "label": "sibling",
            "committed": false
          }
        ],
        "1202": [
          {
            "topic": "person died",
            "person": {
              "key": 10039,
              "name": "Everdey Hoedekine",
              "age": 51,
              "alive": false,
              "sex": "m",
              "parents": "firstgen"
            },
            "cause": "old age",
            "friendship label": "indifferent",
            "label": "parent"
          }
        ],
        "1203": [
          {
            "topic": "not enough income",
            "income": 0,
            "inhabitants": [
              15006
            ]
          }
        ],
        "1205": [
          {
            "topic": "not enough income",
            "income": 0.29600000000000004,
            "inhabitants": [
              15006
            ]
          }
        ],
        "1214": [
          {
            "topic": "update",
            "update": "new friendship label",
            "relationship label": "sibling",
            "friendship label": "indifferent",
            "relationship": 15009
          }
        ],
        "1215": [
          {
            "topic": "event",
            "event": "plague",
            "year": 1215
          }
        ],
        "1217": [
          {
            "topic": "job notice",
            "notice": "found job",
            "income": 0.813
          },
          {
            "topic": "new relationship",
            "key": 42033,
            "people": [
              16617,
              15006
            ],
            "people names": [
              "Everyng Burne",
              "Hille Hoedekine"
            ],
            "people ages": [
              15,
              16
            ],
            "label": "unrelated",
            "committed": false
          }
        ],
        "1218": [
          {
            "topic": "job notice",
            "notice": "earning very little",
            "income": 0.36400000000000005
          }
        ],
        "1219": [
          {
            "topic": "job notice",
            "notice": "earning very little",
            "income": 0.28400000000000003
          },
          {
            "topic": "update",
            "update": "new friendship label",
            "relationship label": "unrelated",
            "friendship label": "friend",
            "relationship": 42033
          }
        ],
        "1220": [
          {
            "topic": "new relationship",
            "key": 43717,
            "people": [
              24393,
              15006
            ],
            "people names": [
              "Volcwiif Scelwart",
              "Hille Hoedekine"
            ],
            "people ages": [
              15,
              19
            ],
            "label": "unrelated",
            "committed": false
          }
        ],
        "1221": [
          {
            "topic": "job notice",
            "notice": "earning very little",
            "income": 0.28300000000000003
          },
          {
            "topic": "update",
            "update": "new friendship label",
            "relationship label": "parentchild",
            "friendship label": "indifferent",
            "relationship": 15008
          }
        ],
        "1222": [
          {
            "topic": "job notice",
            "notice": "earning very little",
            "income": 0.388
          }
        ],
        "1223": [
          {
            "topic": "event",
            "event": "plague",
            "year": 1223
          },
          {
            "topic": "job notice",
            "notice": "earning very little",
            "income": 0.35000000000000003
          }
        ],