{
  "15117": {
    "alive": true,
    "name": "Goeskin",
    "surname": "Menauresszoon",
    "full name": "Goeskin Menauresszoon",
    "born this way": {
      "sexuality label": "straight",
      "sexuality": 0.14,
      "romantic interest": 0.932,
      "sex interest": 0.845,
      "gender expression": 0.195,
      "sex": "m"
    },
    "age": 48,
    "birth year": 1201,
    "sex": "m",
    "faction": "Dogmatists",
    "income class": [
      2,
      "middle class"
    ],
    "personality": {
      "lawful-chaotic": 0.588,
      "nice-nasty": 0.465,
      "honest-false": 0.411,
      "dream": 0.68,
      "outgoing": 0.498
    },
    "attitude": {
      "dream": 0.68,
      "outgoing": 0.498
    },
    "homsoc": {
      "means": {
        "independent": false,
        "taken_care_of": false,
        "caretaker": true,
        "needs_care": false,
        "flags": [
          "starving"
        ]
      },
      "expression": {
        "sexuality expression": 0.075,
        "gender expression expression": 0.074
      }
    },
    "network": {
      "parents": {
        "mother": "Victoria (11084)",
        "father": "Menaures (11083)"
      },
      "children": {},
      "relationship keys": {
        "parent": [
          15118,
          15119
        ],
        "sibling": [
          20142,
          22807,
          28956
        ]
      }
    },
    "occupation": {
      "has job": true,
      "income class": [
        2,
        "middle class"
      ],
      "income": 0.14,
      "all_incomes": [
        1.499,
        1.3719999999999999,
        1.3579999999999999,
        1.136,
        1.1789999999999998,
        1.369,
        1.416,
        1.3079999999999998,
        1.524,
        1.524,
        1.4869999999999999,
        1.462,
        1.524,
        1.147,
        0.9490000000000001,
        0.912,
        0.8140000000000001,
        0.777,
        0.462,
        0.42400000000000004,
        0.387,
        0.175,
        0.385,
        0.025,
        0.189,
        0.29700000000000004,
        0.025,
        0.025,
        0.025,
        0.052000000000000005,
        0.025,
        0.025,
        0.14
      ],
      "job": {
        "lawful": false,
        "honest": false
      }
    },
    "genetics": {
      "skin_color": 4,
      "eye_color": "blue",
      "hair_color": "black",
      "hair_color_code": 0,
      "hair_type": [
        "C",
        "S"
      ],
      "health": 0.611,
      "fertility": 0.596,
      "communication_impaired": false,
      "mobility_impaired": false,
      "cognitive_impaired": false,
      "disabilities": []
    },
    "memory": {
      "health": {
        "1202": {
          "health": {
            "change": false,
            "value_change": 0.0,
            "new_health": 0.611
          },
          "death": false
        }
      },
      "events": {
        "1201": [
          {
            "topic": "birth",
            "year": 1201
          },
          {
            "topic": "new relationship",
            "key": 15118,
            "people": [
              11083,
              15117
            ],
            "people names": [
              "Menaures",
              "Goeskin Menauresszoon"
            ],
            "people ages": [
              46,
              0
            ],
            "label": "parentchild",
            "committed": false
          },
          {
            "topic": "new relationship",
            "key": 15119,
            "people": [
              11084,
              15117
            ],
            "people names": [
              "Victoria",
              "Goeskin Menauresszoon"
            ],
            "people ages": [
              17,
              0
            ],
            "label": "parentchild",
            "committed": false
          }
        ],
        "1203": [
          {
            "topic": "new relationship",
            "key": 20142,
            "people": [
              15117,
              20139
            ],
            "people names": [
              "Goeskin Menauresszoon",
              "Herbert"
            ],
            "people ages": [
              2,
              0
            ],
            "label": "sibling",
            "committed": false
          }
        ],
        "1204": [
          {
            "topic": "update",
            "update": "new friendship label",
            "relationship label": "parentchild",
            "friendship label": "indifferent",
            "relationship": 15118
          },
          {
            "topic": "new relationship",
            "key": 22807,
            "people": [
              15117,
              22804
            ],
            "people names": [
              "Goeskin Menauresszoon",
              "Diewiven Menauressdochter"
            ],
            "people ages": [
              3,
              0
            ],
            "label": "sibling",
            "committed": false
          }
        ],
        "1207": [
          {
            "topic": "new relationship",
            "key": 28956,
            "people": [
              15117,
              28953
            ],
            "people names": [
              "Goeskin Menauresszoon",
              "Splinter Menauresszoon"
            ],
            "people ages": [
              6,
              0
            ],
            "label": "sibling",
            "committed": false
          },
          {
            "topic": "person died",
            "person": {
              "key": 11083,
              "name": "Menaures",
              "age": 53,
              "alive": false,
              "sex": "m",
              "parents": "firstgen"
            },
            "cause": "sickness",
            "friendship label": "indifferent",
            "label": "parent"
          }
        ],
        "1208": [
          {
            "topic": "person died",
            "person": {
              "key": 11084,
              "name": "Victoria",
              "age": 25,
              "alive": false,
              "sex": "f",
              "parents": "firstgen"
            },
            "cause": "childbirth",
            "friendship label": "indifferent",
            "label": "parent"
          }
        ],
        "1209": [
          {
            "topic": "not enough income",
            "income": 0,
            "inhabitants": [
              15117,
              19280,
              46498,
              19519,
              59057,
              74796
            ]
          }
        ],
        "1210": [
          {
            "topic": "not enough income",
            "income": 0,
            "inhabitants": [
              15117,
              19280,
              46498,
              19519,
              59057,
              74796
            ]
          }
        ],
        "1211": [
          {
            "topic": "not enough income",
            "income": 0,
            "inhabitants": [
              15117,
              19280,
              46498,
              19519,
              59057,
              74796
            ]
          }
        ],
        "1212": [
          {
            "topic": "person died",
            "person": {
              "key": 28953,
              "name": "Splinter Menauresszoon",
              "age": 5,
              "alive": false,
              "sex": "m",
              "parents": {
                "mother": "Victoria (11084)",
                "father": "Menaures (11083)"
              }
            },
            "cause": "childhood illness",
            "friendship label": "good friend",
            "label": "sibling"
          },
          {
            "topic": "not enough income",
            "income": 0,
            "inhabitants": [
              15117,
              19280,
              46498,
              19519,
              59057,
              74796
            ]
          }
        ],
        "1213": [
          {
            "topic": "not enough income",
            "income": 0,