{
  "15156": {
    "alive": true,
    "name": "Wigherus",
    "surname": "Scamel",
    "full name": "Wigherus Scamel",
    "born this way": {
      "sexuality label": "straight",
      "sexuality": 0.011,
      "romantic interest": 0.678,
      "sex interest": 0.513,
      "gender expression": 0.026,
      "sex": "m"
    },
    "age": 48,
    "birth year": 1201,
    "sex": "m",
    "faction": "No religion",
    "income class": [
      2,
      "middle class"
    ],
    "personality": {
      "lawful-chaotic": 0.397,
      "nice-nasty": 0.79,
      "honest-false": 0.873,
      "dream": 0.365,
      "outgoing": 0.649
    },
    "attitude": {
      "dream": 0.365,
      "outgoing": 0.649
    },
    "homsoc": {
      "means": {
        "independent": true,
        "taken_care_of": false,
        "caretaker": true,
        "needs_care": false,
        "flags": []
      },
      "expression": {
        "sexuality expression": 0.008,
        "gender expression expression": 0.02
      }
    },
    "network": {
      "parents": {
        "mother": "Uergina (10007)",
        "father": "Lotijn (10006)"
      },
      "children": {},
      "relationship keys": {
        "parent": [
          15157,
          15158
        ],
        "sibling": [
          15159,
          22992,
          33244,
          34580
        ],
        "unrelated": [
          68107
        ],
        "spouse": [
          74957
        ]
      }
    },
    "occupation": {
      "has job": true,
      "income class": [
        2,
        "middle class"
      ],
      "income": 1.1629999999999998,
      "all_incomes": [
        1.091,
        1.045,
        1.222,
        1.514,
        1.506,
        1.4869999999999999,
        1.422,
        1.25,
        1.297,
        1.168,
        1.23,
        1.234,
        1.3259999999999998,
        1.524,
        1.524,
        1.4049999999999998,
        1.341,
        1.1099999999999999,
        1.255,
        1.1529999999999998,
        1.186,
        1.107,
        1.315,
        1.2169999999999999,
        1.214,
        1.2389999999999999,
        1.49,
        1.464,
        1.2149999999999999,
        1.242,
        1.1629999999999998
      ],
      "job": {
        "lawful": false,
        "honest": true
      }
    },
    "genetics": {
      "skin_color": 5,
      "eye_color": "brown",
      "hair_color": "black",
      "hair_color_code": 0,
      "hair_type": [
        "C",
        "C"
      ],
      "health": 0.371,
      "fertility": 0.593,
      "communication_impaired": false,
      "mobility_impaired": false,
      "cognitive_impaired": false,
      "disabilities": []
    },
    "memory": {
      "health": {
        "1202": {
          "health": {
            "change": false,
            "value_change": 0.0,
            "new_health": 0.618
          },
          "death": false
        },
        "1238": {
          "health": {
            "change": true,
            "value_change": -0.247,
            "new_health": 0.371
          },
          "death": false
        },
        "1239": {
          "health": {
            "change": false,
            "value_change": 0.0,
            "new_health": 0.371
          },
          "death": false
        }
      },
      "events": {
        "1201": [
          {
            "topic": "birth",
            "year": 1201
          },
          {
            "topic": "new relationship",
            "key": 15157,
            "people": [
              10006,
              15156
            ],
            "people names": [
              "Lotijn Scamel",
              "Wigherus Scamel"
            ],
            "people ages": [
              44,
              0
            ],
            "label": "parentchild",
            "committed": false
          },
          {
            "topic": "new relationship",
            "key": 15158,
            "people": [
              10007,
              15156
            ],
            "people names": [
              "Uergina Butziel",
              "Wigherus Scamel"
            ],
            "people ages": [
              26,
              0
            ],
            "label": "parentchild",
            "committed": false
          },
          {
            "topic": "new relationship",
            "key": 15159,
            "people": [
              13432,
              15156
            ],
            "people names": [
              "Hildegardis Scamel",
              "Wigherus Scamel"
            ],
            "people ages": [
              0,
              0
            ],
            "label": "sibling",
            "committed": false
          }
        ],
        "1203": [
          {
            "topic": "update",
            "update": "new friendship label",
            "relationship label": "sibling",
            "friendship label": "friend",
            "relationship": 15159
          }
        ],
        "1204": [
          {
            "topic": "update",
            "update": "new friendship label",
            "relationship label": "parentchild",
            "friendship label": "enemy",
            "relationship": 15157
          }
        ],
        "1205": [
          {
            "topic": "new relationship",
            "key": 22992,
            "people": [
              15156,
              22989
            ],
            "people names": [
              "Wigherus Scamel",
              "Segherarden Scamel"
            ],
            "people ages": [
              3,
              0
            ],
            "label": "sibling",
            "committed": false
          }
        ],
        "1208": [
          {
            "topic": "update",
            "update": "new friendship label",
            "relationship label": "sibling",
            "friendship label": "indifferent",
            "relationship": 22992
          }
        ],
        "1210": [
          {
            "topic": "new relationship",
            "key": 33244,
            "people": [
              15156,
              33241
            ],
            "people names": [
              "Wigherus Scamel",
              "Ase Scamel"
            ],
            "people ages": [
              8,
              0
            ],
            "label": "sibling",
            "committed": false
          }
        ],
        "1211": [
          {
            "topic": "new relationship",
            "key": 34580,
            "people": [
              15156,
              34577
            ],
            "people names": [
              "Wigherus Scamel",
              "Diewiven Scamel"
            ],
            "people ages": [
              9,
              0
            ],
            "label": "sibling",
            "committed": false
          }
        ],
        "1212": [
          {
            "topic": "person died",
            "person": {
              "key": 10006,
              "name": "Lotijn Scamel",
              "age": 55,
              "alive": false,
              "sex": "m",
              "parents": "firstgen"
            },
            "cause": "sickness",
            "friendship label": "enemy",
            "label": "parent"
          }
        ],
        "1213": [
          {
            "topic": "update",
            "update": "new friendship label",
            "relationship label": "parentchild",
            "friendship label": "indifferent",
            "relationship": 15158
          }
        ],
        "1215": [
          {
            "topic": "event",
            "event": "plague",
            "year": 1215
          },
          {
            "topic": "update",
            "update": "new friendship label",
            "relationship label": "parentchild",
            "friendship label": "indifferent",
            "relationship": 15158
          },
          {
            "topic": "update",
            "update": "new friendship label",
            "relationship label": "sibling",
            "friendship label": "indifferent",