{
  "15241": {
    "alive": false,
    "name": "Daniel",
    "surname": "",
    "full name": "Daniel",
    "born this way": {
      "sexuality label": "straight",
      "sexuality": 0.0,
      "romantic interest": 0.754,
      "sex interest": 0.723,
      "gender expression": 0.353,
      "sex": "m"
    },
    "age": 55,
    "birth year": 1203,
    "sex": "m",
    "faction": "Dogmatists",
    "income class": [
      3,
      "upper middle class"
    ],
    "personality": {
      "lawful-chaotic": 0.999,
      "nice-nasty": 0.49,
      "honest-false": 0.483
    },
    "attitude": {
      "outgoing": 0.456,
      "dream": 0.337
    },
    "homsoc": {
      "means": {
        "independent": true,
        "taken_care_of": false,
        "caretaker": true,
        "needs_care": false,
        "flags": []
      },
      "expression": {
        "sexuality expression": -0.001,
        "gender expression expression": 0.16
      }
    },
    "network": {
      "parents": {
        "mother": "Ghoudekinen (12335)",
        "father": "Sander (12334)"
      },
      "children": {},
      "relationship keys": {
        "parent": [
          15242,
          15243
        ],
        "sibling": [
          15244,
          17333,
          19446
        ],
        "spouse": [
          36091
        ]
      }
    },
    "occupation": {
      "has job": true,
      "income class": [
        3,
        "upper middle class"
      ],
      "income": 1.5490000000000002,
      "all_incomes": [
        1.118,
        1.179,
        0.887,
        0.8370000000000001,
        1.23,
        1.097,
        1.089,
        1.361,
        1.026,
        1.2710000000000001,
        0.91,
        1.015,
        1.08,
        1.112,
        1.092,
        0.995,
        0.908,
        1.046,
        1.1600000000000001,
        1.185,
        1.351,
        0.9660000000000001,
        1.23,
        1.522,
        1.5490000000000002,
        1.383,
        1.5490000000000002,
        1.5490000000000002,
        1.314,
        1.288,
        1.488,
        1.383,
        1.5490000000000002,
        1.371,
        1.5490000000000002,
        1.175,
        1.452,
        1.481,
        1.5010000000000001,
        1.5490000000000002
      ],
      "job": {
        "lawful": true,
        "honest": false
      }
    },
    "genetics": {
      "skin_color": 1,
      "eye_color": "green",
      "hair_color": "black",
      "hair_color_code": 0,
      "hair_type": [
        "S",
        "S"
      ],
      "health": 0.0,
      "fertility": 0.681,
      "communication_impaired": false,
      "mobility_impaired": false,
      "cognitive_impaired": false,
      "disabilities": []
    },
    "memory": {
      "health": {
        "1204": {
          "health": {
            "change": false,
            "value_change": 0.0,
            "new_health": 0.663
          },
          "death": false
        },
        "1228": {
          "health": {
            "change": true,
            "value_change": -0.268,
            "new_health": 0.395
          },
          "death": false
        },
        "1229": {
          "health": {
            "change": false,
            "value_change": 0.0,
            "new_health": 0.395
          },
          "death": false
        },
        "1254": {
          "health": {
            "change": true,
            "value_change": -0.224,
            "new_health": 0.171
          },
          "death": false
        },
        "1255": {
          "health": {
            "change": true,
            "value_change": -0.129,
            "new_health": 0.042
          },
          "death": false
        },
        "1256": {
          "health": {
            "change": true,
            "value_change": -0.036,
            "new_health": 0.006
          },
          "death": false
        },
        "1257": {
          "health": {
            "change": true,
            "value_change": -0.005,
            "new_health": 0.001
          },
          "death": false
        },
        "1258": {
          "health": {
            "change": true,
            "value_change": -0.001,
            "new_health": 0.0
          },
          "death": true
        }
      },
      "events": {
        "1203": [
          {
            "topic": "new home",
            "home": {
              "income class": 3,
              "income class label": "upper middle class",
              "section": "stMuurhuysen2.se5.c3",
              "street": "Muurhuysen2",
              "neighborhood": "cingelnoord",
              "unique id": 819
            }
          }
        ],
        "1205": [
          {
            "topic": "new relationship",
            "key": 17333,
            "people": [
              15241,
              17329
            ],
            "people names": [
              "Daniel",
              "Winrechus"
            ],
            "people ages": [
              2,
              0
            ],
            "label": "sibling",
            "committed": false
          }
        ],
        "1208": [
          {
            "topic": "update",
            "update": "new friendship label",
            "relationship label": "parentchild",
            "friendship label": "disliked",
            "relationship": 15243
          },
          {
            "topic": "new relationship",
            "key": 19446,
            "people": [
              15241,
              19442
            ],
            "people names": [
              "Daniel",
              "Lenildis Sandersdochter"
            ],
            "people ages": [
              5,
              0
            ],
            "label": "sibling",
            "committed": false
          }
        ],
        "1209": [
          {
            "topic": "person died",
            "person": {
              "key": 19442,
              "name": "Lenildis Sandersdochter",
              "age": 1,
              "alive": false,
              "sex": "f",
              "parents": {
                "mother": "Ghoudekinen (12335)",
                "father": "Sander (12334)"
              }
            },
            "cause": "childhood illness",
            "label": "sibling"
          }
        ],
        "1213": [
          {
            "topic": "update",
            "update": "new friendship label",
            "relationship label": "sibling",
            "friendship label": "friend",
            "relationship": 17333
          }
        ],
        "1215": [
          {
            "topic": "event",
            "event": "plague",
            "year": 1215
          },
          {
            "topic": "update",
            "update": "new friendship label",
            "relationship label": "parentchild",
            "friendship label": "disliked",
            "relationship": 15242
          },
          {
            "topic": "update",
            "update": "new friendship label",
            "relationship label": "sibling",
            "friendship label": "indifferent",
            "relationship": 15244
          }
        ],
        "1219": [
          {
            "topic": "job notice",
            "notice": "found job",
            "income": 1.118
          }
        ],
        "1220": [
          {
            "topic": "update",
            "update": "new friendship label",
            "relationship label": "sibling",
            "friendship label": "friend",
            "relationship": 17333
          }
        ],
        "1222": [
          {
            "topic": "person died",
            "person": {
              "key": 12334,
              "name": "Sander",
              "age": 53,
              "alive": false,
              "sex": "m",
              "parents": "firstgen"
            },
            "cause": "sickness",
            "label": "parent"
          }
        ],
        "1223": [
          {
            "topic": "job notice",
            "notice": "comfortable earnings",