{
  "15269": {
    "alive": true,
    "name": "Paradanus",
    "surname": "Vetten",
    "full name": "Paradanus Vetten",
    "born this way": {
      "sexuality label": "gay",
      "sexuality": 0.978,
      "romantic interest": 0.514,
      "sex interest": 0.57,
      "gender expression": 0.218,
      "sex": "m"
    },
    "age": 48,
    "birth year": 1201,
    "sex": "m",
    "faction": "Dogmatists",
    "income class": [
      2,
      "middle class"
    ],
    "personality": {
      "lawful-chaotic": 0.65,
      "nice-nasty": 0.0,
      "honest-false": 0.885,
      "dream": 0.206,
      "outgoing": 0.844
    },
    "attitude": {
      "dream": 0.206,
      "outgoing": 0.844
    },
    "homsoc": {
      "means": {
        "independent": true,
        "taken_care_of": false,
        "caretaker": true,
        "needs_care": false,
        "flags": []
      },
      "expression": {
        "sexuality expression": 0.52,
        "gender expression expression": 0.0
      }
    },
    "network": {
      "parents": {
        "mother": "Gisele (10028)",
        "father": "Nannekin (10027)"
      },
      "children": {},
      "relationship keys": {
        "parent": [
          15270,
          15271
        ],
        "sibling": [
          15272,
          18448,
          20809,
          22932,
          26260,
          27464
        ]
      }
    },
    "occupation": {
      "has job": true,
      "income class": [
        2,
        "middle class"
      ],
      "income": 1.0,
      "all_incomes": [
        0.796,
        0.627,
        0.719,
        0.844,
        1.524,
        1.3179999999999998,
        1.2999999999999998,
        1.202,
        0.48600000000000004,
        0.29100000000000004,
        0.905,
        0.771,
        0.6960000000000001,
        0.36300000000000004,
        0.025,
        0.448,
        0.11099999999999999,
        0.025,
        0.035,
        0.027000000000000003,
        0.48500000000000004,
        1.014,
        0.495,
        0.856,
        0.877,
        1.295,
        1.4489999999999998,
        1.524,
        1.4969999999999999,
        1.3359999999999999,
        1.0
      ],
      "job": {
        "lawful": false,
        "honest": false
      }
    },
    "genetics": {
      "skin_color": 5,
      "eye_color": "blue",
      "hair_color": "dark brown",
      "hair_color_code": 1,
      "hair_type": [
        "S",
        "C"
      ],
      "health": 0.742,
      "fertility": 0.817,
      "communication_impaired": false,
      "mobility_impaired": false,
      "cognitive_impaired": false,
      "disabilities": []
    },
    "memory": {
      "health": {
        "1202": {
          "health": {
            "change": false,
            "value_change": 0.0,
            "new_health": 0.742
          },
          "death": false
        }
      },
      "events": {
        "1201": [
          {
            "topic": "birth",
            "year": 1201
          },
          {
            "topic": "new relationship",
            "key": 15270,
            "people": [
              10027,
              15269
            ],
            "people names": [
              "Nannekin Vetten",
              "Paradanus Vetten"
            ],
            "people ages": [
              37,
              0
            ],
            "label": "parentchild",
            "committed": false
          },
          {
            "topic": "new relationship",
            "key": 15271,
            "people": [
              10028,
              15269
            ],
            "people names": [
              "Gisele Pluuier",
              "Paradanus Vetten"
            ],
            "people ages": [
              18,
              0
            ],
            "label": "parentchild",
            "committed": false
          },
          {
            "topic": "new relationship",
            "key": 15272,
            "people": [
              13288,
              15269
            ],
            "people names": [
              "Kornillis Vetten",
              "Paradanus Vetten"
            ],
            "people ages": [
              0,
              0
            ],
            "label": "sibling",
            "committed": false
          }
        ],
        "1202": [
          {
            "topic": "update",
            "update": "new friendship label",
            "relationship label": "sibling",
            "friendship label": "disliked",
            "relationship": 15272
          },
          {
            "topic": "new relationship",
            "key": 18448,
            "people": [
              15269,
              18444
            ],
            "people names": [
              "Paradanus Vetten",
              "Wigherus Vetten"
            ],
            "people ages": [
              1,
              0
            ],
            "label": "sibling",
            "committed": false
          }
        ],
        "1204": [
          {
            "topic": "new relationship",
            "key": 20809,
            "people": [
              15269,
              20805
            ],
            "people names": [
              "Paradanus Vetten",
              "Herdradus Vetten"
            ],
            "people ages": [
              2,
              0
            ],
            "label": "sibling",
            "committed": false
          }
        ],
        "1205": [
          {
            "topic": "new relationship",
            "key": 22932,
            "people": [
              15269,
              22928
            ],
            "people names": [
              "Paradanus Vetten",
              "Pelegrim Vetten"
            ],
            "people ages": [
              3,
              0
            ],
            "label": "sibling",
            "committed": false
          }
        ],
        "1206": [
          {
            "topic": "new relationship",
            "key": 26260,
            "people": [
              15269,
              26256
            ],
            "people names": [
              "Paradanus Vetten",
              "Coclike Vetten"
            ],
            "people ages": [
              5,
              0
            ],
            "label": "sibling",
            "committed": false
          }
        ],
        "1207": [
          {
            "topic": "new relationship",
            "key": 27464,
            "people": [
              15269,
              27460
            ],
            "people names": [
              "Paradanus Vetten",
              "Stemaers Vetten"
            ],
            "people ages": [
              5,
              0
            ],
            "label": "sibling",
            "committed": false
          },
          {
            "topic": "person died",
            "person": {
              "key": 10028,
              "name": "Gisele Pluuier",
              "age": 24,
              "alive": false,
              "sex": "f",
              "parents": "firstgen"
            },
            "cause": "childbirth",
            "friendship label": "good friend",
            "label": "parent"
          },
          {
            "topic": "personality change",
            "change": true,
            "trait": "nice-nasty",
            "trigger": "grief",
            "mod": -0.049
          }
        ],
        "1208": [
          {
            "topic": "event",
            "event": "faction upheaval",
            "faction": "No religion",
            "year": 1208
          }
        ],
        "1209": [
          {
            "topic": "update",
            "update": "new friendship label",
            "relationship label": "sibling",
            "friendship label": "indifferent",
            "relationship": 18448
          }
        ],
        "1212": [
          {
            "topic": "update",
            "update": "new friendship label",
            "relationship label": "sibling",
            "friendship label": "disliked",