{
  "15277": {
    "alive": true,
    "name": "Berta",
    "surname": "Vaken",
    "full name": "Berta Vaken",
    "born this way": {
      "sexuality label": "straight",
      "sexuality": 0.039,
      "romantic interest": 0.755,
      "sex interest": 0.46,
      "gender expression": 0.145,
      "sex": "f"
    },
    "age": 48,
    "birth year": 1201,
    "sex": "f",
    "faction": "No religion",
    "income class": [
      3,
      "upper middle class"
    ],
    "personality": {
      "lawful-chaotic": 0.427,
      "nice-nasty": 0.282,
      "honest-false": 0.527,
      "dream": 0.188,
      "outgoing": 0.702
    },
    "attitude": {
      "dream": 0.188,
      "outgoing": 0.702
    },
    "homsoc": {
      "means": {
        "independent": true,
        "taken_care_of": false,
        "caretaker": true,
        "needs_care": false,
        "flags": [
          "starving"
        ]
      },
      "expression": {
        "sexuality expression": 0.032,
        "gender expression expression": 0.022
      }
    },
    "network": {
      "parents": {
        "mother": "Brundonis (11864)",
        "father": "Batten (11863)"
      },
      "children": {},
      "relationship keys": {
        "parent": [
          15278,
          15279
        ],
        "sibling": [
          15280,
          18025,
          19012,
          23889,
          28096
        ],
        "unrelated": [
          47010,
          55075,
          64558,
          65753,
          70313,
          74157
        ]
      }
    },
    "occupation": {
      "has job": true,
      "income class": [
        3,
        "upper middle class"
      ],
      "income": 1.5330000000000001,
      "all_incomes": [
        1.02,
        1.217,
        1.3760000000000001,
        1.266,
        1.364,
        1.5490000000000002,
        1.5490000000000002,
        1.5490000000000002,
        1.5490000000000002,
        1.3,
        1.332,
        1.26,
        1.276,
        1.204,
        1.233,
        1.143,
        1.133,
        1.214,
        1.198,
        1.183,
        1.209,
        1.372,
        1.3960000000000001,
        1.5490000000000002,
        1.411,
        1.243,
        1.3940000000000001,
        1.518,
        1.5490000000000002,
        1.5490000000000002,
        1.327,
        1.5330000000000001
      ],
      "job": {
        "lawful": false,
        "honest": true
      }
    },
    "genetics": {
      "skin_color": 4,
      "eye_color": "blue",
      "hair_color": "black",
      "hair_color_code": 0,
      "hair_type": [
        "C",
        "C"
      ],
      "health": 0.772,
      "fertility": 0.802,
      "communication_impaired": false,
      "mobility_impaired": false,
      "cognitive_impaired": false,
      "disabilities": []
    },
    "memory": {
      "health": {
        "1202": {
          "health": {
            "change": false,
            "value_change": 0.0,
            "new_health": 0.772
          },
          "death": false
        }
      },
      "events": {
        "1201": [
          {
            "topic": "birth",
            "year": 1201
          },
          {
            "topic": "new relationship",
            "key": 15278,
            "people": [
              11863,
              15277
            ],
            "people names": [
              "Batten Vaken",
              "Berta Vaken"
            ],
            "people ages": [
              41,
              0
            ],
            "label": "parentchild",
            "committed": false
          },
          {
            "topic": "new relationship",
            "key": 15279,
            "people": [
              11864,
              15277
            ],
            "people names": [
              "Brundonis Mulart",
              "Berta Vaken"
            ],
            "people ages": [
              30,
              0
            ],
            "label": "parentchild",
            "committed": false
          },
          {
            "topic": "new relationship",
            "key": 15280,
            "people": [
              14083,
              15277
            ],
            "people names": [
              "Kolekinus Vaken",
              "Berta Vaken"
            ],
            "people ages": [
              0,
              0
            ],
            "label": "sibling",
            "committed": false
          }
        ],
        "1202": [
          {
            "topic": "new relationship",
            "key": 18025,
            "people": [
              15277,
              18021
            ],
            "people names": [
              "Berta Vaken",
              "Godino Vaken"
            ],
            "people ages": [
              1,
              0
            ],
            "label": "sibling",
            "committed": false
          }
        ],
        "1203": [
          {
            "topic": "new relationship",
            "key": 19012,
            "people": [
              15277,
              19008
            ],
            "people names": [
              "Berta Vaken",
              "Alard Vaken"
            ],
            "people ages": [
              1,
              0
            ],
            "label": "sibling",
            "committed": false
          }
        ],
        "1205": [
          {
            "topic": "new relationship",
            "key": 23889,
            "people": [
              15277,
              23885
            ],
            "people names": [
              "Berta Vaken",
              "Oliuerus Vaken"
            ],
            "people ages": [
              4,
              0
            ],
            "label": "sibling",
            "committed": false
          }
        ],
        "1206": [
          {
            "topic": "update",
            "update": "new friendship label",
            "relationship label": "sibling",
            "friendship label": "good friend",
            "relationship": 15280
          }
        ],
        "1207": [
          {
            "topic": "new relationship",
            "key": 28096,
            "people": [
              15277,
              28092
            ],
            "people names": [
              "Berta Vaken",
              "Yda Vaken"
            ],
            "people ages": [
              5,
              0
            ],
            "label": "sibling",
            "committed": false
          }
        ],
        "1209": [
          {
            "topic": "person died",
            "person": {
              "key": 11864,
              "name": "Brundonis Mulart",
              "age": 38,
              "alive": false,
              "sex": "f",
              "parents": "firstgen"
            },
            "cause": "illness",
            "friendship label": "good friend",
            "label": "parent"
          },
          {
            "topic": "personality change",
            "change": true,
            "trait": "nice-nasty",
            "trigger": "grief",
            "mod": -0.067
          }
        ],
        "1211": [
          {
            "topic": "person died",
            "person": {
              "key": 11863,
              "name": "Batten Vaken",
              "age": 52,
              "alive": false,
              "sex": "m",
              "parents": "firstgen"
            },
            "cause": "old age",
            "friendship label": "indifferent",
            "label": "parent"
          }
        ],
        "1212": [
          {
            "topic": "not enough income",
            "income": 0,
            "inhabitants": [
              15277,
              57588,
              59267
            ]
          }
        ],
        "1213": [
          {
            "topic": "update",
            "update": "new friendship label",
            "relationship label": "sibling",
            "friendship label": "friend",
            "relationship": 15280
          },
          {
            "topic": "not enough income",
            "income": 0,