{
  "15289": {
    "alive": false,
    "name": "Claward",
    "surname": "van Rissewint",
    "full name": "Claward van Rissewint",
    "born this way": {
      "sexuality label": "straight",
      "sexuality": 0.012,
      "romantic interest": 0.577,
      "sex interest": 0.544,
      "gender expression": 0.087,
      "sex": "m"
    },
    "age": 39,
    "birth year": 1201,
    "sex": "m",
    "faction": "No religion",
    "income class": [
      3,
      "upper middle class"
    ],
    "personality": {
      "lawful-chaotic": 0.378,
      "nice-nasty": 0.873,
      "honest-false": 0.513,
      "dream": 0.392,
      "outgoing": 0.999
    },
    "attitude": {
      "dream": 0.392,
      "outgoing": 0.999
    },
    "homsoc": {
      "means": {
        "independent": false,
        "taken_care_of": false,
        "caretaker": true,
        "needs_care": false,
        "flags": [
          "starving"
        ]
      },
      "expression": {
        "sexuality expression": 0.005,
        "gender expression expression": 0.069
      }
    },
    "network": {
      "parents": {
        "mother": "Hadewigis (11675)",
        "father": "Rissewint (11674)"
      },
      "children": {},
      "relationship keys": {
        "parent": [
          15290
        ],
        "sibling": [
          15291,
          17782,
          19443,
          24226,
          28842,
          29486,
          35668,
          44042
        ],
        "unrelated": [
          44713,
          58329
        ]
      }
    },
    "occupation": {
      "has job": true,
      "income class": [
        3,
        "upper middle class"
      ],
      "income": 0.478,
      "all_incomes": [
        0.726,
        1.215,
        1.28,
        1.5490000000000002,
        1.341,
        1.5490000000000002,
        1.5490000000000002,
        1.5490000000000002,
        1.5490000000000002,
        1.106,
        1.098,
        1.3900000000000001,
        1.5490000000000002,
        1.219,
        1.161,
        1.5490000000000002,
        1.29,
        1.3820000000000001,
        1.258,
        1.014,
        0.9750000000000001,
        0.502,
        0.371,
        0.478
      ],
      "job": {
        "lawful": false,
        "honest": false
      }
    },
    "genetics": {
      "skin_color": 4,
      "eye_color": "blue",
      "hair_color": "red",
      "hair_color_code": 3,
      "hair_type": [
        "C",
        "C"
      ],
      "health": 0.734,
      "fertility": 0.877,
      "communication_impaired": false,
      "mobility_impaired": false,
      "cognitive_impaired": false,
      "disabilities": []
    },
    "memory": {
      "health": {
        "1202": {
          "health": {
            "change": false,
            "value_change": 0.0,
            "new_health": 0.838
          },
          "death": false
        },
        "1205": {
          "health": {
            "change": true,
            "value_change": -0.104,
            "new_health": 0.734
          },
          "death": false
        },
        "1206": {
          "health": {
            "change": false,
            "value_change": 0.0,
            "new_health": 0.734
          },
          "death": false
        },
        "1240": {
          "health": {
            "change": false,
            "value_change": 0.0,
            "new_health": 0.734
          },
          "death": true
        }
      },
      "events": {
        "1201": [
          {
            "topic": "birth",
            "year": 1201
          },
          {
            "topic": "new relationship",
            "key": 15290,
            "people": [
              11675,
              15289
            ],
            "people names": [
              "Hadewigis",
              "Claward van Rissewint"
            ],
            "people ages": [
              28,
              0
            ],
            "label": "parentchild",
            "committed": false
          },
          {
            "topic": "new relationship",
            "key": 15291,
            "people": [
              14056,
              15289
            ],
            "people names": [
              "Wendelmodis van Hadewigis",
              "Claward van Rissewint"
            ],
            "people ages": [
              0,
              0
            ],
            "label": "sibling",
            "committed": false
          },
          {
            "topic": "not enough income",
            "income": 0,
            "inhabitants": [
              17779,
              28839,
              29483,
              35665,
              44039,
              22633,
              71675
            ]
          }
        ],
        "1202": [
          {
            "topic": "new relationship",
            "key": 17782,
            "people": [
              15289,
              17779
            ],
            "people names": [
              "Claward van Rissewint",
              "Godeweris"
            ],
            "people ages": [
              1,
              0
            ],
            "label": "sibling",
            "committed": false
          },
          {
            "topic": "not enough income",
            "income": 0,
            "inhabitants": [
              17779,
              28839,
              29483,
              35665,
              44039,
              22633,
              71675
            ]
          }
        ],
        "1203": [
          {
            "topic": "new relationship",
            "key": 19443,
            "people": [
              15289,
              19440
            ],
            "people names": [
              "Claward van Rissewint",
              "Otto"
            ],
            "people ages": [
              2,
              0
            ],
            "label": "sibling",
            "committed": false
          },
          {
            "topic": "not enough income",
            "income": 0,
            "inhabitants": [
              17779,
              28839,
              29483,
              35665,
              44039,
              22633,
              71675
            ]
          }
        ],
        "1204": [
          {
            "topic": "update",
            "update": "new friendship label",
            "relationship label": "sibling",
            "friendship label": "friend",
            "relationship": 19443
          },
          {
            "topic": "not enough income",
            "income": 0,
            "inhabitants": [
              17779,
              28839,
              29483,
              35665,
              44039,
              22633,
              71675
            ]
          }
        ],
        "1205": [
          {
            "topic": "new relationship",
            "key": 24226,
            "people": [
              15289,
              24223
            ],
            "people names": [
              "Claward van Rissewint",
              "Ricmoden Rissewintsdochter"
            ],
            "people ages": [
              4,
              0
            ],
            "label": "sibling",
            "committed": false
          }
        ],
        "1206": [
          {
            "topic": "update",
            "update": "new friendship label",
            "relationship label": "sibling",
            "friendship label": "indifferent",
            "relationship": 24226
          }
        ],
        "1207": [
          {
            "topic": "new relationship",
            "key": 28842,
            "people": [
              15289,
              28839
            ],
            "people names": [
              "Claward van Rissewint",
              "Richolfus Rissewintszoon"
            ],
            "people ages": [
              6,
              0
            ],
            "label": "sibling",
            "committed": false
          }
        ],
        "1208": [
          {
            "topic": "new relationship",
            "key": 29486,