{
  "15303": {
    "alive": false,
    "name": "Thezonus",
    "surname": "van Tiuri",
    "full name": "Thezonus van Tiuri",
    "born this way": {
      "sexuality label": "straight",
      "sexuality": 0.131,
      "romantic interest": 0.666,
      "sex interest": 0.624,
      "gender expression": 0.0,
      "sex": "m"
    },
    "age": 51,
    "birth year": 1203,
    "sex": "m",
    "faction": "No religion",
    "income class": [
      2,
      "middle class"
    ],
    "personality": {
      "lawful-chaotic": 0.669,
      "nice-nasty": 0.839,
      "honest-false": 0.901
    },
    "attitude": {
      "outgoing": 0.612,
      "dream": 0.306
    },
    "homsoc": {
      "means": {
        "independent": true,
        "taken_care_of": false,
        "caretaker": true,
        "needs_care": false,
        "flags": [
          "starving"
        ]
      },
      "expression": {
        "sexuality expression": 0.078,
        "gender expression expression": -0.001
      }
    },
    "network": {
      "parents": {
        "mother": "Ermerut (10601)",
        "father": "Tiuri (10600)"
      },
      "children": {},
      "relationship keys": {
        "parent": [
          15304,
          15305
        ],
        "sibling": [
          17277,
          18951,
          19619
        ],
        "half-sibling": [
          21770
        ],
        "nibling": [
          28055,
          28944,
          30000
        ],
        "spouse": [
          41055
        ]
      }
    },
    "occupation": {
      "has job": true,
      "income class": [
        2,
        "middle class"
      ],
      "income": 1.524,
      "all_incomes": [
        0.98,
        0.996,
        1.0339999999999998,
        1.1019999999999999,
        1.182,
        1.303,
        1.274,
        1.391,
        1.371,
        1.4549999999999998,
        1.48,
        1.4989999999999999,
        1.488,
        1.524,
        1.524,
        1.4369999999999998,
        1.496,
        1.524,
        1.524,
        1.4989999999999999,
        1.5,
        1.4449999999999998,
        1.395,
        1.4009999999999998,
        1.4829999999999999,
        1.464,
        1.4809999999999999,
        1.524,
        1.524,
        1.524,
        1.524,
        1.524,
        1.524,
        1.524,
        1.52,
        1.524
      ],
      "job": {
        "lawful": true,
        "honest": true
      }
    },
    "genetics": {
      "skin_color": 4,
      "eye_color": "brown",
      "hair_color": "black",
      "hair_color_code": 0,
      "hair_type": [
        "C",
        "S"
      ],
      "health": 0.37,
      "fertility": 0.58,
      "communication_impaired": false,
      "mobility_impaired": false,
      "cognitive_impaired": false,
      "disabilities": []
    },
    "memory": {
      "health": {
        "1204": {
          "health": {
            "change": false,
            "value_change": 0.0,
            "new_health": 0.625
          },
          "death": false
        },
        "1254": {
          "health": {
            "change": true,
            "value_change": -0.255,
            "new_health": 0.37
          },
          "death": false
        }
      },
      "events": {
        "1203": [
          {
            "topic": "new home",
            "home": {
              "income class": 2,
              "income class label": "middle class",
              "section": "stBloemendaelse straet.se1.c2",
              "street": "Bloemendaelse straet",
              "neighborhood": "agnesbuurt",
              "unique id": 211
            }
          }
        ],
        "1205": [
          {
            "topic": "new relationship",
            "key": 17277,
            "people": [
              15303,
              17274
            ],
            "people names": [
              "Thezonus van Tiuri",
              "Ivone Tiuriszoon"
            ],
            "people ages": [
              2,
              0
            ],
            "label": "sibling",
            "committed": false
          },
          {
            "topic": "update",
            "update": "new friendship label",
            "relationship label": "parentchild",
            "friendship label": "indifferent",
            "relationship": 15305
          }
        ],
        "1208": [
          {
            "topic": "new relationship",
            "key": 18951,
            "people": [
              15303,
              18948
            ],
            "people names": [
              "Thezonus van Tiuri",
              "Cofte"
            ],
            "people ages": [
              4,
              0
            ],
            "label": "sibling",
            "committed": false
          },
          {
            "topic": "update",
            "update": "new friendship label",
            "relationship label": "parentchild",
            "friendship label": "indifferent",
            "relationship": 15304
          }
        ],
        "1209": [
          {
            "topic": "new relationship",
            "key": 19619,
            "people": [
              15303,
              19616
            ],
            "people names": [
              "Thezonus van Tiuri",
              "Ancelmus"
            ],
            "people ages": [
              5,
              0
            ],
            "label": "sibling",
            "committed": false
          },
          {
            "topic": "update",
            "update": "new friendship label",
            "relationship label": "sibling",
            "friendship label": "disliked",
            "relationship": 18951
          },
          {
            "topic": "person died",
            "person": {
              "key": 10600,
              "name": "Tiuri",
              "age": 55,
              "alive": false,
              "sex": "m",
              "parents": "firstgen"
            },
            "cause": "sickness",
            "label": "parent"
          }
        ],
        "1210": [
          {
            "topic": "not enough income",
            "income": 0,
            "inhabitants": []
          }
        ],
        "1211": [
          {
            "topic": "new home",
            "home": {
              "income class": 2,
              "income class label": "middle class",
              "section": "stDie Camp.se3.c2",
              "street": "Die Camp",
              "neighborhood": "kampbuurt",
              "unique id": 375
            }
          },
          {
            "topic": "update",
            "update": "parent married",
            "parent": 10601,
            "new partner": 11065
          }
        ],
        "1212": [
          {
            "topic": "new relationship",
            "key": 21770,
            "people": [
              15303,
              21589
            ],
            "people names": [
              "Thezonus van Tiuri",
              "Lucas"
            ],
            "people ages": [
              9,
              0
            ],
            "label": "half-sibling",
            "committed": false
          }
        ],
        "1213": [
          {
            "topic": "not enough income",
            "income": 0,
            "inhabitants": [
              59977,
              60029
            ]
          }
        ],
        "1214": [
          {
            "topic": "not enough income",
            "income": 0,
            "inhabitants": [
              59977,
              60029
            ]
          }
        ],
        "1215": [
          {
            "topic": "event",
            "event": "plague",
            "year": 1215
          },
          {
            "topic": "update",
            "update": "new friendship label",
            "relationship label": "sibling",
            "friendship label": "indifferent",
            "relationship": 17277
          },
          {
            "topic": "not enough income",
            "income": 0,