{
  "15339": {
    "alive": true,
    "name": "Walwin",
    "surname": "",
    "full name": "Walwin",
    "born this way": {
      "sexuality label": "straight",
      "sexuality": 0.108,
      "romantic interest": 0.667,
      "sex interest": 0.647,
      "gender expression": 0.086,
      "sex": "m"
    },
    "age": 48,
    "birth year": 1201,
    "sex": "m",
    "faction": "Zealots",
    "income class": [
      3,
      "upper middle class"
    ],
    "personality": {
      "lawful-chaotic": 0.669,
      "nice-nasty": 0.058,
      "honest-false": 0.517,
      "dream": 0.488,
      "outgoing": 0.666
    },
    "attitude": {
      "dream": 0.488,
      "outgoing": 0.666
    },
    "homsoc": {
      "means": {
        "independent": true,
        "taken_care_of": false,
        "caretaker": true,
        "needs_care": false,
        "flags": []
      },
      "expression": {
        "sexuality expression": 0.069,
        "gender expression expression": 0.01
      }
    },
    "network": {
      "parents": {
        "mother": "Tetta (12041)",
        "father": "Radwardo (12040)"
      },
      "children": {},
      "relationship keys": {
        "parent": [
          15340,
          15341
        ],
        "sibling": [
          15342,
          18060,
          18642,
          22018,
          24500
        ],
        "unrelated": [
          22938,
          44651,
          46976,
          61596,
          70361
        ]
      }
    },
    "occupation": {
      "has job": true,
      "income class": [
        3,
        "upper middle class"
      ],
      "income": 1.5490000000000002,
      "all_incomes": [
        0.933,
        0.933,
        0.919,
        0.9630000000000001,
        0.9560000000000001,
        1.034,
        1.028,
        1.041,
        1.141,
        1.2590000000000001,
        1.248,
        1.308,
        1.313,
        1.389,
        1.437,
        1.4000000000000001,
        1.442,
        1.46,
        1.495,
        1.484,
        1.53,
        1.5490000000000002,
        1.5490000000000002,
        1.5270000000000001,
        1.464,
        1.5490000000000002,
        1.5490000000000002,
        1.5490000000000002,
        1.5490000000000002,
        1.5490000000000002,
        1.5490000000000002,
        1.5490000000000002,
        1.5490000000000002
      ],
      "job": {
        "lawful": true,
        "honest": true
      }
    },
    "genetics": {
      "skin_color": 1,
      "eye_color": "blue",
      "hair_color": "dark brown",
      "hair_color_code": 1,
      "hair_type": [
        "C",
        "C"
      ],
      "health": 0.717,
      "fertility": 0.674,
      "communication_impaired": false,
      "mobility_impaired": false,
      "cognitive_impaired": false,
      "disabilities": []
    },
    "memory": {
      "health": {
        "1202": {
          "health": {
            "change": false,
            "value_change": 0.0,
            "new_health": 0.717
          },
          "death": false
        }
      },
      "events": {
        "1201": [
          {
            "topic": "birth",
            "year": 1201
          },
          {
            "topic": "new relationship",
            "key": 15340,
            "people": [
              12040,
              15339
            ],
            "people names": [
              "Radwardo",
              "Walwin"
            ],
            "people ages": [
              51,
              0
            ],
            "label": "parentchild",
            "committed": false
          },
          {
            "topic": "new relationship",
            "key": 15341,
            "people": [
              12041,
              15339
            ],
            "people names": [
              "Tetta Lecker",
              "Walwin"
            ],
            "people ages": [
              17,
              0
            ],
            "label": "parentchild",
            "committed": false
          },
          {
            "topic": "new relationship",
            "key": 15342,
            "people": [
              13657,
              15339
            ],
            "people names": [
              "Duker Radwardoszoon",
              "Walwin"
            ],
            "people ages": [
              0,
              0
            ],
            "label": "sibling",
            "committed": false
          }
        ],
        "1202": [
          {
            "topic": "new relationship",
            "key": 18060,
            "people": [
              15339,
              18056
            ],
            "people names": [
              "Walwin",
              "Rodolf van Radwardo"
            ],
            "people ages": [
              1,
              0
            ],
            "label": "sibling",
            "committed": false
          }
        ],
        "1203": [
          {
            "topic": "new relationship",
            "key": 18642,
            "people": [
              15339,
              18638
            ],
            "people names": [
              "Walwin",
              "Salome"
            ],
            "people ages": [
              1,
              0
            ],
            "label": "sibling",
            "committed": false
          },
          {
            "topic": "update",
            "update": "new friendship label",
            "relationship label": "sibling",
            "friendship label": "indifferent",
            "relationship": 18060
          }
        ],
        "1204": [
          {
            "topic": "new relationship",
            "key": 22018,
            "people": [
              15339,
              22014
            ],
            "people names": [
              "Walwin",
              "Lucas Radwardoszoon"
            ],
            "people ages": [
              2,
              0
            ],
            "label": "sibling",
            "committed": false
          },
          {
            "topic": "new relationship",
            "key": 22938,
            "people": [
              16387,
              15339
            ],
            "people names": [
              "Henric van Conzone",
              "Walwin"
            ],
            "people ages": [
              3,
              3
            ],
            "label": "unrelated",
            "committed": false
          }
        ],
        "1205": [
          {
            "topic": "new relationship",
            "key": 24500,
            "people": [
              15339,
              24496
            ],
            "people names": [
              "Walwin",
              "Diewiven Radwardosdochter"
            ],
            "people ages": [
              4,
              0
            ],
            "label": "sibling",
            "committed": false
          },
          {
            "topic": "person died",
            "person": {
              "key": 12041,
              "name": "Tetta Lecker",
              "age": 22,
              "alive": false,
              "sex": "f",
              "parents": "firstgen"
            },
            "cause": "childbirth",
            "friendship label": "indifferent",
            "label": "parent"
          }
        ],
        "1206": [
          {
            "topic": "person died",
            "person": {
              "key": 24496,
              "name": "Diewiven Radwardosdochter",
              "age": 1,
              "alive": false,
              "sex": "f",
              "parents": {
                "mother": "Tetta (12041)",
                "father": "Radwardo (12040)"
              }
            },
            "cause": "childbirth",
            "friendship label": "good friend",
            "label": "sibling"
          }
        ],
        "1207": [
          {
            "topic": "person died",
            "person": {
              "key": 12040,
              "name": "Radwardo",
              "age": 57,
              "alive": false,
              "sex": "m",