{
  "15389": {
    "alive": true,
    "name": "Ivone",
    "surname": "Hoen",
    "full name": "Ivone Hoen",
    "born this way": {
      "sexuality label": "straight",
      "sexuality": 0.0,
      "romantic interest": 0.608,
      "sex interest": 0.604,
      "gender expression": 0.0,
      "sex": "m"
    },
    "age": 48,
    "birth year": 1201,
    "sex": "m",
    "faction": "Zealots",
    "income class": [
      3,
      "upper middle class"
    ],
    "personality": {
      "lawful-chaotic": 0.118,
      "nice-nasty": 0.552,
      "honest-false": 0.42,
      "dream": 0.084,
      "outgoing": 0.422
    },
    "attitude": {
      "dream": 0.084,
      "outgoing": 0.422
    },
    "homsoc": {
      "means": {
        "independent": false,
        "taken_care_of": false,
        "caretaker": true,
        "needs_care": false,
        "flags": [
          "starving"
        ]
      },
      "expression": {
        "sexuality expression": -0.001,
        "gender expression expression": -0.001
      }
    },
    "network": {
      "parents": {
        "mother": "Imsoete (11447)",
        "father": "Meinoldo (11446)"
      },
      "children": {},
      "relationship keys": {
        "parent": [
          15390,
          15391
        ],
        "sibling": [
          16809,
          21560,
          27739,
          31495,
          35693
        ],
        "unrelated": [
          49285,
          67871,
          69618,
          78345
        ]
      }
    },
    "occupation": {
      "has job": true,
      "income class": [
        3,
        "upper middle class"
      ],
      "income": 0.522,
      "all_incomes": [
        0.726,
        0.298,
        0.077,
        0.13,
        0.193,
        0.261,
        1.024,
        0.8550000000000001,
        0.642,
        1.072,
        1.5,
        1.469,
        1.5490000000000002,
        1.5490000000000002,
        1.5490000000000002,
        1.442,
        1.3840000000000001,
        1.5490000000000002,
        1.5490000000000002,
        0.9490000000000001,
        0.622,
        0.9580000000000001,
        0.989,
        0.784,
        0.793,
        0.521,
        0.5970000000000001,
        0.558,
        0.21100000000000002,
        0.257,
        0.446,
        0.366,
        0.522
      ],
      "job": {
        "lawful": false,
        "honest": false
      }
    },
    "genetics": {
      "skin_color": 9,
      "eye_color": "green",
      "hair_color": "brown",
      "hair_color_code": 2,
      "hair_type": [
        "C",
        "S"
      ],
      "health": 0.518,
      "fertility": 0.811,
      "communication_impaired": false,
      "mobility_impaired": false,
      "cognitive_impaired": false,
      "disabilities": []
    },
    "memory": {
      "health": {
        "1202": {
          "health": {
            "change": false,
            "value_change": 0.0,
            "new_health": 0.717
          },
          "death": false
        },
        "1222": {
          "health": {
            "change": true,
            "value_change": -0.199,
            "new_health": 0.518
          },
          "death": false
        },
        "1223": {
          "health": {
            "change": false,
            "value_change": 0.0,
            "new_health": 0.518
          },
          "death": false
        }
      },
      "events": {
        "1201": [
          {
            "topic": "birth",
            "year": 1201
          },
          {
            "topic": "new relationship",
            "key": 15390,
            "people": [
              11446,
              15389
            ],
            "people names": [
              "Meinoldo Hoen",
              "Ivone Hoen"
            ],
            "people ages": [
              46,
              0
            ],
            "label": "parentchild",
            "committed": false
          },
          {
            "topic": "new relationship",
            "key": 15391,
            "people": [
              11447,
              15389
            ],
            "people names": [
              "Imsoete Suardt",
              "Ivone Hoen"
            ],
            "people ages": [
              29,
              0
            ],
            "label": "parentchild",
            "committed": false
          }
        ],
        "1202": [
          {
            "topic": "new relationship",
            "key": 16809,
            "people": [
              15389,
              16806
            ],
            "people names": [
              "Ivone Hoen",
              "Snelgerus Hoen"
            ],
            "people ages": [
              0,
              0
            ],
            "label": "sibling",
            "committed": false
          }
        ],
        "1204": [
          {
            "topic": "new relationship",
            "key": 21560,
            "people": [
              15389,
              21557
            ],
            "people names": [
              "Ivone Hoen",
              "Saxiardis Hoen"
            ],
            "people ages": [
              2,
              0
            ],
            "label": "sibling",
            "committed": false
          }
        ],
        "1205": [
          {
            "topic": "update",
            "update": "new friendship label",
            "relationship label": "parentchild",
            "friendship label": "indifferent",
            "relationship": 15391
          },
          {
            "topic": "person died",
            "person": {
              "key": 21557,
              "name": "Saxiardis Hoen",
              "age": 1,
              "alive": false,
              "sex": "f",
              "parents": {
                "mother": "Imsoete (11447)",
                "father": "Meinoldo (11446)"
              }
            },
            "cause": "childbirth",
            "friendship label": "friend",
            "label": "sibling"
          }
        ],
        "1207": [
          {
            "topic": "new relationship",
            "key": 27739,
            "people": [
              15389,
              27736
            ],
            "people names": [
              "Ivone Hoen",
              "Jacomin Hoen"
            ],
            "people ages": [
              5,
              0
            ],
            "label": "sibling",
            "committed": false
          }
        ],
        "1208": [
          {
            "topic": "event",
            "event": "faction upheaval",
            "faction": "No religion",
            "year": 1208
          },
          {
            "topic": "update",
            "update": "new friendship label",
            "relationship label": "sibling",
            "friendship label": "indifferent",
            "relationship": 27739
          },
          {
            "topic": "not enough income",
            "income": 0.22100000000000003,
            "inhabitants": [
              15389,
              16806,
              27655,
              68436,
              70091,
              71588,
              75821
            ]
          }
        ],
        "1209": [
          {
            "topic": "new relationship",
            "key": 31495,
            "people": [
              15389,
              31492
            ],
            "people names": [
              "Ivone Hoen",
              "Volcwiif Hoen"
            ],
            "people ages": [
              7,
              0
            ],
            "label": "sibling",
            "committed": false
          },
          {
            "topic": "person died",
            "person": {
              "key": 27736,
              "name": "Jacomin Hoen",
              "age": 2,
              "alive": false,
              "sex": "f",
              "parents": {
                "mother": "Imsoete (11447)",
                "father": "Meinoldo (11446)"
              }
            },
            "cause": "starvation",
            "friendship label": "indifferent",