{
  "15457": {
    "alive": true,
    "name": "Geykonis",
    "surname": "Colsebyle",
    "full name": "Geykonis Colsebyle",
    "born this way": {
      "sexuality label": "straight",
      "sexuality": 0.066,
      "romantic interest": 0.476,
      "sex interest": 0.903,
      "gender expression": 0.169,
      "sex": "m"
    },
    "age": 48,
    "birth year": 1201,
    "sex": "m",
    "faction": "No religion",
    "income class": [
      2,
      "middle class"
    ],
    "personality": {
      "lawful-chaotic": 0.135,
      "nice-nasty": 0.63,
      "honest-false": 0.59,
      "dream": 0.346,
      "outgoing": 0.466
    },
    "attitude": {
      "dream": 0.346,
      "outgoing": 0.466
    },
    "homsoc": {
      "means": {
        "independent": true,
        "taken_care_of": false,
        "caretaker": true,
        "needs_care": false,
        "flags": [
          "starving"
        ]
      },
      "expression": {
        "sexuality expression": 0.038,
        "gender expression expression": 0.098
      }
    },
    "network": {
      "parents": {
        "mother": "Emmelina (11825)",
        "father": "Dybben (11824)"
      },
      "children": {},
      "relationship keys": {
        "parent": [
          15458,
          15459
        ],
        "sibling": [
          15460,
          20074,
          22661
        ],
        "unrelated": [
          51890,
          55035,
          71307
        ]
      }
    },
    "occupation": {
      "has job": true,
      "income class": [
        2,
        "middle class"
      ],
      "income": 1.129,
      "all_incomes": [
        0.92,
        0.987,
        1.031,
        1.0779999999999998,
        1.4729999999999999,
        1.524,
        1.524,
        1.4909999999999999,
        1.4129999999999998,
        1.524,
        1.1019999999999999,
        0.9470000000000001,
        1.0459999999999998,
        0.857,
        0.5700000000000001,
        0.602,
        0.546,
        1.1629999999999998,
        1.131,
        1.055,
        1.4749999999999999,
        1.4509999999999998,
        1.3599999999999999,
        1.524,
        1.524,
        1.371,
        1.523,
        0.873,
        1.13,
        1.22,
        1.0399999999999998,
        1.129
      ],
      "job": {
        "lawful": false,
        "honest": false
      }
    },
    "genetics": {
      "skin_color": 5,
      "eye_color": "blue",
      "hair_color": "black",
      "hair_color_code": 0,
      "hair_type": [
        "C",
        "S"
      ],
      "health": 0.521,
      "fertility": 0.658,
      "communication_impaired": false,
      "mobility_impaired": false,
      "cognitive_impaired": false,
      "disabilities": []
    },
    "memory": {
      "health": {
        "1202": {
          "health": {
            "change": false,
            "value_change": 0.0,
            "new_health": 0.715
          },
          "death": false
        },
        "1249": {
          "health": {
            "change": true,
            "value_change": -0.194,
            "new_health": 0.521
          },
          "death": false
        }
      },
      "events": {
        "1201": [
          {
            "topic": "birth",
            "year": 1201
          },
          {
            "topic": "new relationship",
            "key": 15458,
            "people": [
              11824,
              15457
            ],
            "people names": [
              "Dybben Colsebyle",
              "Geykonis Colsebyle"
            ],
            "people ages": [
              47,
              0
            ],
            "label": "parentchild",
            "committed": false
          },
          {
            "topic": "new relationship",
            "key": 15459,
            "people": [
              11825,
              15457
            ],
            "people names": [
              "Emmelina Cnode",
              "Geykonis Colsebyle"
            ],
            "people ages": [
              23,
              0
            ],
            "label": "parentchild",
            "committed": false
          },
          {
            "topic": "new relationship",
            "key": 15460,
            "people": [
              13531,
              15457
            ],
            "people names": [
              "Beatrice Colsebyle",
              "Geykonis Colsebyle"
            ],
            "people ages": [
              1,
              0
            ],
            "label": "sibling",
            "committed": false
          }
        ],
        "1203": [
          {
            "topic": "new relationship",
            "key": 20074,
            "people": [
              15457,
              20070
            ],
            "people names": [
              "Geykonis Colsebyle",
              "Curdiin Colsebyle"
            ],
            "people ages": [
              1,
              0
            ],
            "label": "sibling",
            "committed": false
          }
        ],
        "1204": [
          {
            "topic": "new relationship",
            "key": 22661,
            "people": [
              15457,
              22657
            ],
            "people names": [
              "Geykonis Colsebyle",
              "Tielen Dybbenszoon"
            ],
            "people ages": [
              3,
              0
            ],
            "label": "sibling",
            "committed": false
          }
        ],
        "1205": [
          {
            "topic": "update",
            "update": "new friendship label",
            "relationship label": "parentchild",
            "friendship label": "friend",
            "relationship": 15459
          },
          {
            "topic": "update",
            "update": "new friendship label",
            "relationship label": "parentchild",
            "friendship label": "friend",
            "relationship": 15458
          }
        ],
        "1206": [
          {
            "topic": "update",
            "update": "new friendship label",
            "relationship label": "sibling",
            "friendship label": "friend",
            "relationship": 15460
          },
          {
            "topic": "update",
            "update": "new friendship label",
            "relationship label": "parentchild",
            "friendship label": "friend",
            "relationship": 15459
          }
        ],
        "1208": [
          {
            "topic": "update",
            "update": "new friendship label",
            "relationship label": "sibling",
            "friendship label": "good friend",
            "relationship": 20074
          },
          {
            "topic": "person died",
            "person": {
              "key": 11824,
              "name": "Dybben Colsebyle",
              "age": 54,
              "alive": false,
              "sex": "m",
              "parents": "firstgen"
            },
            "cause": "old age",
            "friendship label": "friend",
            "label": "parent"
          }
        ],
        "1209": [
          {
            "topic": "not enough income",
            "income": 0,
            "inhabitants": [
              15457
            ]
          }
        ],
        "1210": [
          {
            "topic": "person died",
            "person": {
              "key": 20070,
              "name": "Curdiin Colsebyle",
              "age": 7,
              "alive": false,
              "sex": "m",
              "parents": {
                "mother": "Emmelina (11825)",
                "father": "Dybben (11824)"
              }
            },
            "cause": "childhood illness",
            "friendship label": "good friend",
            "label": "sibling"
          },
          {
            "topic": "not enough income",
            "income": 0,
            "inhabitants": [
              15457
            ]
          }
        ],
        "1211": [
          {
            "topic": "not enough income",