{
  "15536": {
    "alive": false,
    "name": "Reynildis",
    "surname": "Heurkint",
    "full name": "Reynildis Heurkint",
    "born this way": {
      "sexuality label": "straight",
      "sexuality": 0.102,
      "romantic interest": 0.79,
      "sex interest": 0.999,
      "gender expression": 0.141,
      "sex": "f"
    },
    "age": 53,
    "birth year": 1203,
    "sex": "f",
    "faction": "Zealots",
    "income class": [
      4,
      "nobility"
    ],
    "personality": {
      "lawful-chaotic": 0.703,
      "nice-nasty": 0.0,
      "honest-false": 0.944
    },
    "attitude": {
      "outgoing": 0.326,
      "dream": 0.093
    },
    "homsoc": {
      "means": {
        "independent": true,
        "taken_care_of": false,
        "caretaker": true,
        "needs_care": false,
        "flags": [
          "starving"
        ]
      },
      "expression": {
        "sexuality expression": 0.072,
        "gender expression expression": 0.123
      }
    },
    "network": {
      "parents": {
        "mother": "Gisele (11678)",
        "father": "Gherelm (11677)"
      },
      "children": {},
      "relationship keys": {
        "parent": [
          15537,
          15538
        ],
        "sibling": [
          15539,
          15540
        ],
        "half-sibling": [
          20677,
          21234
        ]
      }
    },
    "occupation": {
      "has job": true,
      "income class": [
        4,
        "nobility"
      ],
      "income": 1.59,
      "all_incomes": [
        1.002,
        1.094,
        1.367,
        1.5990000000000002,
        1.5990000000000002,
        1.5990000000000002,
        1.5990000000000002,
        1.5990000000000002,
        1.5990000000000002,
        1.5990000000000002,
        1.5990000000000002,
        1.5990000000000002,
        1.5990000000000002,
        1.5990000000000002,
        1.5990000000000002,
        1.5990000000000002,
        1.5990000000000002,
        1.5290000000000001,
        1.449,
        1.4380000000000002,
        1.5990000000000002,
        1.5990000000000002,
        1.5990000000000002,
        1.5990000000000002,
        1.5990000000000002,
        1.5990000000000002,
        1.5890000000000002,
        1.5990000000000002,
        1.5990000000000002,
        1.5990000000000002,
        1.5990000000000002,
        1.518,
        1.4560000000000002,
        1.59
      ],
      "job": {
        "lawful": false,
        "honest": true
      }
    },
    "genetics": {
      "skin_color": 8,
      "eye_color": "green",
      "hair_color": "dark brown",
      "hair_color_code": 1,
      "hair_type": [
        "C",
        "C"
      ],
      "health": 0.523,
      "fertility": 0.944,
      "communication_impaired": false,
      "mobility_impaired": false,
      "cognitive_impaired": false,
      "disabilities": []
    },
    "memory": {
      "health": {
        "1204": {
          "health": {
            "change": false,
            "value_change": 0.0,
            "new_health": 0.845
          },
          "death": false
        },
        "1255": {
          "health": {
            "change": true,
            "value_change": -0.114,
            "new_health": 0.731
          },
          "death": false
        },
        "1256": {
          "health": {
            "change": true,
            "value_change": -0.208,
            "new_health": 0.523
          },
          "death": true
        }
      },
      "events": {
        "1203": [
          {
            "topic": "new home",
            "home": {
              "income class": 4,
              "income class label": "nobility",
              "section": "stLievevrouwe kerch.se3.c4",
              "street": "Lievevrouwe kerch",
              "neighborhood": "olvbuurt",
              "unique id": 591
            }
          }
        ],
        "1204": [
          {
            "topic": "update",
            "update": "new friendship label",
            "relationship label": "parentchild",
            "friendship label": "indifferent",
            "relationship": 15537
          }
        ],
        "1205": [
          {
            "topic": "person died",
            "person": {
              "key": 11677,
              "name": "Gherelm Heurkint",
              "age": 53,
              "alive": false,
              "sex": "m",
              "parents": "firstgen"
            },
            "cause": "sickness",
            "label": "parent"
          }
        ],
        "1206": [
          {
            "topic": "new home",
            "home": {
              "income class": 3,
              "income class label": "upper middle class",
              "section": "stDen Hof.se7.c3",
              "street": "Den Hof",
              "neighborhood": "denhof",
              "unique id": 961
            }
          },
          {
            "topic": "update",
            "update": "parent married",
            "parent": 11678,
            "new partner": 12742
          }
        ],
        "1208": [
          {
            "topic": "update",
            "update": "new friendship label",
            "relationship label": "sibling",
            "friendship label": "disliked",
            "relationship": 15539
          }
        ],
        "1210": [
          {
            "topic": "new relationship",
            "key": 20677,
            "people": [
              15536,
              20397
            ],
            "people names": [
              "Reynildis Heurkint",
              "Haghen Pipe"
            ],
            "people ages": [
              7,
              0
            ],
            "label": "half-sibling",
            "committed": false
          }
        ],
        "1211": [
          {
            "topic": "new relationship",
            "key": 21234,
            "people": [
              15536,
              20966
            ],
            "people names": [
              "Reynildis Heurkint",
              "Sara Pipe"
            ],
            "people ages": [
              8,
              0
            ],
            "label": "half-sibling",
            "committed": false
          }
        ],
        "1212": [
          {
            "topic": "update",
            "update": "new friendship label",
            "relationship label": "sibling",
            "friendship label": "enemy",
            "relationship": 15539
          },
          {
            "topic": "person died",
            "person": {
              "key": 11678,
              "name": "Gisele Sluke",
              "age": 34,
              "alive": false,
              "sex": "f",
              "parents": "firstgen"
            },
            "cause": "illness",
            "label": "parent"
          }
        ],
        "1213": [
          {
            "topic": "not enough income",
            "income": 0,
            "inhabitants": [
              26948,
              31610,
              33880,
              25690,
              30662,
              49181,
              49188,
              52988,
              59779,
              41615,
              70511,
              42420,
              68069,
              70047,
              79637,
              59825,
              89286
            ]
          }
        ],
        "1214": [
          {
            "topic": "not enough income",
            "income": 0,
            "inhabitants": [
              26948,
              31610,
              33880,
              25690,
              30662,
              49181,
              49188,
              52988,
              59779,
              41615,
              70511,
              42420,
              68069,
              70047,
              79637,
              59825,
              89286
            ]
          }
        ],
        "1215": [
          {
            "topic": "event",
            "event": "plague",
            "year": 1215
          },
          {
            "topic": "not enough income",
            "income": 0,