{
  "15574": {
    "alive": false,
    "name": "Ghodscalc",
    "surname": "Svarten",
    "full name": "Ghodscalc Svarten",
    "born this way": {
      "sexuality label": "straight",
      "sexuality": 0.085,
      "romantic interest": 0.705,
      "sex interest": 0.822,
      "gender expression": 0.0,
      "sex": "m"
    },
    "age": 43,
    "birth year": 1201,
    "sex": "m",
    "faction": "Zealots",
    "income class": [
      2,
      "middle class"
    ],
    "personality": {
      "lawful-chaotic": 0.394,
      "nice-nasty": 0.271,
      "honest-false": 0.387,
      "dream": 0.549,
      "outgoing": 0.776
    },
    "attitude": {
      "dream": 0.549,
      "outgoing": 0.776
    },
    "homsoc": {
      "means": {
        "independent": false,
        "taken_care_of": false,
        "caretaker": true,
        "needs_care": false,
        "flags": []
      },
      "expression": {
        "sexuality expression": 0.048,
        "gender expression expression": -0.001
      }
    },
    "network": {
      "parents": {
        "mother": "Cofte (10715)",
        "father": "Assceric (10714)"
      },
      "children": {},
      "relationship keys": {
        "parent": [
          15575,
          15576
        ],
        "sibling": [
          15577,
          16774
        ],
        "nibling": [
          50949,
          52511,
          55923,
          57726
        ],
        "unrelated": [
          52300,
          61262,
          64394
        ]
      }
    },
    "occupation": {
      "has job": true,
      "income class": [
        2,
        "middle class"
      ],
      "income": 0.060000000000000005,
      "all_incomes": [
        0.908,
        0.931,
        1.376,
        1.524,
        1.2409999999999999,
        1.519,
        1.127,
        1.0719999999999998,
        1.277,
        0.921,
        0.8360000000000001,
        1.206,
        1.4149999999999998,
        1.4669999999999999,
        1.524,
        1.2879999999999998,
        1.319,
        1.357,
        1.2129999999999999,
        1.524,
        1.4829999999999999,
        1.524,
        1.0319999999999998,
        0.9430000000000001,
        0.852,
        0.496,
        0.060000000000000005
      ],
      "job": {
        "lawful": false,
        "honest": false
      }
    },
    "genetics": {
      "skin_color": 7,
      "eye_color": "blue",
      "hair_color": "brown",
      "hair_color_code": 2,
      "hair_type": [
        "S",
        "C"
      ],
      "health": 0.428,
      "fertility": 0.692,
      "communication_impaired": false,
      "mobility_impaired": false,
      "cognitive_impaired": false,
      "disabilities": []
    },
    "memory": {
      "health": {
        "1202": {
          "health": {
            "change": false,
            "value_change": 0.0,
            "new_health": 0.749
          },
          "death": false
        },
        "1229": {
          "health": {
            "change": true,
            "value_change": -0.108,
            "new_health": 0.641
          },
          "death": false
        },
        "1230": {
          "health": {
            "change": true,
            "value_change": -0.213,
            "new_health": 0.428
          },
          "death": false
        },
        "1231": {
          "health": {
            "change": false,
            "value_change": 0.0,
            "new_health": 0.428
          },
          "death": false
        },
        "1244": {
          "health": {
            "change": false,
            "value_change": 0.0,
            "new_health": 0.428
          },
          "death": true
        }
      },
      "events": {
        "1201": [
          {
            "topic": "birth",
            "year": 1201
          },
          {
            "topic": "new relationship",
            "key": 15575,
            "people": [
              10714,
              15574
            ],
            "people names": [
              "Assceric Svarten",
              "Ghodscalc Svarten"
            ],
            "people ages": [
              24,
              0
            ],
            "label": "parentchild",
            "committed": false
          },
          {
            "topic": "new relationship",
            "key": 15576,
            "people": [
              10715,
              15574
            ],
            "people names": [
              "Cofte",
              "Ghodscalc Svarten"
            ],
            "people ages": [
              19,
              0
            ],
            "label": "parentchild",
            "committed": false
          },
          {
            "topic": "new relationship",
            "key": 15577,
            "people": [
              13831,
              15574
            ],
            "people names": [
              "Denijs Svarten",
              "Ghodscalc Svarten"
            ],
            "people ages": [
              1,
              0
            ],
            "label": "sibling",
            "committed": false
          }
        ],
        "1202": [
          {
            "topic": "new relationship",
            "key": 16774,
            "people": [
              15574,
              16770
            ],
            "people names": [
              "Ghodscalc Svarten",
              "Willem Svarten"
            ],
            "people ages": [
              0,
              0
            ],
            "label": "sibling",
            "committed": false
          },
          {
            "topic": "person died",
            "person": {
              "key": 10715,
              "name": "Cofte",
              "age": 20,
              "alive": false,
              "sex": "f",
              "parents": "firstgen"
            },
            "cause": "childbirth",
            "friendship label": "indifferent",
            "label": "parent"
          }
        ],
        "1208": [
          {
            "topic": "event",
            "event": "faction upheaval",
            "faction": "No religion",
            "year": 1208
          }
        ],
        "1209": [
          {
            "topic": "update",
            "update": "new friendship label",
            "relationship label": "sibling",
            "friendship label": "friend",
            "relationship": 15577
          }
        ],
        "1214": [
          {
            "topic": "update",
            "update": "new friendship label",
            "relationship label": "parentchild",
            "friendship label": "friend",
            "relationship": 15575
          }
        ],
        "1215": [
          {
            "topic": "event",
            "event": "plague",
            "year": 1215
          },
          {
            "topic": "personality change",
            "change": true,
            "trait": "honest-false",
            "trigger": "trauma",
            "mod": 0.1
          }
        ],
        "1217": [
          {
            "topic": "update",
            "update": "new friendship label",
            "relationship label": "sibling",
            "friendship label": "indifferent",
            "relationship": 16774
          }
        ],
        "1218": [
          {
            "topic": "job notice",
            "notice": "found job",
            "income": 0.908
          }
        ],
        "1220": [
          {
            "topic": "job notice",
            "notice": "comfortable earnings",
            "income": 1.376
          },
          {
            "topic": "update",
            "update": "new friendship label",
            "relationship label": "parentchild",
            "friendship label": "friend",
            "relationship": 15575
          },
          {
            "topic": "update",
            "update": "new friendship label",
            "relationship label": "sibling",
            "friendship label": "friend",
            "relationship": 15577
          }
        ],
        "1227": [
          {
            "topic": "new relationship",