{
  "15634": {
    "alive": false,
    "name": "Hubrecht",
    "surname": "Duue",
    "full name": "Hubrecht Duue",
    "born this way": {
      "sexuality label": "straight",
      "sexuality": 0.032,
      "romantic interest": 0.792,
      "sex interest": 0.725,
      "gender expression": 0.176,
      "sex": "m"
    },
    "age": 40,
    "birth year": 1201,
    "sex": "m",
    "faction": "Dogmatists",
    "income class": [
      4,
      "nobility"
    ],
    "personality": {
      "lawful-chaotic": 0.412,
      "nice-nasty": 0.484,
      "honest-false": 0.002,
      "dream": 0.308,
      "outgoing": 0.637
    },
    "attitude": {
      "dream": 0.308,
      "outgoing": 0.637
    },
    "homsoc": {
      "means": {
        "independent": true,
        "taken_care_of": false,
        "caretaker": true,
        "needs_care": false,
        "flags": []
      },
      "expression": {
        "sexuality expression": 0.022,
        "gender expression expression": 0.082
      }
    },
    "network": {
      "parents": {
        "mother": "Badeloghen (12326)",
        "father": "Alebaren (12325)"
      },
      "children": {},
      "relationship keys": {
        "parent": [
          15635,
          15636
        ],
        "sibling": [
          18495
        ],
        "unrelated": [
          22856,
          43492,
          44562,
          45901,
          46465,
          47240,
          48162,
          49250,
          64381,
          66268
        ]
      }
    },
    "occupation": {
      "has job": true,
      "income class": [
        4,
        "nobility"
      ],
      "income": 1.5990000000000002,
      "all_incomes": [
        0.956,
        1.118,
        1.37,
        1.5990000000000002,
        1.1900000000000002,
        1.5250000000000001,
        1.5990000000000002,
        1.5990000000000002,
        1.3960000000000001,
        1.5990000000000002,
        1.5990000000000002,
        1.2510000000000001,
        1.5990000000000002,
        1.5990000000000002,
        1.5990000000000002,
        1.588,
        1.582,
        1.5990000000000002,
        1.5350000000000001,
        1.5990000000000002,
        1.5990000000000002,
        1.572,
        1.433,
        1.1740000000000002,
        1.5990000000000002
      ],
      "job": {
        "lawful": false,
        "honest": false
      }
    },
    "genetics": {
      "skin_color": 1,
      "eye_color": "brown",
      "hair_color": "strawberry blonde",
      "hair_color_code": 5,
      "hair_type": [
        "S",
        "S"
      ],
      "health": 0.761,
      "fertility": 0.685,
      "communication_impaired": false,
      "mobility_impaired": false,
      "cognitive_impaired": false,
      "disabilities": []
    },
    "memory": {
      "health": {
        "1202": {
          "health": {
            "change": false,
            "value_change": 0.0,
            "new_health": 0.761
          },
          "death": false
        },
        "1241": {
          "health": {
            "change": false,
            "value_change": 0.0,
            "new_health": 0.761
          },
          "death": true
        }
      },
      "events": {
        "1201": [
          {
            "topic": "birth",
            "year": 1201
          },
          {
            "topic": "new relationship",
            "key": 15635,
            "people": [
              12325,
              15634
            ],
            "people names": [
              "Alebaren Duue",
              "Hubrecht Duue"
            ],
            "people ages": [
              21,
              0
            ],
            "label": "parentchild",
            "committed": false
          },
          {
            "topic": "new relationship",
            "key": 15636,
            "people": [
              12326,
              15634
            ],
            "people names": [
              "Badeloghen Tant",
              "Hubrecht Duue"
            ],
            "people ages": [
              20,
              0
            ],
            "label": "parentchild",
            "committed": false
          }
        ],
        "1202": [
          {
            "topic": "update",
            "update": "new friendship label",
            "relationship label": "parentchild",
            "friendship label": "friend",
            "relationship": 15635
          },
          {
            "topic": "update",
            "update": "new friendship label",
            "relationship label": "parentchild",
            "friendship label": "indifferent",
            "relationship": 15636
          },
          {
            "topic": "new relationship",
            "key": 18495,
            "people": [
              15634,
              18492
            ],
            "people names": [
              "Hubrecht Duue",
              "Havix Duue"
            ],
            "people ages": [
              1,
              0
            ],
            "label": "sibling",
            "committed": false
          },
          {
            "topic": "person died",
            "person": {
              "key": 12326,
              "name": "Badeloghen Tant",
              "age": 21,
              "alive": false,
              "sex": "f",
              "parents": "firstgen"
            },
            "cause": "childbirth",
            "friendship label": "indifferent",
            "label": "parent"
          }
        ],
        "1204": [
          {
            "topic": "update",
            "update": "new friendship label",
            "relationship label": "parentchild",
            "friendship label": "friend",
            "relationship": 15635
          },
          {
            "topic": "new relationship",
            "key": 22856,
            "people": [
              15634,
              15913
            ],
            "people names": [
              "Hubrecht Duue",
              "Tijs"
            ],
            "people ages": [
              3,
              3
            ],
            "label": "unrelated",
            "committed": false
          }
        ],
        "1208": [
          {
            "topic": "event",
            "event": "faction upheaval",
            "faction": "No religion",
            "year": 1208
          }
        ],
        "1215": [
          {
            "topic": "event",
            "event": "plague",
            "year": 1215
          },
          {
            "topic": "update",
            "update": "new friendship label",
            "relationship label": "unrelated",
            "friendship label": "friend",
            "relationship": 22856
          }
        ],
        "1216": [
          {
            "topic": "update",
            "update": "new friendship label",
            "relationship label": "parentchild",
            "friendship label": "friend",
            "relationship": 15635
          }
        ],
        "1217": [
          {
            "topic": "job notice",
            "notice": "found job",
            "income": 0.956
          },
          {
            "topic": "person died",
            "person": {
              "key": 15913,
              "name": "Tijs",
              "age": 16,
              "alive": false,
              "sex": "m",
              "parents": {
                "mother": "Katerina (10574)",
                "father": "Brandekijn (10573)"
              }
            },
            "cause": "illness",
            "friendship label": "friend",
            "label": "unrelated",
            "love state": "nothing"
          }
        ],
        "1218": [
          {
            "topic": "job notice",
            "notice": "comfortable earnings",
            "income": 1.118
          },
          {
            "topic": "new relationship",
            "key": 43492,
            "people": [
              18246,
              15634
            ],
            "people names": [
              "Alvericus Ghoede",
              "Hubrecht Duue"
            ],