{
  "15649": {
    "alive": false,
    "name": "Clementia",
    "surname": "Otgersdochter",
    "full name": "Clementia Otgersdochter",
    "born this way": {
      "sexuality label": "straight",
      "sexuality": 0.017,
      "romantic interest": 0.625,
      "sex interest": 0.711,
      "gender expression": 0.006,
      "sex": "f"
    },
    "age": 40,
    "birth year": 1201,
    "sex": "f",
    "faction": "Dogmatists",
    "income class": [
      3,
      "upper middle class"
    ],
    "personality": {
      "lawful-chaotic": 0.655,
      "nice-nasty": 0.123,
      "honest-false": 0.506,
      "dream": 0.577,
      "outgoing": 0.878
    },
    "attitude": {
      "dream": 0.577,
      "outgoing": 0.878
    },
    "homsoc": {
      "means": {
        "independent": true,
        "taken_care_of": false,
        "caretaker": true,
        "needs_care": false,
        "flags": []
      },
      "expression": {
        "sexuality expression": 0.007,
        "gender expression expression": 0.004
      }
    },
    "network": {
      "parents": {
        "mother": "Lutghardis (12011)",
        "father": "Otger (12010)"
      },
      "children": {},
      "relationship keys": {
        "parent": [
          15650,
          15651
        ],
        "sibling": [
          15652,
          17545,
          22289,
          23173,
          34133,
          38381,
          39095,
          40070,
          41672
        ],
        "nibling": [
          49636,
          51135,
          56095
        ],
        "unrelated": [
          62848
        ]
      }
    },
    "occupation": {
      "has job": true,
      "income class": [
        3,
        "upper middle class"
      ],
      "income": 1.5490000000000002,
      "all_incomes": [
        0.839,
        0.877,
        0.8320000000000001,
        0.5730000000000001,
        0.474,
        0.8470000000000001,
        0.8410000000000001,
        0.884,
        0.768,
        1.099,
        0.876,
        0.9740000000000001,
        1.089,
        1.129,
        1.239,
        1.096,
        1.381,
        1.2910000000000001,
        1.53,
        1.5490000000000002,
        1.5490000000000002,
        1.5490000000000002
      ],
      "job": {
        "lawful": true,
        "honest": false
      }
    },
    "genetics": {
      "skin_color": 6,
      "eye_color": "green",
      "hair_color": "brown",
      "hair_color_code": 2,
      "hair_type": [
        "S",
        "C"
      ],
      "health": 0.661,
      "fertility": 0.648,
      "communication_impaired": false,
      "mobility_impaired": false,
      "cognitive_impaired": false,
      "disabilities": []
    },
    "memory": {
      "health": {
        "1202": {
          "health": {
            "change": false,
            "value_change": 0.0,
            "new_health": 0.661
          },
          "death": false
        },
        "1241": {
          "health": {
            "change": false,
            "value_change": 0.0,
            "new_health": 0.661
          },
          "death": true
        }
      },
      "events": {
        "1201": [
          {
            "topic": "birth",
            "year": 1201
          },
          {
            "topic": "new relationship",
            "key": 15650,
            "people": [
              12010,
              15649
            ],
            "people names": [
              "Otger Cleenheere",
              "Clementia Otgersdochter"
            ],
            "people ages": [
              28,
              0
            ],
            "label": "parentchild",
            "committed": false
          },
          {
            "topic": "new relationship",
            "key": 15651,
            "people": [
              12011,
              15649
            ],
            "people names": [
              "Lutghardis Scelwart",
              "Clementia Otgersdochter"
            ],
            "people ages": [
              25,
              0
            ],
            "label": "parentchild",
            "committed": false
          },
          {
            "topic": "new relationship",
            "key": 15652,
            "people": [
              14260,
              15649
            ],
            "people names": [
              "Remdo Cleenheere",
              "Clementia Otgersdochter"
            ],
            "people ages": [
              1,
              0
            ],
            "label": "sibling",
            "committed": false
          }
        ],
        "1202": [
          {
            "topic": "update",
            "update": "new friendship label",
            "relationship label": "sibling",
            "friendship label": "friend",
            "relationship": 15652
          },
          {
            "topic": "new relationship",
            "key": 17545,
            "people": [
              15649,
              17541
            ],
            "people names": [
              "Clementia Otgersdochter",
              "Godeuert Cleenheere"
            ],
            "people ages": [
              0,
              0
            ],
            "label": "sibling",
            "committed": false
          }
        ],
        "1204": [
          {
            "topic": "new relationship",
            "key": 22289,
            "people": [
              15649,
              22285
            ],
            "people names": [
              "Clementia Otgersdochter",
              "Ricmoden Cleenheere"
            ],
            "people ages": [
              3,
              0
            ],
            "label": "sibling",
            "committed": false
          }
        ],
        "1205": [
          {
            "topic": "new relationship",
            "key": 23173,
            "people": [
              15649,
              23169
            ],
            "people names": [
              "Clementia Otgersdochter",
              "Baua Cleenheere"
            ],
            "people ages": [
              3,
              0
            ],
            "label": "sibling",
            "committed": false
          }
        ],
        "1206": [
          {
            "topic": "update",
            "update": "new friendship label",
            "relationship label": "parentchild",
            "friendship label": "friend",
            "relationship": 15650
          },
          {
            "topic": "update",
            "update": "new friendship label",
            "relationship label": "sibling",
            "friendship label": "friend",
            "relationship": 23173
          },
          {
            "topic": "update",
            "update": "new friendship label",
            "relationship label": "sibling",
            "friendship label": "friend",
            "relationship": 15652
          }
        ],
        "1208": [
          {
            "topic": "event",
            "event": "faction upheaval",
            "faction": "No religion",
            "year": 1208
          }
        ],
        "1209": [
          {
            "topic": "update",
            "update": "new friendship label",
            "relationship label": "sibling",
            "friendship label": "friend",
            "relationship": 23173
          }
        ],
        "1210": [
          {
            "topic": "new relationship",
            "key": 34133,
            "people": [
              15649,
              34129
            ],
            "people names": [
              "Clementia Otgersdochter",
              "Mense Cleenheere"
            ],
            "people ages": [
              9,
              0
            ],
            "label": "sibling",
            "committed": false
          }
        ],
        "1212": [
          {
            "topic": "update",
            "update": "new friendship label",
            "relationship label": "parentchild",
            "friendship label": "friend",
            "relationship": 15650
          },
          {
            "topic": "update",