{
  "15645": {
    "alive": true,
    "name": "Wijfgode",
    "surname": "Iude",
    "full name": "Wijfgode Iude",
    "born this way": {
      "sexuality label": "bi",
      "sexuality": 0.477,
      "romantic interest": 0.607,
      "sex interest": 0.665,
      "gender expression": 0.022,
      "sex": "f"
    },
    "age": 48,
    "birth year": 1201,
    "sex": "f",
    "faction": "Dogmatists",
    "income class": [
      3,
      "upper middle class"
    ],
    "personality": {
      "lawful-chaotic": 0.28,
      "nice-nasty": 0.276,
      "honest-false": 0.681,
      "dream": 0.527,
      "outgoing": 0.797
    },
    "attitude": {
      "dream": 0.527,
      "outgoing": 0.797
    },
    "homsoc": {
      "means": {
        "independent": true,
        "taken_care_of": false,
        "caretaker": true,
        "needs_care": false,
        "flags": []
      },
      "expression": {
        "sexuality expression": 0.298,
        "gender expression expression": 0.011
      }
    },
    "network": {
      "parents": {
        "mother": "Yda (11915)",
        "father": "Firiin (11914)"
      },
      "children": {},
      "relationship keys": {
        "parent": [
          15646,
          15647
        ],
        "sibling": [
          15648,
          19897,
          28342
        ],
        "unrelated": [
          30929,
          48220,
          57486,
          64441,
          69630
        ],
        "spouse": [
          77381
        ]
      }
    },
    "occupation": {
      "has job": true,
      "income class": [
        3,
        "upper middle class"
      ],
      "income": 1.5490000000000002,
      "all_incomes": [
        0.633,
        0.8230000000000001,
        0.779,
        0.888,
        1.012,
        1.28,
        1.4180000000000001,
        1.5490000000000002,
        1.5490000000000002,
        1.5490000000000002,
        1.3960000000000001,
        1.327,
        1.5490000000000002,
        1.5490000000000002,
        1.5490000000000002,
        1.5490000000000002,
        1.5490000000000002,
        1.5490000000000002,
        1.5490000000000002,
        1.5430000000000001,
        1.5490000000000002,
        1.546,
        1.455,
        1.403,
        1.3960000000000001,
        1.462,
        1.391,
        1.4240000000000002,
        1.5270000000000001,
        1.463,
        1.5490000000000002,
        1.5490000000000002,
        1.5490000000000002
      ],
      "job": {
        "lawful": false,
        "honest": true
      }
    },
    "genetics": {
      "skin_color": 2,
      "eye_color": "blue",
      "hair_color": "blonde",
      "hair_color_code": 4,
      "hair_type": [
        "C",
        "C"
      ],
      "health": 0.671,
      "fertility": 0.613,
      "communication_impaired": false,
      "mobility_impaired": false,
      "cognitive_impaired": false,
      "disabilities": []
    },
    "memory": {
      "health": {
        "1202": {
          "health": {
            "change": false,
            "value_change": 0.0,
            "new_health": 0.671
          },
          "death": false
        }
      },
      "events": {
        "1201": [
          {
            "topic": "birth",
            "year": 1201
          },
          {
            "topic": "new relationship",
            "key": 15646,
            "people": [
              11914,
              15645
            ],
            "people names": [
              "Firiin Iude",
              "Wijfgode Iude"
            ],
            "people ages": [
              35,
              0
            ],
            "label": "parentchild",
            "committed": false
          },
          {
            "topic": "new relationship",
            "key": 15647,
            "people": [
              11915,
              15645
            ],
            "people names": [
              "Yda Scelwart",
              "Wijfgode Iude"
            ],
            "people ages": [
              18,
              0
            ],
            "label": "parentchild",
            "committed": false
          },
          {
            "topic": "new relationship",
            "key": 15648,
            "people": [
              14188,
              15645
            ],
            "people names": [
              "Splinter Firiinszoon",
              "Wijfgode Iude"
            ],
            "people ages": [
              0,
              0
            ],
            "label": "sibling",
            "committed": false
          }
        ],
        "1203": [
          {
            "topic": "new relationship",
            "key": 19897,
            "people": [
              15645,
              19893
            ],
            "people names": [
              "Wijfgode Iude",
              "Curdiin Iude"
            ],
            "people ages": [
              2,
              0
            ],
            "label": "sibling",
            "committed": false
          }
        ],
        "1204": [
          {
            "topic": "update",
            "update": "new friendship label",
            "relationship label": "sibling",
            "friendship label": "indifferent",
            "relationship": 19897
          }
        ],
        "1206": [
          {
            "topic": "person died",
            "person": {
              "key": 14188,
              "name": "Splinter Firiinszoon",
              "age": 6,
              "alive": false,
              "sex": "m",
              "parents": {
                "mother": "Yda (11915)",
                "father": "Firiin (11914)"
              }
            },
            "cause": "childhood illness",
            "friendship label": "good friend",
            "label": "sibling"
          }
        ],
        "1207": [
          {
            "topic": "new relationship",
            "key": 28342,
            "people": [
              15645,
              28339
            ],
            "people names": [
              "Wijfgode Iude",
              "Yoel Iude"
            ],
            "people ages": [
              6,
              0
            ],
            "label": "sibling",
            "committed": false
          },
          {
            "topic": "person died",
            "person": {
              "key": 11915,
              "name": "Yda Scelwart",
              "age": 24,
              "alive": false,
              "sex": "f",
              "parents": "firstgen"
            },
            "cause": "illness",
            "friendship label": "good friend",
            "label": "parent"
          }
        ],
        "1208": [
          {
            "topic": "event",
            "event": "faction upheaval",
            "faction": "No religion",
            "year": 1208
          },
          {
            "topic": "new relationship",
            "key": 30929,
            "people": [
              15645,
              16206
            ],
            "people names": [
              "Wijfgode Iude",
              "Tijs van Heinhoca"
            ],
            "people ages": [
              7,
              7
            ],
            "label": "unrelated",
            "committed": false
          }
        ],
        "1212": [
          {
            "topic": "update",
            "update": "parent married",
            "parent": 11914,
            "new partner": 11864
          }
        ],
        "1214": [
          {
            "topic": "person died",
            "person": {
              "key": 16206,
              "name": "Tijs van Heinhoca",
              "age": 13,
              "alive": false,
              "sex": "m",
              "parents": {
                "mother": "Meynseth (11291)",
                "father": "Heinhoca (11290)"
              }
            },
            "cause": "starvation",
            "friendship label": "friend",
            "label": "unrelated",
            "love state": "nothing"
          }
        ],
        "1215": [
          {
            "topic": "event",