{
  "15798": {
    "alive": false,
    "name": "Ghoudekinen",
    "surname": "",
    "full name": "Ghoudekinen",
    "born this way": {
      "sexuality label": "straight",
      "sexuality": 0.083,
      "romantic interest": 0.71,
      "sex interest": 0.599,
      "gender expression": 0.328,
      "sex": "f"
    },
    "age": 55,
    "birth year": 1203,
    "sex": "f",
    "faction": "No religion",
    "income class": [
      4,
      "nobility"
    ],
    "personality": {
      "lawful-chaotic": 0.275,
      "nice-nasty": 0.14,
      "honest-false": 0.569
    },
    "attitude": {
      "outgoing": 0.899,
      "dream": 0.594
    },
    "homsoc": {
      "means": {
        "independent": true,
        "taken_care_of": false,
        "caretaker": true,
        "needs_care": false,
        "flags": []
      },
      "expression": {
        "sexuality expression": 0.063,
        "gender expression expression": 0.149
      }
    },
    "network": {
      "parents": {
        "mother": "Sybillia (12407)",
        "father": "Brun (12406)"
      },
      "children": {},
      "relationship keys": {
        "parent": [
          15799,
          15800
        ],
        "sibling": [
          15801,
          16402,
          18003
        ]
      }
    },
    "occupation": {
      "has job": true,
      "income class": [
        4,
        "nobility"
      ],
      "income": 1.469,
      "all_incomes": [
        1.095,
        1.383,
        1.447,
        1.5470000000000002,
        1.5990000000000002,
        1.532,
        1.5990000000000002,
        1.5990000000000002,
        1.5990000000000002,
        1.5990000000000002,
        1.5990000000000002,
        1.5810000000000002,
        1.5990000000000002,
        1.5990000000000002,
        1.5990000000000002,
        1.5990000000000002,
        1.5990000000000002,
        1.5990000000000002,
        1.5990000000000002,
        1.572,
        1.5990000000000002,
        1.5990000000000002,
        1.5990000000000002,
        1.5990000000000002,
        1.2570000000000001,
        1.469
      ],
      "job": {
        "lawful": false,
        "honest": true
      }
    },
    "genetics": {
      "skin_color": 4,
      "eye_color": "brown",
      "hair_color": "red",
      "hair_color_code": 3,
      "hair_type": [
        "C",
        "S"
      ],
      "health": 0.002,
      "fertility": 0.546,
      "communication_impaired": false,
      "mobility_impaired": false,
      "cognitive_impaired": false,
      "disabilities": []
    },
    "memory": {
      "health": {
        "1204": {
          "health": {
            "change": false,
            "value_change": 0.0,
            "new_health": 0.635
          },
          "death": false
        },
        "1254": {
          "health": {
            "change": true,
            "value_change": -0.236,
            "new_health": 0.399
          },
          "death": false
        },
        "1255": {
          "health": {
            "change": true,
            "value_change": -0.235,
            "new_health": 0.164
          },
          "death": false
        },
        "1256": {
          "health": {
            "change": true,
            "value_change": -0.1,
            "new_health": 0.064
          },
          "death": false
        },
        "1257": {
          "health": {
            "change": true,
            "value_change": -0.056,
            "new_health": 0.008
          },
          "death": false
        },
        "1258": {
          "health": {
            "change": true,
            "value_change": -0.006,
            "new_health": 0.002
          },
          "death": true
        }
      },
      "events": {
        "1203": [
          {
            "topic": "new home",
            "home": {
              "income class": 4,
              "income class label": "nobility",
              "section": "stOp Havick1.se1.c4",
              "street": "Op Havick1",
              "neighborhood": "cingelnoord",
              "unique id": 844
            }
          }
        ],
        "1204": [
          {
            "topic": "new relationship",
            "key": 16402,
            "people": [
              15798,
              16398
            ],
            "people names": [
              "Ghoudekinen",
              "Sophia van Brun"
            ],
            "people ages": [
              1,
              0
            ],
            "label": "sibling",
            "committed": false
          }
        ],
        "1205": [
          {
            "topic": "update",
            "update": "new friendship label",
            "relationship label": "parentchild",
            "friendship label": "disliked",
            "relationship": 15800
          }
        ],
        "1206": [
          {
            "topic": "new relationship",
            "key": 18003,
            "people": [
              15798,
              17999
            ],
            "people names": [
              "Ghoudekinen",
              "Winardus\u0430 van Brun"
            ],
            "people ages": [
              3,
              0
            ],
            "label": "sibling",
            "committed": false
          }
        ],
        "1212": [
          {
            "topic": "update",
            "update": "new friendship label",
            "relationship label": "sibling",
            "friendship label": "indifferent",
            "relationship": 18003
          }
        ],
        "1215": [
          {
            "topic": "event",
            "event": "plague",
            "year": 1215
          }
        ],
        "1216": [
          {
            "topic": "person died",
            "person": {
              "key": 12406,
              "name": "Brun",
              "age": 55,
              "alive": false,
              "sex": "m",
              "parents": "firstgen"
            },
            "cause": "sickness",
            "label": "parent"
          }
        ],
        "1218": [
          {
            "topic": "new home",
            "home": {
              "income class": 3,
              "income class label": "upper middle class",
              "section": "stMuurhuysen2.se7.c3",
              "street": "Muurhuysen2",
              "neighborhood": "cingelnoord",
              "unique id": 821
            }
          },
          {
            "topic": "update",
            "update": "parent married",
            "parent": 12407,
            "new partner": 12340
          }
        ],
        "1221": [
          {
            "topic": "person died",
            "person": {
              "key": 13192,
              "name": "Lucas",
              "age": 21,
              "alive": false,
              "sex": "m",
              "parents": {
                "mother": "Sybillia (12407)",
                "father": "Brun (12406)"
              }
            },
            "cause": "illness",
            "label": "sibling"
          }
        ],
        "1222": [
          {
            "topic": "update",
            "update": "new friendship label",
            "relationship label": "sibling",
            "friendship label": "indifferent",
            "relationship": 16402
          }
        ],
        "1225": [
          {
            "topic": "person died",
            "person": {
              "key": 16398,
              "name": "Sophia van Brun",
              "age": 21,
              "alive": false,
              "sex": "f",
              "parents": {
                "mother": "Sybillia (12407)",
                "father": "Brun (12406)"
              }
            },
            "cause": "illness",
            "label": "sibling"
          }
        ],
        "1227": [
          {
            "topic": "person died",
            "person": {
              "key": 12407,
              "name": "Sybillia",
              "age": 53,
              "alive": false,
              "sex": "f",
              "parents": "firstgen"
            },