{
  "15844": {
    "alive": false,
    "name": "Wederic",
    "surname": "Duker",
    "full name": "Wederic Duker",
    "born this way": {
      "sexuality label": "straight",
      "sexuality": 0.09,
      "romantic interest": 0.588,
      "sex interest": 0.811,
      "gender expression": 0.119,
      "sex": "m"
    },
    "age": 43,
    "birth year": 1201,
    "sex": "m",
    "faction": "Zealots",
    "income class": [
      3,
      "upper middle class"
    ],
    "personality": {
      "lawful-chaotic": 0.622,
      "nice-nasty": 0.534,
      "honest-false": 0.844,
      "dream": 0.301,
      "outgoing": 0.239
    },
    "attitude": {
      "dream": 0.301,
      "outgoing": 0.239
    },
    "homsoc": {
      "means": {
        "independent": true,
        "taken_care_of": false,
        "caretaker": true,
        "needs_care": false,
        "flags": [
          "starving"
        ]
      },
      "expression": {
        "sexuality expression": 0.075,
        "gender expression expression": 0.062
      }
    },
    "network": {
      "parents": {
        "mother": "Saxiardis (12002)",
        "father": "Godelief (12001)"
      },
      "children": {},
      "relationship keys": {
        "parent": [
          15845,
          15846
        ],
        "sibling": [
          15847,
          19617,
          21486,
          24555
        ],
        "unrelated": [
          45358,
          51971,
          64484,
          71310
        ],
        "spouse": [
          65671
        ]
      }
    },
    "occupation": {
      "has job": true,
      "income class": [
        3,
        "upper middle class"
      ],
      "income": 1.5490000000000002,
      "all_incomes": [
        1.083,
        1.208,
        1.151,
        1.346,
        1.153,
        1.375,
        1.5490000000000002,
        1.5490000000000002,
        1.467,
        1.5490000000000002,
        1.5490000000000002,
        1.353,
        1.364,
        1.252,
        1.1420000000000001,
        1.353,
        1.447,
        1.518,
        1.5490000000000002,
        1.5490000000000002,
        1.5490000000000002,
        1.5490000000000002,
        1.5490000000000002,
        1.5490000000000002,
        1.5490000000000002,
        1.5490000000000002,
        1.546,
        1.5490000000000002
      ],
      "job": {
        "lawful": true,
        "honest": false
      }
    },
    "genetics": {
      "skin_color": 6,
      "eye_color": "green",
      "hair_color": "black",
      "hair_color_code": 0,
      "hair_type": [
        "C",
        "C"
      ],
      "health": 0.794,
      "fertility": 0.802,
      "communication_impaired": false,
      "mobility_impaired": false,
      "cognitive_impaired": false,
      "disabilities": []
    },
    "memory": {
      "health": {
        "1202": {
          "health": {
            "change": false,
            "value_change": 0.0,
            "new_health": 0.794
          },
          "death": false
        },
        "1244": {
          "health": {
            "change": false,
            "value_change": 0.0,
            "new_health": 0.794
          },
          "death": true
        }
      },
      "events": {
        "1201": [
          {
            "topic": "birth",
            "year": 1201
          },
          {
            "topic": "new relationship",
            "key": 15845,
            "people": [
              12001,
              15844
            ],
            "people names": [
              "Godelief Duker",
              "Wederic Duker"
            ],
            "people ages": [
              49,
              0
            ],
            "label": "parentchild",
            "committed": false
          },
          {
            "topic": "new relationship",
            "key": 15846,
            "people": [
              12002,
              15844
            ],
            "people names": [
              "Saxiardis Tater",
              "Wederic Duker"
            ],
            "people ages": [
              18,
              0
            ],
            "label": "parentchild",
            "committed": false
          },
          {
            "topic": "new relationship",
            "key": 15847,
            "people": [
              13507,
              15844
            ],
            "people names": [
              "Cees Duker",
              "Wederic Duker"
            ],
            "people ages": [
              0,
              0
            ],
            "label": "sibling",
            "committed": false
          }
        ],
        "1203": [
          {
            "topic": "new relationship",
            "key": 19617,
            "people": [
              15844,
              19613
            ],
            "people names": [
              "Wederic Duker",
              "Moerseil Duker"
            ],
            "people ages": [
              1,
              0
            ],
            "label": "sibling",
            "committed": false
          }
        ],
        "1204": [
          {
            "topic": "new relationship",
            "key": 21486,
            "people": [
              15844,
              21482
            ],
            "people names": [
              "Wederic Duker",
              "Katerina Duker"
            ],
            "people ages": [
              2,
              0
            ],
            "label": "sibling",
            "committed": false
          },
          {
            "topic": "update",
            "update": "new friendship label",
            "relationship label": "sibling",
            "friendship label": "indifferent",
            "relationship": 15847
          }
        ],
        "1205": [
          {
            "topic": "update",
            "update": "new friendship label",
            "relationship label": "parentchild",
            "friendship label": "indifferent",
            "relationship": 15846
          },
          {
            "topic": "new relationship",
            "key": 24555,
            "people": [
              15844,
              24551
            ],
            "people names": [
              "Wederic Duker",
              "Heile Duker"
            ],
            "people ages": [
              4,
              0
            ],
            "label": "sibling",
            "committed": false
          },
          {
            "topic": "person died",
            "person": {
              "key": 21482,
              "name": "Katerina Duker",
              "age": 1,
              "alive": false,
              "sex": "f",
              "parents": {
                "mother": "Saxiardis (12002)",
                "father": "Godelief (12001)"
              }
            },
            "cause": "childbirth",
            "friendship label": "indifferent",
            "label": "sibling"
          }
        ],
        "1206": [
          {
            "topic": "update",
            "update": "new friendship label",
            "relationship label": "sibling",
            "friendship label": "friend",
            "relationship": 19617
          },
          {
            "topic": "update",
            "update": "new friendship label",
            "relationship label": "parentchild",
            "friendship label": "friend",
            "relationship": 15846
          },
          {
            "topic": "person died",
            "person": {
              "key": 12001,
              "name": "Godelief Duker",
              "age": 54,
              "alive": false,
              "sex": "m",
              "parents": "firstgen"
            },
            "cause": "sickness",
            "friendship label": "indifferent",
            "label": "parent"
          }
        ],
        "1207": [
          {
            "topic": "not enough income",
            "income": 0,
            "inhabitants": [
              16952
            ]
          }
        ],
        "1208": [
          {
            "topic": "update",