{
  "16116": {
    "alive": true,
    "name": "Riet",
    "surname": "Duvel",
    "full name": "Riet Duvel",
    "born this way": {
      "sexuality label": "straight",
      "sexuality": 0.0,
      "romantic interest": 0.814,
      "sex interest": 0.809,
      "gender expression": 0.001,
      "sex": "f"
    },
    "age": 48,
    "birth year": 1201,
    "sex": "f",
    "faction": "Dogmatists",
    "income class": [
      3,
      "upper middle class"
    ],
    "personality": {
      "lawful-chaotic": 0.387,
      "nice-nasty": 0.723,
      "honest-false": 0.999,
      "dream": 0.077,
      "outgoing": 0.484
    },
    "attitude": {
      "dream": 0.077,
      "outgoing": 0.484
    },
    "homsoc": {
      "means": {
        "independent": true,
        "taken_care_of": false,
        "caretaker": true,
        "needs_care": false,
        "flags": [
          "starving"
        ]
      },
      "expression": {
        "sexuality expression": -0.001,
        "gender expression expression": -0.0
      }
    },
    "network": {
      "parents": {
        "mother": "Thedwi (11414)",
        "father": "Everocker (11413)"
      },
      "children": {},
      "relationship keys": {
        "parent": [
          16117,
          16118
        ],
        "sibling": [
          16119,
          17811,
          18896
        ],
        "unrelated": [
          74090
        ]
      }
    },
    "occupation": {
      "has job": true,
      "income class": [
        3,
        "upper middle class"
      ],
      "income": 1.5490000000000002,
      "all_incomes": [
        0.794,
        0.747,
        0.9670000000000001,
        0.7140000000000001,
        0.682,
        0.9640000000000001,
        1.075,
        1.19,
        1.1300000000000001,
        0.9590000000000001,
        1.022,
        1.114,
        1.059,
        1.229,
        1.213,
        1.5310000000000001,
        1.5310000000000001,
        1.314,
        1.247,
        1.284,
        1.436,
        1.442,
        1.294,
        1.4120000000000001,
        1.5490000000000002,
        1.5470000000000002,
        1.445,
        1.5490000000000002
      ],
      "job": {
        "lawful": false,
        "honest": true
      }
    },
    "genetics": {
      "skin_color": 4,
      "eye_color": "brown",
      "hair_color": "black",
      "hair_color_code": 0,
      "hair_type": [
        "C",
        "S"
      ],
      "health": 0.692,
      "fertility": 0.648,
      "communication_impaired": false,
      "mobility_impaired": false,
      "cognitive_impaired": false,
      "disabilities": []
    },
    "memory": {
      "health": {
        "1202": {
          "health": {
            "change": false,
            "value_change": 0.0,
            "new_health": 0.692
          },
          "death": false
        }
      },
      "events": {
        "1201": [
          {
            "topic": "birth",
            "year": 1201
          },
          {
            "topic": "new relationship",
            "key": 16117,
            "people": [
              11413,
              16116
            ],
            "people names": [
              "Everocker Duvel",
              "Riet Duvel"
            ],
            "people ages": [
              48,
              0
            ],
            "label": "parentchild",
            "committed": false
          },
          {
            "topic": "new relationship",
            "key": 16118,
            "people": [
              11414,
              16116
            ],
            "people names": [
              "Thedwi Makerreel",
              "Riet Duvel"
            ],
            "people ages": [
              38,
              0
            ],
            "label": "parentchild",
            "committed": false
          },
          {
            "topic": "new relationship",
            "key": 16119,
            "people": [
              13159,
              16116
            ],
            "people names": [
              "Siccone Duvel",
              "Riet Duvel"
            ],
            "people ages": [
              1,
              0
            ],
            "label": "sibling",
            "committed": false
          }
        ],
        "1202": [
          {
            "topic": "update",
            "update": "new friendship label",
            "relationship label": "sibling",
            "friendship label": "indifferent",
            "relationship": 16119
          },
          {
            "topic": "new relationship",
            "key": 17811,
            "people": [
              16116,
              17807
            ],
            "people names": [
              "Riet Duvel",
              "Salomon Duvel"
            ],
            "people ages": [
              0,
              0
            ],
            "label": "sibling",
            "committed": false
          }
        ],
        "1203": [
          {
            "topic": "new relationship",
            "key": 18896,
            "people": [
              16116,
              18892
            ],
            "people names": [
              "Riet Duvel",
              "Alretieren Duvel"
            ],
            "people ages": [
              1,
              0
            ],
            "label": "sibling",
            "committed": false
          },
          {
            "topic": "person died",
            "person": {
              "key": 11414,
              "name": "Thedwi Makerreel",
              "age": 41,
              "alive": false,
              "sex": "f",
              "parents": "firstgen"
            },
            "cause": "illness",
            "friendship label": "indifferent",
            "label": "parent"
          }
        ],
        "1207": [
          {
            "topic": "person died",
            "person": {
              "key": 11413,
              "name": "Everocker Duvel",
              "age": 54,
              "alive": false,
              "sex": "m",
              "parents": "firstgen"
            },
            "cause": "sickness",
            "friendship label": "good friend",
            "label": "parent"
          }
        ],
        "1208": [
          {
            "topic": "event",
            "event": "faction upheaval",
            "faction": "No religion",
            "year": 1208
          },
          {
            "topic": "not enough income",
            "income": 0,
            "inhabitants": [
              13159,
              16116,
              18892,
              53416,
              55519,
              57372,
              60442,
              65497,
              70380,
              72249
            ]
          }
        ],
        "1209": [
          {
            "topic": "not enough income",
            "income": 0,
            "inhabitants": [
              13159,
              16116,
              18892,
              53416,
              55519,
              57372,
              60442,
              65497,
              70380,
              72249
            ]
          }
        ],
        "1210": [
          {
            "topic": "not enough income",
            "income": 0,
            "inhabitants": [
              13159,
              16116,
              18892,
              53416,
              55519,
              57372,
              60442,
              65497,
              70380,
              72249
            ]
          }
        ],
        "1211": [
          {
            "topic": "not enough income",
            "income": 0,
            "inhabitants": [
              13159,
              16116,
              18892,
              53416,
              55519,
              57372,
              60442,
              65497,
              70380,
              72249
            ]
          }
        ],
        "1212": [
          {
            "topic": "not enough income",
            "income": 0,