{
  "16209": {
    "alive": false,
    "name": "Havix",
    "surname": "",
    "full name": "Havix",
    "born this way": {
      "sexuality label": "straight",
      "sexuality": 0.084,
      "romantic interest": 0.794,
      "sex interest": 0.8,
      "gender expression": 0.127,
      "sex": "m"
    },
    "age": 50,
    "birth year": 1204,
    "sex": "m",
    "faction": "No religion",
    "income class": [
      2,
      "middle class"
    ],
    "personality": {
      "lawful-chaotic": 0.242,
      "nice-nasty": 0.999,
      "honest-false": 0.61
    },
    "attitude": {
      "outgoing": 0.356,
      "dream": 0.607
    },
    "homsoc": {
      "means": {
        "independent": true,
        "taken_care_of": false,
        "caretaker": true,
        "needs_care": false,
        "flags": [
          "starving"
        ]
      },
      "expression": {
        "sexuality expression": 0.053,
        "gender expression expression": 0.076
      }
    },
    "network": {
      "parents": {
        "mother": "Marie (10487)",
        "father": "Sibrando (10486)"
      },
      "children": {},
      "relationship keys": {
        "parent": [
          16210,
          16211
        ],
        "sibling": [
          16212
        ],
        "half-sibling": [
          25206
        ],
        "spouse": [
          27993,
          39447,
          43493
        ]
      }
    },
    "occupation": {
      "has job": true,
      "income class": [
        2,
        "middle class"
      ],
      "income": 1.3319999999999999,
      "all_incomes": [
        1.045,
        1.073,
        0.928,
        0.41900000000000004,
        0.35100000000000003,
        0.887,
        0.49300000000000005,
        0.025,
        0.208,
        0.26,
        0.255,
        0.223,
        0.806,
        1.0359999999999998,
        1.2189999999999999,
        0.637,
        0.786,
        1.353,
        1.524,
        1.524,
        1.524,
        1.524,
        1.394,
        1.365,
        1.4789999999999999,
        1.524,
        1.524,
        1.3439999999999999,
        1.3199999999999998,
        1.524,
        1.182,
        1.516,
        1.49,
        1.524,
        1.3319999999999999
      ],
      "job": {
        "lawful": false,
        "honest": false
      }
    },
    "genetics": {
      "skin_color": 6,
      "eye_color": "brown",
      "hair_color": "brown",
      "hair_color_code": 2,
      "hair_type": [
        "C",
        "S"
      ],
      "health": 0.761,
      "fertility": 0.693,
      "communication_impaired": false,
      "mobility_impaired": false,
      "cognitive_impaired": false,
      "disabilities": []
    },
    "memory": {
      "health": {
        "1205": {
          "health": {
            "change": false,
            "value_change": 0.0,
            "new_health": 0.761
          },
          "death": false
        },
        "1254": {
          "health": {
            "change": false,
            "value_change": 0.0,
            "new_health": 0.761
          },
          "death": true
        }
      },
      "events": {
        "1204": [
          {
            "topic": "new home",
            "home": {
              "income class": 2,
              "income class label": "middle class",
              "section": "stDavids hof.se1.c2",
              "street": "Davids hof",
              "neighborhood": "jorisbuurt",
              "unique id": 173
            }
          }
        ],
        "1206": [
          {
            "topic": "update",
            "update": "new friendship label",
            "relationship label": "parentchild",
            "friendship label": "indifferent",
            "relationship": 16210
          },
          {
            "topic": "update",
            "update": "new friendship label",
            "relationship label": "sibling",
            "friendship label": "indifferent",
            "relationship": 16212
          }
        ],
        "1212": [
          {
            "topic": "person died",
            "person": {
              "key": 10486,
              "name": "Sibrando Euer",
              "age": 56,
              "alive": false,
              "sex": "m",
              "parents": "firstgen"
            },
            "cause": "sickness",
            "label": "parent"
          }
        ],
        "1213": [
          {
            "topic": "not enough income",
            "income": 0,
            "inhabitants": []
          }
        ],
        "1214": [
          {
            "topic": "not enough income",
            "income": 0,
            "inhabitants": []
          }
        ],
        "1215": [
          {
            "topic": "event",
            "event": "plague",
            "year": 1215
          },
          {
            "topic": "not enough income",
            "income": 0,
            "inhabitants": []
          }
        ],
        "1216": [
          {
            "topic": "not enough income",
            "income": 0,
            "inhabitants": []
          }
        ],
        "1217": [
          {
            "topic": "not enough income",
            "income": 0,
            "inhabitants": []
          }
        ],
        "1218": [
          {
            "topic": "not enough income",
            "income": 0,
            "inhabitants": []
          }
        ],
        "1219": [
          {
            "topic": "not enough income",
            "income": 0,
            "inhabitants": []
          }
        ],
        "1220": [
          {
            "topic": "job notice",
            "notice": "found job",
            "income": 1.045
          },
          {
            "topic": "new home",
            "home": {
              "income class": 2,
              "income class label": "middle class",
              "section": "stOp 't Speuy.se1.c2",
              "street": "Op 't Speuy",
              "neighborhood": "jorisbuurt",
              "unique id": 199
            }
          },
          {
            "topic": "update",
            "update": "parent married",
            "parent": 10487,
            "new partner": 10564
          }
        ],
        "1222": [
          {
            "topic": "new relationship",
            "key": 25206,
            "people": [
              16209,
              25042
            ],
            "people names": [
              "Havix",
              "Ghela"
            ],
            "people ages": [
              18,
              0
            ],
            "label": "half-sibling",
            "committed": false
          }
        ],
        "1223": [
          {
            "topic": "job notice",
            "notice": "earning very little",
            "income": 0.41900000000000004
          }
        ],
        "1224": [
          {
            "topic": "job notice",
            "notice": "earning very little",
            "income": 0.35100000000000003
          }
        ],
        "1226": [
          {
            "topic": "job notice",
            "notice": "earning very little",
            "income": 0.49300000000000005
          },
          {
            "topic": "new relationship",
            "key": 27993,
            "people": [
              16209,
              19674
            ],
            "people names": [
              "Havix",
              "Hille Vogel"
            ],
            "people ages": [
              22,
              17
            ],
            "label": "spouse",
            "committed": true
          },
          {
            "topic": "new home",
            "home": {
              "income class": 2,
              "income class label": "middle class",
              "section": "stGoetscalcstraet.se3.c2",
              "street": "Goetscalcstraet",
              "neighborhood": "visbuurt",
              "unique id": 786
            }
          }
        ],
        "1227": [
          {
            "topic": "job notice",
            "notice": "hardly any income",