{
  "16244": {
    "alive": false,
    "name": "Sifridus",
    "surname": "Buk",
    "full name": "Sifridus Buk",
    "born this way": {
      "sexuality label": "bi",
      "sexuality": 0.549,
      "romantic interest": 0.564,
      "sex interest": 0.529,
      "gender expression": 0.65,
      "sex": "m"
    },
    "age": 31,
    "birth year": 1201,
    "sex": "m",
    "faction": "Zealots",
    "income class": [
      3,
      "upper middle class"
    ],
    "personality": {
      "lawful-chaotic": 0.293,
      "nice-nasty": 0.295,
      "honest-false": 0.351,
      "dream": 0.439,
      "outgoing": 0.772
    },
    "attitude": {
      "dream": 0.439,
      "outgoing": 0.772
    },
    "homsoc": {
      "means": {
        "independent": true,
        "taken_care_of": false,
        "caretaker": true,
        "needs_care": false,
        "flags": []
      },
      "expression": {
        "sexuality expression": 0.202,
        "gender expression expression": 0.267
      }
    },
    "network": {
      "parents": {
        "mother": "Tetta (11891)",
        "father": "Everocker (11890)"
      },
      "children": {},
      "relationship keys": {
        "parent": [
          16245,
          16246
        ],
        "sibling": [
          16247,
          16827,
          18643,
          25701,
          29670,
          36986,
          37698
        ],
        "unrelated": [
          27057,
          47210,
          55678
        ],
        "nibling": [
          46037,
          48393
        ]
      }
    },
    "occupation": {
      "has job": true,
      "income class": [
        3,
        "upper middle class"
      ],
      "income": 1.5490000000000002,
      "all_incomes": [
        1.045,
        1.065,
        1.159,
        1.1680000000000001,
        1.199,
        1.2570000000000001,
        1.2810000000000001,
        1.4180000000000001,
        1.544,
        1.5490000000000002,
        1.5490000000000002,
        1.5490000000000002,
        1.5490000000000002,
        1.5490000000000002,
        1.5490000000000002,
        1.5490000000000002
      ],
      "job": {
        "lawful": true,
        "honest": true
      }
    },
    "genetics": {
      "skin_color": 6,
      "eye_color": "blue",
      "hair_color": "black",
      "hair_color_code": 0,
      "hair_type": [
        "C",
        "S"
      ],
      "health": 0.747,
      "fertility": 0.704,
      "communication_impaired": false,
      "mobility_impaired": false,
      "cognitive_impaired": false,
      "disabilities": []
    },
    "memory": {
      "health": {
        "1202": {
          "health": {
            "change": false,
            "value_change": 0.0,
            "new_health": 0.747
          },
          "death": false
        },
        "1232": {
          "health": {
            "change": false,
            "value_change": 0.0,
            "new_health": 0.747
          },
          "death": true
        }
      },
      "events": {
        "1201": [
          {
            "topic": "birth",
            "year": 1201
          },
          {
            "topic": "new relationship",
            "key": 16245,
            "people": [
              11890,
              16244
            ],
            "people names": [
              "Everocker Buk",
              "Sifridus Buk"
            ],
            "people ages": [
              29,
              0
            ],
            "label": "parentchild",
            "committed": false
          },
          {
            "topic": "new relationship",
            "key": 16246,
            "people": [
              11891,
              16244
            ],
            "people names": [
              "Tetta Euer",
              "Sifridus Buk"
            ],
            "people ages": [
              27,
              0
            ],
            "label": "parentchild",
            "committed": false
          },
          {
            "topic": "new relationship",
            "key": 16247,
            "people": [
              13666,
              16244
            ],
            "people names": [
              "Gisele Buk",
              "Sifridus Buk"
            ],
            "people ages": [
              1,
              0
            ],
            "label": "sibling",
            "committed": false
          }
        ],
        "1202": [
          {
            "topic": "new relationship",
            "key": 16827,
            "people": [
              16244,
              16823
            ],
            "people names": [
              "Sifridus Buk",
              "Michiel Buk"
            ],
            "people ages": [
              0,
              0
            ],
            "label": "sibling",
            "committed": false
          }
        ],
        "1203": [
          {
            "topic": "new relationship",
            "key": 18643,
            "people": [
              16244,
              18639
            ],
            "people names": [
              "Sifridus Buk",
              "Hadewigis Everockersdochter"
            ],
            "people ages": [
              1,
              0
            ],
            "label": "sibling",
            "committed": false
          }
        ],
        "1204": [
          {
            "topic": "person died",
            "person": {
              "key": 18639,
              "name": "Hadewigis Everockersdochter",
              "age": 1,
              "alive": false,
              "sex": "f",
              "parents": {
                "mother": "Tetta (11891)",
                "father": "Everocker (11890)"
              }
            },
            "cause": "childbirth",
            "friendship label": "indifferent",
            "label": "sibling"
          }
        ],
        "1206": [
          {
            "topic": "new relationship",
            "key": 25701,
            "people": [
              16244,
              25697
            ],
            "people names": [
              "Sifridus Buk",
              "Pelegrim Everockerszoon"
            ],
            "people ages": [
              4,
              0
            ],
            "label": "sibling",
            "committed": false
          },
          {
            "topic": "update",
            "update": "new friendship label",
            "relationship label": "sibling",
            "friendship label": "friend",
            "relationship": 16247
          },
          {
            "topic": "new relationship",
            "key": 27057,
            "people": [
              14962,
              16244
            ],
            "people names": [
              "Jois Roede",
              "Sifridus Buk"
            ],
            "people ages": [
              5,
              5
            ],
            "label": "unrelated",
            "committed": false
          }
        ],
        "1207": [
          {
            "topic": "update",
            "update": "new friendship label",
            "relationship label": "sibling",
            "friendship label": "friend",
            "relationship": 16247
          },
          {
            "topic": "update",
            "update": "new friendship label",
            "relationship label": "parentchild",
            "friendship label": "friend",
            "relationship": 16245
          }
        ],
        "1208": [
          {
            "topic": "event",
            "event": "faction upheaval",
            "faction": "No religion",
            "year": 1208
          },
          {
            "topic": "new relationship",
            "key": 29670,
            "people": [
              16244,
              29666
            ],
            "people names": [
              "Sifridus Buk",
              "Deghen Buk"
            ],
            "people ages": [
              6,
              0
            ],
            "label": "sibling",
            "committed": false
          }
        ],