{
  "16311": {
    "alive": false,
    "name": "Hubrecht",
    "surname": "",
    "full name": "Hubrecht",
    "born this way": {
      "sexuality label": "straight",
      "sexuality": 0.065,
      "romantic interest": 0.999,
      "sex interest": 0.552,
      "gender expression": 0.0,
      "sex": "m"
    },
    "age": 48,
    "birth year": 1201,
    "sex": "m",
    "faction": "No religion",
    "income class": [
      2,
      "middle class"
    ],
    "personality": {
      "lawful-chaotic": 0.265,
      "nice-nasty": 0.693,
      "honest-false": 0.871,
      "dream": 0.192,
      "outgoing": 0.494
    },
    "attitude": {
      "dream": 0.192,
      "outgoing": 0.494
    },
    "homsoc": {
      "means": {
        "independent": true,
        "taken_care_of": false,
        "caretaker": true,
        "needs_care": false,
        "flags": []
      },
      "expression": {
        "sexuality expression": 0.046,
        "gender expression expression": -0.001
      }
    },
    "network": {
      "parents": {
        "mother": "Sophia (10613)",
        "father": "Herbert (10612)"
      },
      "children": {},
      "relationship keys": {
        "parent": [
          16312,
          16313
        ],
        "sibling": [
          18694,
          26705
        ],
        "unrelated": [
          50441
        ]
      }
    },
    "occupation": {
      "has job": true,
      "income class": [
        2,
        "middle class"
      ],
      "income": 1.524,
      "all_incomes": [
        0.737,
        0.9510000000000001,
        0.795,
        0.649,
        0.752,
        0.9420000000000001,
        1.01,
        1.012,
        1.184,
        1.009,
        1.023,
        1.0459999999999998,
        1.3019999999999998,
        1.2819999999999998,
        1.4869999999999999,
        1.4689999999999999,
        1.134,
        1.061,
        1.1709999999999998,
        1.24,
        1.3139999999999998,
        1.524,
        1.524,
        1.524,
        1.524,
        1.498,
        1.4589999999999999,
        1.297,
        1.3739999999999999,
        1.265,
        1.4769999999999999,
        1.448,
        1.524
      ],
      "job": {
        "lawful": false,
        "honest": true
      }
    },
    "genetics": {
      "skin_color": 8,
      "eye_color": "green",
      "hair_color": "black",
      "hair_color_code": 0,
      "hair_type": [
        "C",
        "S"
      ],
      "health": 0.726,
      "fertility": 0.736,
      "communication_impaired": false,
      "mobility_impaired": false,
      "cognitive_impaired": false,
      "disabilities": []
    },
    "memory": {
      "health": {
        "1202": {
          "health": {
            "change": false,
            "value_change": 0.0,
            "new_health": 0.726
          },
          "death": false
        },
        "1249": {
          "health": {
            "change": false,
            "value_change": 0.0,
            "new_health": 0.726
          },
          "death": true
        }
      },
      "events": {
        "1201": [
          {
            "topic": "birth",
            "year": 1201
          },
          {
            "topic": "new relationship",
            "key": 16312,
            "people": [
              10612,
              16311
            ],
            "people names": [
              "Herbert Jserine",
              "Hubrecht"
            ],
            "people ages": [
              35,
              0
            ],
            "label": "parentchild",
            "committed": false
          },
          {
            "topic": "new relationship",
            "key": 16313,
            "people": [
              10613,
              16311
            ],
            "people names": [
              "Sophia Lettele",
              "Hubrecht"
            ],
            "people ages": [
              34,
              0
            ],
            "label": "parentchild",
            "committed": false
          }
        ],
        "1203": [
          {
            "topic": "new relationship",
            "key": 18694,
            "people": [
              16311,
              18691
            ],
            "people names": [
              "Hubrecht",
              "Sarre Jserine"
            ],
            "people ages": [
              1,
              0
            ],
            "label": "sibling",
            "committed": false
          }
        ],
        "1205": [
          {
            "topic": "update",
            "update": "new friendship label",
            "relationship label": "parentchild",
            "friendship label": "enemy",
            "relationship": 16313
          }
        ],
        "1206": [
          {
            "topic": "new relationship",
            "key": 26705,
            "people": [
              16311,
              26702
            ],
            "people names": [
              "Hubrecht",
              "Didewar Jserine"
            ],
            "people ages": [
              5,
              0
            ],
            "label": "sibling",
            "committed": false
          }
        ],
        "1211": [
          {
            "topic": "person died",
            "person": {
              "key": 10612,
              "name": "Herbert Jserine",
              "age": 45,
              "alive": false,
              "sex": "m",
              "parents": "firstgen"
            },
            "cause": "illness",
            "friendship label": "indifferent",
            "label": "parent"
          }
        ],
        "1215": [
          {
            "topic": "event",
            "event": "plague",
            "year": 1215
          }
        ],
        "1216": [
          {
            "topic": "update",
            "update": "new friendship label",
            "relationship label": "sibling",
            "friendship label": "friend",
            "relationship": 26705
          }
        ],
        "1217": [
          {
            "topic": "job notice",
            "notice": "found job",
            "income": 0.737
          }
        ],
        "1218": [
          {
            "topic": "update",
            "update": "new friendship label",
            "relationship label": "sibling",
            "friendship label": "indifferent",
            "relationship": 18694
          }
        ],
        "1219": [
          {
            "topic": "update",
            "update": "new friendship label",
            "relationship label": "sibling",
            "friendship label": "friend",
            "relationship": 26705
          }
        ],
        "1220": [
          {
            "topic": "job notice",
            "notice": "low income",
            "income": 0.649
          },
          {
            "topic": "update",
            "update": "new friendship label",
            "relationship label": "sibling",
            "friendship label": "friend",
            "relationship": 26705
          }
        ],
        "1223": [
          {
            "topic": "event",
            "event": "plague",
            "year": 1223
          },
          {
            "topic": "job notice",
            "notice": "comfortable earnings",
            "income": 1.01
          },
          {
            "topic": "person died",
            "person": {
              "key": 10613,
              "name": "Sophia Lettele",
              "age": 56,
              "alive": false,
              "sex": "f",
              "parents": "firstgen"
            },
            "cause": "sickness",
            "friendship label": "enemy",
            "label": "parent"
          }
        ],
        "1228": [
          {
            "topic": "new relationship",
            "key": 50441,
            "people": [
              31778,
              16311
            ],
            "people names": [
              "Godeweris Spriet",
              "Hubrecht"
            ],
            "people ages": [
              19,
              27
            ],