{
  "16383": {
    "alive": true,
    "name": "Heillam",
    "surname": "Waldfridusszoon",
    "full name": "Heillam Waldfridusszoon",
    "born this way": {
      "sexuality label": "gay",
      "sexuality": 0.857,
      "romantic interest": 0.772,
      "sex interest": 0.636,
      "gender expression": 0.42,
      "sex": "m"
    },
    "age": 48,
    "birth year": 1201,
    "sex": "m",
    "faction": "No religion",
    "income class": [
      2,
      "middle class"
    ],
    "personality": {
      "lawful-chaotic": 0.774,
      "nice-nasty": 0.723,
      "honest-false": 0.824,
      "dream": 0.46,
      "outgoing": 0.671
    },
    "attitude": {
      "dream": 0.46,
      "outgoing": 0.671
    },
    "homsoc": {
      "means": {
        "independent": true,
        "taken_care_of": false,
        "caretaker": true,
        "needs_care": false,
        "flags": []
      },
      "expression": {
        "sexuality expression": 0.564,
        "gender expression expression": 0.246
      }
    },
    "network": {
      "parents": {
        "mother": "Emgelberna (11144)",
        "father": "Waldfridus (11143)"
      },
      "children": {},
      "relationship keys": {
        "parent": [
          16384,
          16385
        ],
        "sibling": [
          16386,
          22475,
          25601,
          36070
        ]
      }
    },
    "occupation": {
      "has job": true,
      "income class": [
        2,
        "middle class"
      ],
      "income": 1.38,
      "all_incomes": [
        0.961,
        1.055,
        1.017,
        1.126,
        1.2289999999999999,
        1.313,
        1.055,
        1.1749999999999998,
        1.3739999999999999,
        1.1529999999999998,
        1.2469999999999999,
        1.2899999999999998,
        1.2959999999999998,
        1.4829999999999999,
        1.524,
        1.524,
        1.505,
        1.295,
        1.3739999999999999,
        1.524,
        1.524,
        1.524,
        1.524,
        1.363,
        1.524,
        1.524,
        1.4709999999999999,
        1.524,
        1.524,
        1.524,
        1.524,
        1.393,
        1.38
      ],
      "job": {
        "lawful": false,
        "honest": true
      }
    },
    "genetics": {
      "skin_color": 8,
      "eye_color": "blue",
      "hair_color": "dark brown",
      "hair_color_code": 1,
      "hair_type": [
        "S",
        "C"
      ],
      "health": 0.806,
      "fertility": 0.792,
      "communication_impaired": false,
      "mobility_impaired": false,
      "cognitive_impaired": false,
      "disabilities": []
    },
    "memory": {
      "health": {
        "1202": {
          "health": {
            "change": false,
            "value_change": 0.0,
            "new_health": 0.806
          },
          "death": false
        }
      },
      "events": {
        "1201": [
          {
            "topic": "birth",
            "year": 1201
          },
          {
            "topic": "new relationship",
            "key": 16384,
            "people": [
              11143,
              16383
            ],
            "people names": [
              "Waldfridus",
              "Heillam Waldfridusszoon"
            ],
            "people ages": [
              33,
              0
            ],
            "label": "parentchild",
            "committed": false
          },
          {
            "topic": "new relationship",
            "key": 16385,
            "people": [
              11144,
              16383
            ],
            "people names": [
              "Emgelberna Viltkin",
              "Heillam Waldfridusszoon"
            ],
            "people ages": [
              30,
              0
            ],
            "label": "parentchild",
            "committed": false
          },
          {
            "topic": "new relationship",
            "key": 16386,
            "people": [
              14407,
              16383
            ],
            "people names": [
              "Ghisebrecht van Waldfridus",
              "Heillam Waldfridusszoon"
            ],
            "people ages": [
              1,
              0
            ],
            "label": "sibling",
            "committed": false
          }
        ],
        "1204": [
          {
            "topic": "new relationship",
            "key": 22475,
            "people": [
              16383,
              22471
            ],
            "people names": [
              "Heillam Waldfridusszoon",
              "Henric van Waldfridus"
            ],
            "people ages": [
              3,
              0
            ],
            "label": "sibling",
            "committed": false
          }
        ],
        "1206": [
          {
            "topic": "new relationship",
            "key": 25601,
            "people": [
              16383,
              25597
            ],
            "people names": [
              "Heillam Waldfridusszoon",
              "Erkenradis"
            ],
            "people ages": [
              5,
              0
            ],
            "label": "sibling",
            "committed": false
          }
        ],
        "1208": [
          {
            "topic": "event",
            "event": "faction upheaval",
            "faction": "No religion",
            "year": 1208
          },
          {
            "topic": "update",
            "update": "new friendship label",
            "relationship label": "sibling",
            "friendship label": "indifferent",
            "relationship": 25601
          }
        ],
        "1212": [
          {
            "topic": "new relationship",
            "key": 36070,
            "people": [
              16383,
              36066
            ],
            "people names": [
              "Heillam Waldfridusszoon",
              "Oliuerus"
            ],
            "people ages": [
              10,
              0
            ],
            "label": "sibling",
            "committed": false
          }
        ],
        "1213": [
          {
            "topic": "update",
            "update": "new friendship label",
            "relationship label": "sibling",
            "friendship label": "friend",
            "relationship": 36070
          }
        ],
        "1214": [
          {
            "topic": "person died",
            "person": {
              "key": 36066,
              "name": "Oliuerus",
              "age": 2,
              "alive": false,
              "sex": "m",
              "parents": {
                "mother": "Emgelberna (11144)",
                "father": "Waldfridus (11143)"
              }
            },
            "cause": "childhood illness",
            "friendship label": "friend",
            "label": "sibling"
          }
        ],
        "1215": [
          {
            "topic": "event",
            "event": "plague",
            "year": 1215
          }
        ],
        "1217": [
          {
            "topic": "job notice",
            "notice": "found job",
            "income": 0.961
          },
          {
            "topic": "update",
            "update": "new friendship label",
            "relationship label": "sibling",
            "friendship label": "friend",
            "relationship": 16386
          }
        ],
        "1218": [
          {
            "topic": "job notice",
            "notice": "comfortable earnings",
            "income": 1.055
          }
        ],
        "1221": [
          {
            "topic": "person died",
            "person": {
              "key": 11144,
              "name": "Emgelberna Viltkin",
              "age": 50,
              "alive": false,
              "sex": "f",
              "parents": "firstgen"
            },
            "cause": "illness",
            "friendship label": "indifferent",
            "label": "parent"
          }
        ],
        "1223": [
          {
            "topic": "update",