{
  "16566": {
    "alive": true,
    "name": "Jan",
    "surname": "Thuin",
    "full name": "Jan Thuin",
    "born this way": {
      "sexuality label": "straight",
      "sexuality": 0.125,
      "romantic interest": 0.594,
      "sex interest": 0.997,
      "gender expression": 0.08,
      "sex": "m"
    },
    "age": 47,
    "birth year": 1202,
    "sex": "m",
    "faction": "Zealots",
    "income class": [
      3,
      "upper middle class"
    ],
    "personality": {
      "lawful-chaotic": 0.263,
      "nice-nasty": 0.395,
      "honest-false": 0.386,
      "dream": 0.231,
      "outgoing": 0.577
    },
    "attitude": {
      "dream": 0.231,
      "outgoing": 0.577
    },
    "homsoc": {
      "means": {
        "independent": true,
        "taken_care_of": false,
        "caretaker": true,
        "needs_care": false,
        "flags": [
          "starving"
        ]
      },
      "expression": {
        "sexuality expression": 0.107,
        "gender expression expression": 0.021
      }
    },
    "network": {
      "parents": {
        "mother": "Agota (11765)",
        "father": "Wouter (11764)"
      },
      "children": {},
      "relationship keys": {
        "parent": [
          16567
        ],
        "sibling": [
          16568,
          22142,
          26207,
          34946,
          36284,
          38136
        ],
        "unrelated": [
          25072,
          47975,
          61570,
          69310
        ]
      }
    },
    "occupation": {
      "has job": true,
      "income class": [
        3,
        "upper middle class"
      ],
      "income": 1.5490000000000002,
      "all_incomes": [
        1.046,
        0.874,
        0.9600000000000001,
        0.9850000000000001,
        1.123,
        1.489,
        1.5490000000000002,
        1.5490000000000002,
        1.5490000000000002,
        1.349,
        1.391,
        1.43,
        1.4020000000000001,
        1.5490000000000002,
        1.5490000000000002,
        1.5490000000000002,
        1.5490000000000002,
        1.5490000000000002,
        1.5490000000000002,
        1.5490000000000002,
        1.5490000000000002,
        1.5490000000000002,
        1.458,
        1.5490000000000002,
        1.5490000000000002,
        1.5490000000000002,
        1.548,
        1.5490000000000002,
        1.5490000000000002,
        1.5490000000000002
      ],
      "job": {
        "lawful": false,
        "honest": true
      }
    },
    "genetics": {
      "skin_color": 6,
      "eye_color": "blue",
      "hair_color": "brown",
      "hair_color_code": 2,
      "hair_type": [
        "S",
        "S"
      ],
      "health": 0.667,
      "fertility": 0.7,
      "communication_impaired": false,
      "mobility_impaired": false,
      "cognitive_impaired": false,
      "disabilities": []
    },
    "memory": {
      "health": {
        "1203": {
          "health": {
            "change": false,
            "value_change": 0.0,
            "new_health": 0.667
          },
          "death": false
        }
      },
      "events": {
        "1202": [
          {
            "topic": "birth",
            "year": 1202
          },
          {
            "topic": "new relationship",
            "key": 16567,
            "people": [
              11764,
              16566
            ],
            "people names": [
              "Wouter Thuin",
              "Jan Thuin"
            ],
            "people ages": [
              42,
              0
            ],
            "label": "parentchild",
            "committed": false
          },
          {
            "topic": "new relationship",
            "key": 16568,
            "people": [
              15964,
              16566
            ],
            "people names": [
              "Badeloghen Thuin",
              "Jan Thuin"
            ],
            "people ages": [
              0,
              0
            ],
            "label": "sibling",
            "committed": false
          }
        ],
        "1204": [
          {
            "topic": "new relationship",
            "key": 22142,
            "people": [
              16566,
              22139
            ],
            "people names": [
              "Jan Thuin",
              "Gheesen Woutersdochter"
            ],
            "people ages": [
              1,
              0
            ],
            "label": "sibling",
            "committed": false
          }
        ],
        "1205": [
          {
            "topic": "new relationship",
            "key": 25072,
            "people": [
              16566,
              17016
            ],
            "people names": [
              "Jan Thuin",
              "Yda"
            ],
            "people ages": [
              3,
              3
            ],
            "label": "unrelated",
            "committed": false
          },
          {
            "topic": "person died",
            "person": {
              "key": 22139,
              "name": "Gheesen Woutersdochter",
              "age": 1,
              "alive": false,
              "sex": "f",
              "parents": {
                "mother": "Agota (11765)",
                "father": "Wouter (11764)"
              }
            },
            "cause": "childbirth",
            "friendship label": "friend",
            "label": "sibling"
          }
        ],
        "1206": [
          {
            "topic": "new relationship",
            "key": 26207,
            "people": [
              16566,
              26204
            ],
            "people names": [
              "Jan Thuin",
              "Marisseis Thuin"
            ],
            "people ages": [
              3,
              0
            ],
            "label": "sibling",
            "committed": false
          },
          {
            "topic": "update",
            "update": "new friendship label",
            "relationship label": "unrelated",
            "friendship label": "friend",
            "relationship": 25072
          }
        ],
        "1211": [
          {
            "topic": "new relationship",
            "key": 34946,
            "people": [
              16566,
              34943
            ],
            "people names": [
              "Jan Thuin",
              "Samuel van Wouter"
            ],
            "people ages": [
              9,
              0
            ],
            "label": "sibling",
            "committed": false
          },
          {
            "topic": "update",
            "update": "new friendship label",
            "relationship label": "sibling",
            "friendship label": "indifferent",
            "relationship": 26207
          }
        ],
        "1212": [
          {
            "topic": "new relationship",
            "key": 36284,
            "people": [
              16566,
              36281
            ],
            "people names": [
              "Jan Thuin",
              "Heile Thuin"
            ],
            "people ages": [
              10,
              0
            ],
            "label": "sibling",
            "committed": false
          }
        ],
        "1213": [
          {
            "topic": "update",
            "update": "new friendship label",
            "relationship label": "unrelated",
            "friendship label": "good friend",
            "relationship": 25072
          },
          {
            "topic": "new relationship",
            "key": 38136,
            "people": [
              16566,
              38133
            ],
            "people names": [
              "Jan Thuin",
              "Ghoudekinen Thuin"
            ],
            "people ages": [
              11,
              0
            ],
            "label": "sibling",
            "committed": false
          }
        ],
        "1214": [
          {
            "topic": "update",
            "update": "new friendship label",