{
  "16573": {
    "alive": false,
    "name": "Emgelberna",
    "surname": "Slabbart",
    "full name": "Emgelberna Slabbart",
    "born this way": {
      "sexuality label": "bi",
      "sexuality": 0.501,
      "romantic interest": 0.605,
      "sex interest": 0.643,
      "gender expression": 0.0,
      "sex": "f"
    },
    "age": 36,
    "birth year": 1202,
    "sex": "f",
    "faction": "No religion",
    "income class": [
      4,
      "nobility"
    ],
    "personality": {
      "lawful-chaotic": 0.0,
      "nice-nasty": 0.718,
      "honest-false": 0.274,
      "dream": 0.576,
      "outgoing": 0.209
    },
    "attitude": {
      "dream": 0.576,
      "outgoing": 0.209
    },
    "homsoc": {
      "means": {
        "independent": true,
        "taken_care_of": false,
        "caretaker": true,
        "needs_care": false,
        "flags": []
      },
      "expression": {
        "sexuality expression": 0.319,
        "gender expression expression": -0.001
      }
    },
    "network": {
      "parents": {
        "mother": "Hodine (12416)",
        "father": "Soi (12415)"
      },
      "children": {},
      "relationship keys": {
        "parent": [
          16574,
          16575
        ],
        "sibling": [
          18848,
          22436,
          22892,
          26824,
          30151,
          33917,
          35345,
          36769,
          39829
        ],
        "unrelated": [
          41947
        ]
      }
    },
    "occupation": {
      "has job": true,
      "income class": [
        4,
        "nobility"
      ],
      "income": 1.552,
      "all_incomes": [
        1.02,
        1.302,
        1.36,
        1.4220000000000002,
        1.5630000000000002,
        1.5990000000000002,
        1.536,
        1.534,
        1.5990000000000002,
        1.5990000000000002,
        1.5990000000000002,
        1.5990000000000002,
        1.5990000000000002,
        1.5990000000000002,
        1.5990000000000002,
        1.5990000000000002,
        1.5990000000000002,
        1.5990000000000002,
        1.5990000000000002,
        1.5990000000000002,
        1.552
      ],
      "job": {
        "lawful": false,
        "honest": true
      }
    },
    "genetics": {
      "skin_color": 5,
      "eye_color": "blue",
      "hair_color": "black",
      "hair_color_code": 0,
      "hair_type": [
        "C",
        "S"
      ],
      "health": 0.735,
      "fertility": 0.74,
      "communication_impaired": false,
      "mobility_impaired": false,
      "cognitive_impaired": false,
      "disabilities": []
    },
    "memory": {
      "health": {
        "1203": {
          "health": {
            "change": false,
            "value_change": 0.0,
            "new_health": 0.735
          },
          "death": false
        },
        "1238": {
          "health": {
            "change": false,
            "value_change": 0.0,
            "new_health": 0.735
          },
          "death": true
        }
      },
      "events": {
        "1202": [
          {
            "topic": "birth",
            "year": 1202
          },
          {
            "topic": "new relationship",
            "key": 16574,
            "people": [
              12415,
              16573
            ],
            "people names": [
              "Soi Slabbart",
              "Emgelberna Slabbart"
            ],
            "people ages": [
              28,
              0
            ],
            "label": "parentchild",
            "committed": false
          },
          {
            "topic": "new relationship",
            "key": 16575,
            "people": [
              12416,
              16573
            ],
            "people names": [
              "Hodine",
              "Emgelberna Slabbart"
            ],
            "people ages": [
              18,
              0
            ],
            "label": "parentchild",
            "committed": false
          }
        ],
        "1203": [
          {
            "topic": "new relationship",
            "key": 18848,
            "people": [
              16573,
              18845
            ],
            "people names": [
              "Emgelberna Slabbart",
              "Flore Slabbart"
            ],
            "people ages": [
              0,
              0
            ],
            "label": "sibling",
            "committed": false
          },
          {
            "topic": "update",
            "update": "new friendship label",
            "relationship label": "parentchild",
            "friendship label": "friend",
            "relationship": 16575
          }
        ],
        "1204": [
          {
            "topic": "update",
            "update": "new friendship label",
            "relationship label": "parentchild",
            "friendship label": "friend",
            "relationship": 16575
          },
          {
            "topic": "new relationship",
            "key": 22436,
            "people": [
              16573,
              22433
            ],
            "people names": [
              "Emgelberna Slabbart",
              "Agota Slabbart"
            ],
            "people ages": [
              2,
              0
            ],
            "label": "sibling",
            "committed": false
          }
        ],
        "1205": [
          {
            "topic": "new relationship",
            "key": 22892,
            "people": [
              16573,
              22889
            ],
            "people names": [
              "Emgelberna Slabbart",
              "Frethericus Slabbart"
            ],
            "people ages": [
              2,
              0
            ],
            "label": "sibling",
            "committed": false
          }
        ],
        "1206": [
          {
            "topic": "new relationship",
            "key": 26824,
            "people": [
              16573,
              26821
            ],
            "people names": [
              "Emgelberna Slabbart",
              "Gisekin Slabbart"
            ],
            "people ages": [
              4,
              0
            ],
            "label": "sibling",
            "committed": false
          }
        ],
        "1208": [
          {
            "topic": "event",
            "event": "faction upheaval",
            "faction": "No religion",
            "year": 1208
          },
          {
            "topic": "new relationship",
            "key": 30151,
            "people": [
              16573,
              30148
            ],
            "people names": [
              "Emgelberna Slabbart",
              "Hersewindis Slabbart"
            ],
            "people ages": [
              6,
              0
            ],
            "label": "sibling",
            "committed": false
          }
        ],
        "1210": [
          {
            "topic": "update",
            "update": "new friendship label",
            "relationship label": "parentchild",
            "friendship label": "indifferent",
            "relationship": 16574
          },
          {
            "topic": "new relationship",
            "key": 33917,
            "people": [
              16573,
              33914
            ],
            "people names": [
              "Emgelberna Slabbart",
              "Wolbrand Slabbart"
            ],
            "people ages": [
              8,
              0
            ],
            "label": "sibling",
            "committed": false
          }
        ],
        "1211": [
          {
            "topic": "new relationship",
            "key": 35345,
            "people": [
              16573,
              35342
            ],
            "people names": [
              "Emgelberna Slabbart",
              "Euffemia Slabbart"
            ],
            "people ages": [
              8,
              0
            ],
            "label": "sibling",