{
  "16590": {
    "alive": false,
    "name": "Geldmaro",
    "surname": "",
    "full name": "Geldmaro",
    "born this way": {
      "sexuality label": "straight",
      "sexuality": 0.106,
      "romantic interest": 0.447,
      "sex interest": 0.563,
      "gender expression": 0.06,
      "sex": "m"
    },
    "age": 41,
    "birth year": 1204,
    "sex": "m",
    "faction": "No religion",
    "income class": [
      4,
      "nobility"
    ],
    "personality": {
      "lawful-chaotic": 0.588,
      "nice-nasty": 0.437,
      "honest-false": 0.178
    },
    "attitude": {
      "outgoing": 0.23,
      "dream": 0.479
    },
    "homsoc": {
      "means": {
        "independent": true,
        "taken_care_of": false,
        "caretaker": true,
        "needs_care": false,
        "flags": [
          "starving"
        ]
      },
      "expression": {
        "sexuality expression": 0.072,
        "gender expression expression": 0.054
      }
    },
    "network": {
      "parents": {
        "mother": "Hille (11663)",
        "father": "Ulrici (11662)"
      },
      "children": {},
      "relationship keys": {
        "parent": [
          16591,
          16592
        ],
        "sibling": [
          16593,
          17296
        ]
      }
    },
    "occupation": {
      "has job": true,
      "income class": [
        4,
        "nobility"
      ],
      "income": 1.5990000000000002,
      "all_incomes": [
        1.241,
        1.5530000000000002,
        1.5990000000000002,
        1.5,
        1.5990000000000002,
        1.5970000000000002,
        1.5990000000000002,
        1.5950000000000002,
        0.76,
        0.7909999999999999,
        1.103,
        1.243,
        1.103,
        1.5990000000000002,
        1.5990000000000002,
        1.5990000000000002,
        1.5990000000000002,
        1.421,
        1.576,
        1.5990000000000002,
        1.4420000000000002,
        1.5990000000000002,
        1.5990000000000002,
        1.5990000000000002
      ],
      "job": {
        "lawful": false,
        "honest": false
      }
    },
    "genetics": {
      "skin_color": 1,
      "eye_color": "green",
      "hair_color": "black",
      "hair_color_code": 0,
      "hair_type": [
        "S",
        "S"
      ],
      "health": 0.652,
      "fertility": 0.811,
      "communication_impaired": false,
      "mobility_impaired": false,
      "cognitive_impaired": false,
      "disabilities": []
    },
    "memory": {
      "health": {
        "1205": {
          "health": {
            "change": false,
            "value_change": 0.0,
            "new_health": 0.802
          },
          "death": false
        },
        "1232": {
          "health": {
            "change": true,
            "value_change": -0.15,
            "new_health": 0.652
          },
          "death": false
        },
        "1233": {
          "health": {
            "change": false,
            "value_change": 0.0,
            "new_health": 0.652
          },
          "death": false
        },
        "1245": {
          "health": {
            "change": false,
            "value_change": 0.0,
            "new_health": 0.652
          },
          "death": true
        }
      },
      "events": {
        "1204": [
          {
            "topic": "new home",
            "home": {
              "income class": 4,
              "income class label": "nobility",
              "section": "stLievevrouwe kerch.se3.c4",
              "street": "Lievevrouwe kerch",
              "neighborhood": "olvbuurt",
              "unique id": 586
            }
          }
        ],
        "1205": [
          {
            "topic": "new relationship",
            "key": 17296,
            "people": [
              16590,
              17292
            ],
            "people names": [
              "Geldmaro",
              "Hylonus van Ulrici"
            ],
            "people ages": [
              1,
              0
            ],
            "label": "sibling",
            "committed": false
          }
        ],
        "1208": [
          {
            "topic": "update",
            "update": "new friendship label",
            "relationship label": "parentchild",
            "friendship label": "disliked",
            "relationship": 16591
          }
        ],
        "1210": [
          {
            "topic": "update",
            "update": "new friendship label",
            "relationship label": "parentchild",
            "friendship label": "disliked",
            "relationship": 16592
          }
        ],
        "1212": [
          {
            "topic": "update",
            "update": "new friendship label",
            "relationship label": "parentchild",
            "friendship label": "indifferent",
            "relationship": 16591
          },
          {
            "topic": "update",
            "update": "new friendship label",
            "relationship label": "sibling",
            "friendship label": "indifferent",
            "relationship": 17296
          },
          {
            "topic": "update",
            "update": "new friendship label",
            "relationship label": "sibling",
            "friendship label": "disliked",
            "relationship": 16593
          }
        ],
        "1214": [
          {
            "topic": "update",
            "update": "new friendship label",
            "relationship label": "parentchild",
            "friendship label": "indifferent",
            "relationship": 16591
          }
        ],
        "1215": [
          {
            "topic": "event",
            "event": "plague",
            "year": 1215
          },
          {
            "topic": "person died",
            "person": {
              "key": 11663,
              "name": "Hille",
              "age": 45,
              "alive": false,
              "sex": "f",
              "parents": "firstgen"
            },
            "cause": "illness",
            "label": "parent"
          }
        ],
        "1216": [
          {
            "topic": "person died",
            "person": {
              "key": 11662,
              "name": "Ulrici Svancken",
              "age": 54,
              "alive": false,
              "sex": "m",
              "parents": "firstgen"
            },
            "cause": "sickness",
            "label": "parent"
          }
        ],
        "1217": [
          {
            "topic": "not enough income",
            "income": 0,
            "inhabitants": []
          }
        ],
        "1218": [
          {
            "topic": "not enough income",
            "income": 0,
            "inhabitants": []
          }
        ],
        "1219": [
          {
            "topic": "not enough income",
            "income": 0,
            "inhabitants": []
          }
        ],
        "1220": [
          {
            "topic": "update",
            "update": "new friendship label",
            "relationship label": "sibling",
            "friendship label": "enemy",
            "relationship": 16593
          },
          {
            "topic": "not enough income",
            "income": 0,
            "inhabitants": []
          }
        ],
        "1221": [
          {
            "topic": "not enough income",
            "income": 0,
            "inhabitants": []
          }
        ],
        "1222": [
          {
            "topic": "job notice",
            "notice": "found job",
            "income": 1.241
          },
          {
            "topic": "not enough income",
            "income": 0,
            "inhabitants": []
          }
        ],
        "1232": [
          {
            "topic": "event",
            "event": "war",
            "year": 1232
          },
          {
            "topic": "job notice",
            "notice": "comfortable earnings",
            "income": 1.103
          }
        ],
        "1245": [
          {
            "topic": "death",