{
  "16636": {
    "alive": true,
    "name": "Ioris",
    "surname": "Euer",
    "full name": "Ioris Euer",
    "born this way": {
      "sexuality label": "straight",
      "sexuality": 0.083,
      "romantic interest": 0.622,
      "sex interest": 0.744,
      "gender expression": 0.046,
      "sex": "m"
    },
    "age": 47,
    "birth year": 1202,
    "sex": "m",
    "faction": "No religion",
    "income class": [
      4,
      "nobility"
    ],
    "personality": {
      "lawful-chaotic": 0.464,
      "nice-nasty": 0.795,
      "honest-false": 0.365,
      "dream": 0.681,
      "outgoing": 0.366
    },
    "attitude": {
      "dream": 0.681,
      "outgoing": 0.366
    },
    "homsoc": {
      "means": {
        "independent": true,
        "taken_care_of": false,
        "caretaker": true,
        "needs_care": false,
        "flags": []
      },
      "expression": {
        "sexuality expression": 0.056,
        "gender expression expression": 0.004
      }
    },
    "network": {
      "parents": {
        "mother": "Aghata (12425)",
        "father": "Huwardo (12424)"
      },
      "children": {},
      "relationship keys": {
        "parent": [
          16637,
          16638
        ],
        "sibling": [
          16639,
          19497,
          25712,
          29797,
          31424,
          34169
        ],
        "unrelated": [
          29137,
          43234,
          64528,
          66916,
          68112
        ]
      }
    },
    "occupation": {
      "has job": true,
      "income class": [
        4,
        "nobility"
      ],
      "income": 1.5990000000000002,
      "all_incomes": [
        1.065,
        1.2850000000000001,
        1.381,
        1.5990000000000002,
        1.5990000000000002,
        1.5990000000000002,
        1.5990000000000002,
        1.564,
        1.5990000000000002,
        1.5990000000000002,
        1.5990000000000002,
        1.5470000000000002,
        1.5370000000000001,
        1.371,
        1.4440000000000002,
        1.5990000000000002,
        1.5990000000000002,
        1.5990000000000002,
        1.381,
        1.5990000000000002,
        1.5990000000000002,
        1.5930000000000002,
        1.5990000000000002,
        1.5990000000000002,
        1.5990000000000002,
        1.5990000000000002,
        1.5990000000000002,
        1.564,
        1.5990000000000002,
        1.5990000000000002,
        1.5990000000000002,
        1.5990000000000002
      ],
      "job": {
        "lawful": true,
        "honest": false
      }
    },
    "genetics": {
      "skin_color": 5,
      "eye_color": "blue",
      "hair_color": "black",
      "hair_color_code": 0,
      "hair_type": [
        "C",
        "C"
      ],
      "health": 0.634,
      "fertility": 0.586,
      "communication_impaired": false,
      "mobility_impaired": false,
      "cognitive_impaired": false,
      "disabilities": []
    },
    "memory": {
      "health": {
        "1203": {
          "health": {
            "change": false,
            "value_change": 0.0,
            "new_health": 0.634
          },
          "death": false
        }
      },
      "events": {
        "1202": [
          {
            "topic": "birth",
            "year": 1202
          },
          {
            "topic": "new relationship",
            "key": 16637,
            "people": [
              12424,
              16636
            ],
            "people names": [
              "Huwardo Euer",
              "Ioris Euer"
            ],
            "people ages": [
              30,
              0
            ],
            "label": "parentchild",
            "committed": false
          },
          {
            "topic": "new relationship",
            "key": 16638,
            "people": [
              12425,
              16636
            ],
            "people names": [
              "Aghata Visc",
              "Ioris Euer"
            ],
            "people ages": [
              25,
              0
            ],
            "label": "parentchild",
            "committed": false
          },
          {
            "topic": "new relationship",
            "key": 16639,
            "people": [
              16403,
              16636
            ],
            "people names": [
              "Imma Euer",
              "Ioris Euer"
            ],
            "people ages": [
              0,
              0
            ],
            "label": "sibling",
            "committed": false
          }
        ],
        "1203": [
          {
            "topic": "new relationship",
            "key": 19497,
            "people": [
              16636,
              19494
            ],
            "people names": [
              "Ioris Euer",
              "Poppo Euer"
            ],
            "people ages": [
              0,
              0
            ],
            "label": "sibling",
            "committed": false
          }
        ],
        "1205": [
          {
            "topic": "update",
            "update": "new friendship label",
            "relationship label": "parentchild",
            "friendship label": "indifferent",
            "relationship": 16638
          }
        ],
        "1206": [
          {
            "topic": "new relationship",
            "key": 25712,
            "people": [
              16636,
              25709
            ],
            "people names": [
              "Ioris Euer",
              "Margareta Euer"
            ],
            "people ages": [
              3,
              0
            ],
            "label": "sibling",
            "committed": false
          }
        ],
        "1207": [
          {
            "topic": "new relationship",
            "key": 29137,
            "people": [
              16636,
              17998
            ],
            "people names": [
              "Ioris Euer",
              "Gheesen"
            ],
            "people ages": [
              5,
              5
            ],
            "label": "unrelated",
            "committed": false
          }
        ],
        "1208": [
          {
            "topic": "new relationship",
            "key": 29797,
            "people": [
              16636,
              29794
            ],
            "people names": [
              "Ioris Euer",
              "Moerseil Euer"
            ],
            "people ages": [
              6,
              0
            ],
            "label": "sibling",
            "committed": false
          }
        ],
        "1209": [
          {
            "topic": "new relationship",
            "key": 31424,
            "people": [
              16636,
              31421
            ],
            "people names": [
              "Ioris Euer",
              "Alem Euer"
            ],
            "people ages": [
              7,
              0
            ],
            "label": "sibling",
            "committed": false
          },
          {
            "topic": "person died",
            "person": {
              "key": 29794,
              "name": "Moerseil Euer",
              "age": 1,
              "alive": false,
              "sex": "f",
              "parents": {
                "mother": "Aghata (12425)",
                "father": "Huwardo (12424)"
              }
            },
            "cause": "childbirth",
            "friendship label": "friend",
            "label": "sibling"
          }
        ],
        "1211": [
          {
            "topic": "new relationship",
            "key": 34169,
            "people": [
              16636,
              34166
            ],
            "people names": [
              "Ioris Euer",
              "Heyman Euer"
            ],
            "people ages": [
              8,
              0
            ],
            "label": "sibling",
            "committed": false
          }
        ],
        "1212": [
          {
            "topic": "person died",