{
  "16855": {
    "alive": true,
    "name": "Lotijn",
    "surname": "Viltkin",
    "full name": "Lotijn Viltkin",
    "born this way": {
      "sexuality label": "straight",
      "sexuality": 0.132,
      "romantic interest": 0.564,
      "sex interest": 0.849,
      "gender expression": 0.05,
      "sex": "m"
    },
    "age": 47,
    "birth year": 1202,
    "sex": "m",
    "faction": "No religion",
    "income class": [
      3,
      "upper middle class"
    ],
    "personality": {
      "lawful-chaotic": 0.677,
      "nice-nasty": 0.0,
      "honest-false": 0.65,
      "dream": 0.668,
      "outgoing": 0.562
    },
    "attitude": {
      "dream": 0.668,
      "outgoing": 0.562
    },
    "homsoc": {
      "means": {
        "independent": true,
        "taken_care_of": false,
        "caretaker": true,
        "needs_care": false,
        "flags": [
          "neglected"
        ]
      },
      "expression": {
        "sexuality expression": 0.066,
        "gender expression expression": 0.009
      }
    },
    "network": {
      "parents": {
        "mother": {
          "key": 12596,
          "name": "Mabelie",
          "age": 51,
          "alive": false,
          "sex": "f",
          "parents": "firstgen"
        },
        "father": {
          "key": 12595,
          "name": "Boidin Viltkin",
          "age": 46,
          "alive": false,
          "sex": "m",
          "parents": "firstgen"
        }
      },
      "children": {},
      "relationship keys": {
        "parent": [
          16856,
          16857
        ],
        "sibling": [
          16858,
          16859,
          28574
        ],
        "unrelated": [
          54428
        ]
      }
    },
    "occupation": {
      "has job": true,
      "income class": [
        3,
        "upper middle class"
      ],
      "income": 1.209,
      "all_incomes": [
        0.997,
        1.067,
        1.135,
        1.1280000000000001,
        1.177,
        1.405,
        1.5490000000000002,
        1.5490000000000002,
        1.483,
        1.5490000000000002,
        1.5290000000000001,
        1.375,
        1.5270000000000001,
        1.5490000000000002,
        1.5490000000000002,
        1.471,
        1.3980000000000001,
        1.252,
        1.247,
        1.095,
        1.171,
        1.323,
        1.481,
        1.5490000000000002,
        1.5070000000000001,
        1.5490000000000002,
        1.2690000000000001,
        1.209
      ],
      "job": {
        "lawful": false,
        "honest": true
      }
    },
    "genetics": {
      "skin_color": 2,
      "eye_color": "green",
      "hair_color": "blonde",
      "hair_color_code": 4,
      "hair_length": "long",
      "beauty": 0.79,
      "hair_type": [
        "C",
        "C"
      ],
      "health": 0.853,
      "fertility": 0.826,
      "communication_impaired": false,
      "mobility_impaired": false,
      "cognitive_impaired": false,
      "disabilities": []
    },
    "memory": {
      "health": {
        "1203": {
          "health": {
            "change": false,
            "value_change": 0.0,
            "new_health": 0.853
          },
          "death": false
        }
      },
      "homsoc": {
        "1203": {
          "independent": false,
          "needs_care": true,
          "taken_care_of": true,
          "caretaker": true
        },
        "1204": {
          "independent": false,
          "needs_care": true,
          "taken_care_of": false,
          "caretaker": true
        },
        "1218": {
          "independent": false,
          "needs_care": false,
          "taken_care_of": false,
          "caretaker": true
        },
        "1223": {
          "independent": true,
          "needs_care": false,
          "taken_care_of": false,
          "caretaker": true
        }
      },
      "ocupation": {
        "1203": {
          "has job": false,
          "income": 0
        },
        "1204": {
          "has job": false,
          "income": 0
        },
        "1205": {
          "has job": false,
          "income": 0
        },
        "1206": {
          "has job": false,
          "income": 0
        },
        "1207": {
          "has job": false,
          "income": 0
        },
        "1208": {
          "has job": false,
          "income": 0
        },
        "1209": {
          "has job": false,
          "income": 0
        },
        "1210": {
          "has job": false,
          "income": 0
        },
        "1211": {
          "has job": false,
          "income": 0
        },
        "1212": {
          "has job": false,
          "income": 0
        },
        "1213": {
          "has job": false,
          "income": 0
        },
        "1214": {
          "has job": false,
          "income": 0
        },
        "1215": {
          "has job": false,
          "income": 0
        },
        "1216": {
          "has job": false,
          "income": 0
        },
        "1217": {
          "has job": false,
          "income": 0
        },
        "1218": {
          "has job": false,
          "income": 0
        },
        "1219": {
          "has job": false,
          "income": 0
        },
        "1220": {
          "has job": false,
          "income": 0
        },
        "1221": {
          "has job": false,
          "income": 0
        },
        "1222": {
          "has job": false,
          "income": 0
        },
        "1223": {
          "has job": true,
          "income": 1.067
        },
        "1224": {
          "has job": true,
          "income": 1.135
        },
        "1225": {
          "has job": true,
          "income": 1.1280000000000001
        },
        "1226": {
          "has job": true,
          "income": 1.177
        },
        "1227": {
          "has job": true,
          "income": 1.405
        },
        "1228": {
          "has job": true,
          "income": 1.5490000000000002
        },
        "1229": {
          "has job": true,
          "income": 1.5490000000000002
        },
        "1230": {
          "has job": true,
          "income": 1.483
        },
        "1231": {
          "has job": true,
          "income": 1.5490000000000002
        },
        "1232": {
          "has job": true,
          "income": 1.5290000000000001
        },
        "1233": {
          "has job": true,
          "income": 1.375
        },
        "1234": {
          "has job": true,
          "income": 1.5270000000000001
        },
        "1235": {
          "has job": true,
          "income": 1.5490000000000002
        },
        "1236": {
          "has job": true,
          "income": 1.5490000000000002
        },
        "1237": {
          "has job": true,
          "income": 1.471
        },
        "1238": {
          "has job": true,
          "income": 1.3980000000000001
        },
        "1239": {
          "has job": true,
          "income": 1.252
        },
        "1240": {
          "has job": true,
          "income": 1.247
        },
        "1241": {
          "has job": true,
          "income": 1.095
        },
        "1242": {
          "has job": true,
          "income": 1.171
        },
        "1243": {
          "has job": true,
          "income": 1.323
        },
        "1244": {
          "has job": true,
          "income": 1.481
        },
        "1245": {
          "has job": true,
          "income": 1.5490000000000002
        },
        "1246": {
          "has job": true,
          "income": 1.5070000000000001
        },
        "1247": {
          "has job": true,
          "income": 1.5490000000000002
        },
        "1248": {
          "has job": true,
          "income": 1.2690000000000001
        },
        "1249": {
          "has job": true,
          "income": 1.209
        }
      },
      "events": {
        "1202": [
          {
            "topic": "birth",
            "year": 1202
          },
          {
            "topic": "new relationship",