{
  "16902": {
    "alive": true,
    "name": "Gosuinus",
    "surname": "Duker",
    "full name": "Gosuinus Duker",
    "born this way": {
      "sexuality label": "straight",
      "sexuality": 0.082,
      "romantic interest": 0.559,
      "sex interest": 0.55,
      "gender expression": 0.0,
      "sex": "m"
    },
    "age": 47,
    "birth year": 1202,
    "sex": "m",
    "faction": "Dogmatists",
    "income class": [
      2,
      "middle class"
    ],
    "personality": {
      "lawful-chaotic": 0.434,
      "nice-nasty": 0.614,
      "honest-false": 0.999,
      "dream": 0.476,
      "outgoing": 0.625
    },
    "attitude": {
      "dream": 0.476,
      "outgoing": 0.625
    },
    "homsoc": {
      "means": {
        "independent": true,
        "taken_care_of": false,
        "caretaker": true,
        "needs_care": false,
        "flags": [
          "starving"
        ]
      },
      "expression": {
        "sexuality expression": 0.052,
        "gender expression expression": -0.001
      }
    },
    "network": {
      "parents": {
        "mother": "Gertrudis (12587)",
        "father": "Herbert (12586)"
      },
      "children": {},
      "relationship keys": {
        "parent": [
          16903,
          16904
        ],
        "sibling": [
          16905,
          16906,
          20170,
          21870,
          24862,
          26014
        ],
        "unrelated": [
          44729
        ],
        "nibling": [
          46390
        ],
        "spouse": [
          73205
        ]
      }
    },
    "occupation": {
      "has job": true,
      "income class": [
        2,
        "middle class"
      ],
      "income": 1.381,
      "all_incomes": [
        0.838,
        0.995,
        0.768,
        0.8280000000000001,
        0.748,
        0.738,
        0.9540000000000001,
        1.008,
        1.0779999999999998,
        1.378,
        1.3259999999999998,
        1.1059999999999999,
        0.9530000000000001,
        0.768,
        0.647,
        0.737,
        0.6920000000000001,
        0.5840000000000001,
        0.604,
        0.598,
        0.619,
        0.591,
        0.764,
        0.622,
        0.85,
        1.025,
        1.043,
        1.043,
        1.0479999999999998,
        1.2249999999999999,
        1.1649999999999998,
        1.381
      ],
      "job": {
        "lawful": false,
        "honest": true
      }
    },
    "genetics": {
      "skin_color": 3,
      "eye_color": "brown",
      "hair_color": "blonde",
      "hair_color_code": 4,
      "hair_type": [
        "C",
        "S"
      ],
      "health": 0.713,
      "fertility": 0.625,
      "communication_impaired": false,
      "mobility_impaired": false,
      "cognitive_impaired": false,
      "disabilities": []
    },
    "memory": {
      "health": {
        "1203": {
          "health": {
            "change": false,
            "value_change": 0.0,
            "new_health": 0.713
          },
          "death": false
        }
      },
      "events": {
        "1202": [
          {
            "topic": "birth",
            "year": 1202
          },
          {
            "topic": "new relationship",
            "key": 16903,
            "people": [
              12586,
              16902
            ],
            "people names": [
              "Herbert Duker",
              "Gosuinus Duker"
            ],
            "people ages": [
              23,
              0
            ],
            "label": "parentchild",
            "committed": false
          },
          {
            "topic": "new relationship",
            "key": 16904,
            "people": [
              12587,
              16902
            ],
            "people names": [
              "Gertrudis Curthals",
              "Gosuinus Duker"
            ],
            "people ages": [
              18,
              0
            ],
            "label": "parentchild",
            "committed": false
          },
          {
            "topic": "new relationship",
            "key": 16905,
            "people": [
              12856,
              16902
            ],
            "people names": [
              "Volcwiif Duker",
              "Gosuinus Duker"
            ],
            "people ages": [
              1,
              0
            ],
            "label": "sibling",
            "committed": false
          },
          {
            "topic": "new relationship",
            "key": 16906,
            "people": [
              15790,
              16902
            ],
            "people names": [
              "Suaneka Duker",
              "Gosuinus Duker"
            ],
            "people ages": [
              0,
              0
            ],
            "label": "sibling",
            "committed": false
          }
        ],
        "1203": [
          {
            "topic": "new relationship",
            "key": 20170,
            "people": [
              16902,
              20165
            ],
            "people names": [
              "Gosuinus Duker",
              "Bobone Duker"
            ],
            "people ages": [
              1,
              0
            ],
            "label": "sibling",
            "committed": false
          }
        ],
        "1204": [
          {
            "topic": "update",
            "update": "new friendship label",
            "relationship label": "sibling",
            "friendship label": "disliked",
            "relationship": 20170
          },
          {
            "topic": "new relationship",
            "key": 21870,
            "people": [
              16902,
              21865
            ],
            "people names": [
              "Gosuinus Duker",
              "Dammas Duker"
            ],
            "people ages": [
              1,
              0
            ],
            "label": "sibling",
            "committed": false
          }
        ],
        "1205": [
          {
            "topic": "new relationship",
            "key": 24862,
            "people": [
              16902,
              24857
            ],
            "people names": [
              "Gosuinus Duker",
              "Salome Duker"
            ],
            "people ages": [
              3,
              0
            ],
            "label": "sibling",
            "committed": false
          }
        ],
        "1206": [
          {
            "topic": "new relationship",
            "key": 26014,
            "people": [
              16902,
              26009
            ],
            "people names": [
              "Gosuinus Duker",
              "Margareta Duker"
            ],
            "people ages": [
              4,
              0
            ],
            "label": "sibling",
            "committed": false
          },
          {
            "topic": "person died",
            "person": {
              "key": 12587,
              "name": "Gertrudis Curthals",
              "age": 23,
              "alive": false,
              "sex": "f",
              "parents": "firstgen"
            },
            "cause": "childbirth",
            "friendship label": "indifferent",
            "label": "parent"
          }
        ],
        "1207": [
          {
            "topic": "update",
            "update": "new friendship label",
            "relationship label": "sibling",
            "friendship label": "indifferent",
            "relationship": 24862
          },
          {
            "topic": "person died",
            "person": {
              "key": 24857,
              "name": "Salome Duker",
              "age": 2,
              "alive": false,
              "sex": "f",
              "parents": {
                "mother": "Gertrudis (12587)",
                "father": "Herbert (12586)"
              }
            },
            "cause": "childhood illness",
            "friendship label": "indifferent",