{
  "16964": {
    "alive": true,
    "name": "Gabriel",
    "surname": "Tay",
    "full name": "Gabriel Tay",
    "born this way": {
      "sexuality label": "straight",
      "sexuality": 0.059,
      "romantic interest": 0.569,
      "sex interest": 0.68,
      "gender expression": 0.117,
      "sex": "m"
    },
    "age": 47,
    "birth year": 1202,
    "sex": "m",
    "faction": "Zealots",
    "income class": [
      2,
      "middle class"
    ],
    "personality": {
      "lawful-chaotic": 0.522,
      "nice-nasty": 0.423,
      "honest-false": 0.548,
      "dream": 0.812,
      "outgoing": 0.8
    },
    "attitude": {
      "dream": 0.812,
      "outgoing": 0.8
    },
    "homsoc": {
      "means": {
        "independent": true,
        "taken_care_of": false,
        "caretaker": true,
        "needs_care": false,
        "flags": []
      },
      "expression": {
        "sexuality expression": 0.036,
        "gender expression expression": 0.116
      }
    },
    "network": {
      "parents": {
        "mother": "Nannen (12107)",
        "father": "Seukinus (12106)"
      },
      "children": {},
      "relationship keys": {
        "parent": [
          16965,
          16966
        ],
        "sibling": [
          16967,
          18862,
          26719,
          40446
        ],
        "unrelated": [
          44205,
          74145
        ]
      }
    },
    "occupation": {
      "has job": true,
      "income class": [
        2,
        "middle class"
      ],
      "income": 1.3239999999999998,
      "all_incomes": [
        0.939,
        0.986,
        0.983,
        1.0379999999999998,
        1.006,
        1.027,
        0.927,
        1.021,
        1.0,
        1.0299999999999998,
        1.035,
        1.097,
        1.15,
        1.186,
        1.2209999999999999,
        1.2109999999999999,
        1.232,
        1.259,
        1.198,
        1.2209999999999999,
        1.228,
        1.196,
        1.1909999999999998,
        1.266,
        1.1849999999999998,
        1.202,
        1.188,
        1.2229999999999999,
        1.1809999999999998,
        1.2429999999999999,
        1.3239999999999998
      ],
      "job": {
        "lawful": true,
        "honest": true
      }
    },
    "genetics": {
      "skin_color": 1,
      "eye_color": "brown",
      "hair_color": "dark brown",
      "hair_color_code": 1,
      "hair_type": [
        "S",
        "S"
      ],
      "health": 0.763,
      "fertility": 0.723,
      "communication_impaired": false,
      "mobility_impaired": false,
      "cognitive_impaired": false,
      "disabilities": []
    },
    "memory": {
      "health": {
        "1203": {
          "health": {
            "change": false,
            "value_change": 0.0,
            "new_health": 0.763
          },
          "death": false
        }
      },
      "events": {
        "1202": [
          {
            "topic": "birth",
            "year": 1202
          },
          {
            "topic": "new relationship",
            "key": 16965,
            "people": [
              12106,
              16964
            ],
            "people names": [
              "Seukinus Tay",
              "Gabriel Tay"
            ],
            "people ages": [
              37,
              0
            ],
            "label": "parentchild",
            "committed": false
          },
          {
            "topic": "new relationship",
            "key": 16966,
            "people": [
              12107,
              16964
            ],
            "people names": [
              "Nannen Heldecop",
              "Gabriel Tay"
            ],
            "people ages": [
              36,
              0
            ],
            "label": "parentchild",
            "committed": false
          },
          {
            "topic": "new relationship",
            "key": 16967,
            "people": [
              13021,
              16964
            ],
            "people names": [
              "Wijfgode van Seukinus",
              "Gabriel Tay"
            ],
            "people ages": [
              1,
              0
            ],
            "label": "sibling",
            "committed": false
          }
        ],
        "1203": [
          {
            "topic": "new relationship",
            "key": 18862,
            "people": [
              16964,
              18858
            ],
            "people names": [
              "Gabriel Tay",
              "Wederic Tay"
            ],
            "people ages": [
              0,
              0
            ],
            "label": "sibling",
            "committed": false
          }
        ],
        "1205": [
          {
            "topic": "update",
            "update": "new friendship label",
            "relationship label": "sibling",
            "friendship label": "indifferent",
            "relationship": 16967
          }
        ],
        "1206": [
          {
            "topic": "new relationship",
            "key": 26719,
            "people": [
              16964,
              26715
            ],
            "people names": [
              "Gabriel Tay",
              "Hylonus Tay"
            ],
            "people ages": [
              4,
              0
            ],
            "label": "sibling",
            "committed": false
          }
        ],
        "1208": [
          {
            "topic": "update",
            "update": "new friendship label",
            "relationship label": "sibling",
            "friendship label": "friend",
            "relationship": 18862
          }
        ],
        "1209": [
          {
            "topic": "update",
            "update": "new friendship label",
            "relationship label": "sibling",
            "friendship label": "friend",
            "relationship": 18862
          },
          {
            "topic": "update",
            "update": "new friendship label",
            "relationship label": "sibling",
            "friendship label": "friend",
            "relationship": 16967
          }
        ],
        "1212": [
          {
            "topic": "update",
            "update": "new friendship label",
            "relationship label": "sibling",
            "friendship label": "friend",
            "relationship": 26719
          }
        ],
        "1213": [
          {
            "topic": "update",
            "update": "new friendship label",
            "relationship label": "sibling",
            "friendship label": "friend",
            "relationship": 18862
          }
        ],
        "1215": [
          {
            "topic": "event",
            "event": "plague",
            "year": 1215
          },
          {
            "topic": "new relationship",
            "key": 40446,
            "people": [
              16964,
              40442
            ],
            "people names": [
              "Gabriel Tay",
              "Folcard Tay"
            ],
            "people ages": [
              13,
              0
            ],
            "label": "sibling",
            "committed": false
          }
        ],
        "1216": [
          {
            "topic": "update",
            "update": "new friendship label",
            "relationship label": "parentchild",
            "friendship label": "indifferent",
            "relationship": 16966
          },
          {
            "topic": "update",
            "update": "new friendship label",
            "relationship label": "parentchild",
            "friendship label": "enemy",
            "relationship": 16965
          }
        ],
        "1218": [
          {
            "topic": "update",
            "update": "new friendship label",
            "relationship label": "parentchild",
            "friendship label": "friend",
            "relationship": 16966
          }
        ],
        "1219": [
          {
            "topic": "job notice",