{
  "16982": {
    "alive": false,
    "name": "Katrin",
    "surname": "Rouvoet",
    "full name": "Katrin Rouvoet",
    "born this way": {
      "sexuality label": "straight",
      "sexuality": 0.064,
      "romantic interest": 0.587,
      "sex interest": 0.645,
      "gender expression": 0.055,
      "sex": "f"
    },
    "age": 47,
    "birth year": 1202,
    "sex": "f",
    "faction": "No religion",
    "income class": [
      3,
      "upper middle class"
    ],
    "personality": {
      "lawful-chaotic": 0.298,
      "nice-nasty": 0.674,
      "honest-false": 0.999,
      "dream": 0.645,
      "outgoing": 0.19
    },
    "attitude": {
      "dream": 0.645,
      "outgoing": 0.19
    },
    "homsoc": {
      "means": {
        "independent": true,
        "taken_care_of": false,
        "caretaker": true,
        "needs_care": false,
        "flags": [
          "starving"
        ]
      },
      "expression": {
        "sexuality expression": 0.035,
        "gender expression expression": 0.015
      }
    },
    "network": {
      "parents": {
        "mother": "Lutghardis (11750)",
        "father": "Nannekin (11749)"
      },
      "children": {},
      "relationship keys": {
        "parent": [
          16983
        ],
        "sibling": [
          16984,
          19163,
          28815,
          30068,
          32816,
          38048,
          41146,
          41747
        ],
        "unrelated": [
          38187,
          53519
        ]
      }
    },
    "occupation": {
      "has job": true,
      "income class": [
        3,
        "upper middle class"
      ],
      "income": 1.5490000000000002,
      "all_incomes": [
        1.059,
        1.224,
        1.36,
        1.278,
        1.315,
        1.473,
        1.524,
        1.5490000000000002,
        1.4120000000000001,
        1.5490000000000002,
        1.5490000000000002,
        1.516,
        1.437,
        1.5490000000000002,
        1.5490000000000002,
        1.5490000000000002,
        1.343,
        1.303,
        1.2950000000000002,
        1.3760000000000001,
        1.399,
        1.5490000000000002
      ],
      "job": {
        "lawful": false,
        "honest": true
      }
    },
    "genetics": {
      "skin_color": 6,
      "eye_color": "brown",
      "hair_color": "black",
      "hair_color_code": 0,
      "hair_type": [
        "C",
        "C"
      ],
      "health": 0.598,
      "fertility": 0.794,
      "communication_impaired": false,
      "mobility_impaired": false,
      "cognitive_impaired": false,
      "disabilities": []
    },
    "memory": {
      "health": {
        "1203": {
          "health": {
            "change": false,
            "value_change": 0.0,
            "new_health": 0.778
          },
          "death": false
        },
        "1207": {
          "health": {
            "change": true,
            "value_change": -0.18,
            "new_health": 0.598
          },
          "death": false
        },
        "1208": {
          "health": {
            "change": false,
            "value_change": 0.0,
            "new_health": 0.598
          },
          "death": false
        },
        "1249": {
          "health": {
            "change": false,
            "value_change": 0.0,
            "new_health": 0.598
          },
          "death": true
        }
      },
      "events": {
        "1202": [
          {
            "topic": "birth",
            "year": 1202
          },
          {
            "topic": "new relationship",
            "key": 16983,
            "people": [
              11750,
              16982
            ],
            "people names": [
              "Lutghardis Donevoet",
              "Katrin Rouvoet"
            ],
            "people ages": [
              24,
              0
            ],
            "label": "parentchild",
            "committed": false
          },
          {
            "topic": "new relationship",
            "key": 16984,
            "people": [
              16401,
              16982
            ],
            "people names": [
              "Lammekin Rouvoet",
              "Katrin Rouvoet"
            ],
            "people ages": [
              0,
              0
            ],
            "label": "sibling",
            "committed": false
          },
          {
            "topic": "not enough income",
            "income": 0,
            "inhabitants": [
              30065,
              38045,
              41143,
              41744,
              14056,
              61162,
              67302,
              76255
            ]
          }
        ],
        "1203": [
          {
            "topic": "new relationship",
            "key": 19163,
            "people": [
              16982,
              19160
            ],
            "people names": [
              "Katrin Rouvoet",
              "Wicghard Rouvoet"
            ],
            "people ages": [
              0,
              0
            ],
            "label": "sibling",
            "committed": false
          },
          {
            "topic": "not enough income",
            "income": 0,
            "inhabitants": [
              30065,
              38045,
              41143,
              41744,
              14056,
              61162,
              67302,
              76255
            ]
          }
        ],
        "1204": [
          {
            "topic": "not enough income",
            "income": 0,
            "inhabitants": [
              30065,
              38045,
              41143,
              41744,
              14056,
              61162,
              67302,
              76255
            ]
          }
        ],
        "1206": [
          {
            "topic": "update",
            "update": "new friendship label",
            "relationship label": "sibling",
            "friendship label": "indifferent",
            "relationship": 19163
          }
        ],
        "1207": [
          {
            "topic": "new relationship",
            "key": 28815,
            "people": [
              16982,
              28812
            ],
            "people names": [
              "Katrin Rouvoet",
              "Fellen Rouvoet"
            ],
            "people ages": [
              5,
              0
            ],
            "label": "sibling",
            "committed": false
          }
        ],
        "1208": [
          {
            "topic": "new relationship",
            "key": 30068,
            "people": [
              16982,
              30065
            ],
            "people names": [
              "Katrin Rouvoet",
              "Eelbout Rouvoet"
            ],
            "people ages": [
              6,
              0
            ],
            "label": "sibling",
            "committed": false
          }
        ],
        "1210": [
          {
            "topic": "new relationship",
            "key": 32816,
            "people": [
              16982,
              32813
            ],
            "people names": [
              "Katrin Rouvoet",
              "Marcibilia Rouvoet"
            ],
            "people ages": [
              7,
              0
            ],
            "label": "sibling",
            "committed": false
          }
        ],
        "1211": [
          {
            "topic": "update",
            "update": "new friendship label",
            "relationship label": "sibling",
            "friendship label": "indifferent",
            "relationship": 19163
          }
        ],
        "1212": [
          {
            "topic": "update",
            "update": "new friendship label",
            "relationship label": "sibling",
            "friendship label": "friend",
            "relationship": 16984
          }
        ],
        "1213": [
          {
            "topic": "new relationship",
            "key": 38048,