{
  "16982": {
    "alive": false,
    "name": "Maelkin",
    "surname": "Paue",
    "full name": "Maelkin Paue",
    "born this way": {
      "sexuality label": "straight",
      "sexuality": 0.059,
      "romantic interest": 0.708,
      "sex interest": 0.543,
      "gender expression": 0.104,
      "sex": "m"
    },
    "age": 40,
    "birth year": 1202,
    "sex": "m",
    "faction": "Dogmatists",
    "income class": [
      3,
      "upper middle class"
    ],
    "personality": {
      "lawful-chaotic": 0.797,
      "nice-nasty": 0.138,
      "honest-false": 0.374,
      "dream": 0.0,
      "outgoing": 0.792
    },
    "attitude": {
      "dream": 0.0,
      "outgoing": 0.792
    },
    "homsoc": {
      "means": {
        "independent": true,
        "taken_care_of": false,
        "caretaker": true,
        "needs_care": false,
        "flags": []
      },
      "expression": {
        "sexuality expression": 0.049,
        "gender expression expression": 0.065
      }
    },
    "network": {
      "parents": {
        "mother": "Beatrice (11843)",
        "father": "Lutgeri (11842)"
      },
      "children": {
        "70536": {
          "key": 70536,
          "name": "Remboldus Paue",
          "age": 10,
          "alive": true,
          "sex": "m",
          "parents": {
            "mother": "Walburgis (15316)",
            "father": "Maelkin (16982)"
          }
        }
      },
      "relationship keys": {
        "parent": [
          16983,
          16984
        ],
        "sibling": [
          16985,
          21001,
          30587,
          31012,
          33162
        ],
        "unrelated": [
          64439
        ],
        "spouse": [
          67847
        ],
        "child": {
          "birth": [
            70537
          ]
        }
      }
    },
    "occupation": {
      "has job": true,
      "income class": [
        3,
        "upper middle class"
      ],
      "income": 1.5210000000000001,
      "all_incomes": [
        1.012,
        1.049,
        1.087,
        1.141,
        1.196,
        1.296,
        1.308,
        1.262,
        1.335,
        1.325,
        1.351,
        1.368,
        1.466,
        1.5390000000000001,
        1.5490000000000002,
        1.5490000000000002,
        1.5490000000000002,
        1.52,
        1.5490000000000002,
        1.5490000000000002,
        1.5490000000000002,
        1.5490000000000002,
        1.502,
        1.5210000000000001
      ],
      "job": {
        "lawful": true,
        "honest": true
      }
    },
    "genetics": {
      "skin_color": 7,
      "eye_color": "green",
      "hair_color": "dark brown",
      "hair_color_code": 1,
      "hair_type": [
        "S",
        "S"
      ],
      "health": 0.32,
      "fertility": 0.787,
      "communication_impaired": false,
      "mobility_impaired": false,
      "cognitive_impaired": false,
      "disabilities": []
    },
    "memory": {
      "health": {
        "1203": {
          "health": {
            "change": false,
            "value_change": 0.0,
            "new_health": 0.741
          },
          "death": false
        },
        "1211": {
          "health": {
            "change": true,
            "value_change": -0.189,
            "new_health": 0.552
          },
          "death": false
        },
        "1212": {
          "health": {
            "change": false,
            "value_change": 0.0,
            "new_health": 0.552
          },
          "death": false
        },
        "1217": {
          "health": {
            "change": true,
            "value_change": -0.232,
            "new_health": 0.32
          },
          "death": false
        },
        "1218": {
          "health": {
            "change": false,
            "value_change": 0.0,
            "new_health": 0.32
          },
          "death": false
        },
        "1242": {
          "health": {
            "change": false,
            "value_change": 0.0,
            "new_health": 0.32
          },
          "death": true
        }
      },
      "events": {
        "1202": [
          {
            "topic": "birth",
            "year": 1202
          },
          {
            "topic": "new relationship",
            "key": 16983,
            "people": [
              11842,
              16982
            ],
            "people names": [
              "Lutgeri Paue",
              "Maelkin Paue"
            ],
            "people ages": [
              29,
              0
            ],
            "label": "parentchild",
            "committed": false
          },
          {
            "topic": "new relationship",
            "key": 16984,
            "people": [
              11843,
              16982
            ],
            "people names": [
              "Beatrice Stippekender",
              "Maelkin Paue"
            ],
            "people ages": [
              25,
              0
            ],
            "label": "parentchild",
            "committed": false
          },
          {
            "topic": "new relationship",
            "key": 16985,
            "people": [
              13768,
              16982
            ],
            "people names": [
              "Ebram Paue",
              "Maelkin Paue"
            ],
            "people ages": [
              1,
              0
            ],
            "label": "sibling",
            "committed": false
          }
        ],
        "1204": [
          {
            "topic": "new relationship",
            "key": 21001,
            "people": [
              16982,
              20997
            ],
            "people names": [
              "Maelkin Paue",
              "Siccone Paue"
            ],
            "people ages": [
              1,
              0
            ],
            "label": "sibling",
            "committed": false
          },
          {
            "topic": "update",
            "update": "new friendship label",
            "relationship label": "parentchild",
            "friendship label": "enemy",
            "relationship": 16984
          }
        ],
        "1207": [
          {
            "topic": "update",
            "update": "new friendship label",
            "relationship label": "parentchild",
            "friendship label": "indifferent",
            "relationship": 16983
          }
        ],
        "1208": [
          {
            "topic": "event",
            "event": "faction upheaval",
            "faction": "No religion",
            "year": 1208
          },
          {
            "topic": "new relationship",
            "key": 30587,
            "people": [
              16982,
              30583
            ],
            "people names": [
              "Maelkin Paue",
              "Aghete Paue"
            ],
            "people ages": [
              5,
              0
            ],
            "label": "sibling",
            "committed": false
          }
        ],
        "1209": [
          {
            "topic": "new relationship",
            "key": 31012,
            "people": [
              16982,
              31008
            ],
            "people names": [
              "Maelkin Paue",
              "Wein Paue"
            ],
            "people ages": [
              6,
              0
            ],
            "label": "sibling",
            "committed": false
          },
          {
            "topic": "update",
            "update": "new friendship label",
            "relationship label": "sibling",
            "friendship label": "indifferent",
            "relationship": 30587
          },
          {
            "topic": "update",
            "update": "new friendship label",
            "relationship label": "sibling",
            "friendship label": "friend",
            "relationship": 16985
          }
        ],
        "1210": [
          {
            "topic": "new relationship",
            "key": 33162,