{
  "17047": {
    "alive": true,
    "name": "Lelien",
    "surname": "Vlieghe",
    "full name": "Lelien Vlieghe",
    "born this way": {
      "sexuality label": "straight",
      "sexuality": 0.013,
      "romantic interest": 0.655,
      "sex interest": 0.788,
      "gender expression": 0.074,
      "sex": "f"
    },
    "age": 47,
    "birth year": 1202,
    "sex": "f",
    "faction": "No religion",
    "income class": [
      4,
      "nobility"
    ],
    "personality": {
      "lawful-chaotic": 0.148,
      "nice-nasty": 0.541,
      "honest-false": 0.517,
      "dream": 0.543,
      "outgoing": 0.16
    },
    "attitude": {
      "dream": 0.543,
      "outgoing": 0.16
    },
    "homsoc": {
      "means": {
        "independent": true,
        "taken_care_of": false,
        "caretaker": true,
        "needs_care": false,
        "flags": []
      },
      "expression": {
        "sexuality expression": 0.009,
        "gender expression expression": 0.046
      }
    },
    "network": {
      "parents": {
        "mother": "Godeweris (12266)",
        "father": "Alvericus (12265)"
      },
      "children": {},
      "relationship keys": {
        "parent": [
          17048,
          17049
        ],
        "sibling": [
          17050,
          17051,
          20637,
          26381,
          31142,
          36688,
          38912,
          40553
        ]
      }
    },
    "occupation": {
      "has job": true,
      "income class": [
        4,
        "nobility"
      ],
      "income": 1.5990000000000002,
      "all_incomes": [
        1.064,
        1.37,
        1.3920000000000001,
        1.3090000000000002,
        1.5910000000000002,
        1.5990000000000002,
        1.5610000000000002,
        1.5990000000000002,
        1.5990000000000002,
        1.5990000000000002,
        1.5990000000000002,
        1.5990000000000002,
        1.5990000000000002,
        1.5990000000000002,
        1.5990000000000002,
        1.5990000000000002,
        1.5990000000000002,
        1.5990000000000002,
        1.5850000000000002,
        1.5990000000000002,
        1.5990000000000002,
        1.554,
        1.5990000000000002,
        1.5990000000000002,
        1.5990000000000002,
        1.5990000000000002,
        1.52,
        1.5170000000000001,
        1.5990000000000002
      ],
      "job": {
        "lawful": false,
        "honest": true
      }
    },
    "genetics": {
      "skin_color": 6,
      "eye_color": "brown",
      "hair_color": "black",
      "hair_color_code": 0,
      "hair_type": [
        "S",
        "S"
      ],
      "health": 0.731,
      "fertility": 0.778,
      "communication_impaired": false,
      "mobility_impaired": false,
      "cognitive_impaired": false,
      "disabilities": []
    },
    "memory": {
      "health": {
        "1203": {
          "health": {
            "change": false,
            "value_change": 0.0,
            "new_health": 0.731
          },
          "death": false
        }
      },
      "events": {
        "1202": [
          {
            "topic": "birth",
            "year": 1202
          },
          {
            "topic": "new relationship",
            "key": 17048,
            "people": [
              12265,
              17047
            ],
            "people names": [
              "Alvericus Vlieghe",
              "Lelien Vlieghe"
            ],
            "people ages": [
              38,
              0
            ],
            "label": "parentchild",
            "committed": false
          },
          {
            "topic": "new relationship",
            "key": 17049,
            "people": [
              12266,
              17047
            ],
            "people names": [
              "Godeweris Cleine",
              "Lelien Vlieghe"
            ],
            "people ages": [
              23,
              0
            ],
            "label": "parentchild",
            "committed": false
          },
          {
            "topic": "new relationship",
            "key": 17050,
            "people": [
              13114,
              17047
            ],
            "people names": [
              "Walburgis Vlieghe",
              "Lelien Vlieghe"
            ],
            "people ages": [
              1,
              0
            ],
            "label": "sibling",
            "committed": false
          },
          {
            "topic": "new relationship",
            "key": 17051,
            "people": [
              16032,
              17047
            ],
            "people names": [
              "Assceric Vlieghe",
              "Lelien Vlieghe"
            ],
            "people ages": [
              0,
              0
            ],
            "label": "sibling",
            "committed": false
          }
        ],
        "1203": [
          {
            "topic": "update",
            "update": "new friendship label",
            "relationship label": "sibling",
            "friendship label": "good friend",
            "relationship": 17050
          },
          {
            "topic": "new relationship",
            "key": 20637,
            "people": [
              17047,
              20632
            ],
            "people names": [
              "Lelien Vlieghe",
              "Natelien Vlieghe"
            ],
            "people ages": [
              1,
              0
            ],
            "label": "sibling",
            "committed": false
          }
        ],
        "1206": [
          {
            "topic": "new relationship",
            "key": 26381,
            "people": [
              17047,
              26376
            ],
            "people names": [
              "Lelien Vlieghe",
              "Coekea Vlieghe"
            ],
            "people ages": [
              4,
              0
            ],
            "label": "sibling",
            "committed": false
          }
        ],
        "1207": [
          {
            "topic": "update",
            "update": "new friendship label",
            "relationship label": "parentchild",
            "friendship label": "friend",
            "relationship": 17048
          }
        ],
        "1209": [
          {
            "topic": "update",
            "update": "new friendship label",
            "relationship label": "parentchild",
            "friendship label": "indifferent",
            "relationship": 17049
          },
          {
            "topic": "new relationship",
            "key": 31142,
            "people": [
              17047,
              31137
            ],
            "people names": [
              "Lelien Vlieghe",
              "Cesarius Vlieghe"
            ],
            "people ages": [
              6,
              0
            ],
            "label": "sibling",
            "committed": false
          },
          {
            "topic": "update",
            "update": "new friendship label",
            "relationship label": "sibling",
            "friendship label": "good friend",
            "relationship": 17050
          }
        ],
        "1212": [
          {
            "topic": "new relationship",
            "key": 36688,
            "people": [
              17047,
              36683
            ],
            "people names": [
              "Lelien Vlieghe",
              "Hersewindis Vlieghe"
            ],
            "people ages": [
              10,
              0
            ],
            "label": "sibling",
            "committed": false
          }
        ],
        "1213": [
          {
            "topic": "update",
            "update": "new friendship label",
            "relationship label": "sibling",
            "friendship label": "friend",
            "relationship": 17051
          },
          {
            "topic": "person died",
            "person": {
              "key": 13114,
              "name": "Walburgis Vlieghe",
              "age": 13,