{
  "17207": {
    "alive": true,
    "name": "Engelbertus",
    "surname": "Fierenblayse",
    "full name": "Engelbertus Fierenblayse",
    "born this way": {
      "sexuality label": "straight",
      "sexuality": 0.021,
      "romantic interest": 0.633,
      "sex interest": 0.773,
      "gender expression": 0.0,
      "sex": "m"
    },
    "age": 47,
    "birth year": 1202,
    "sex": "m",
    "faction": "Dogmatists",
    "income class": [
      3,
      "upper middle class"
    ],
    "personality": {
      "lawful-chaotic": 0.779,
      "nice-nasty": 0.768,
      "honest-false": 0.447,
      "dream": 0.239,
      "outgoing": 0.211
    },
    "attitude": {
      "dream": 0.239,
      "outgoing": 0.211
    },
    "homsoc": {
      "means": {
        "independent": true,
        "taken_care_of": false,
        "caretaker": true,
        "needs_care": false,
        "flags": [
          "starving"
        ]
      },
      "expression": {
        "sexuality expression": 0.009,
        "gender expression expression": -0.001
      }
    },
    "network": {
      "parents": {
        "mother": "Margareta (11441)",
        "father": "Engelbertus (11440)"
      },
      "children": {},
      "relationship keys": {
        "parent": [
          17208,
          17209
        ],
        "sibling": [
          17210,
          19552,
          22974,
          26978,
          27707
        ],
        "unrelated": [
          45428,
          75722
        ]
      }
    },
    "occupation": {
      "has job": true,
      "income class": [
        3,
        "upper middle class"
      ],
      "income": 1.049,
      "all_incomes": [
        1.177,
        1.073,
        1.5490000000000002,
        1.5490000000000002,
        1.364,
        1.235,
        1.161,
        1.464,
        1.5490000000000002,
        1.219,
        1.374,
        1.5490000000000002,
        1.5490000000000002,
        1.413,
        1.5490000000000002,
        1.5490000000000002,
        1.5490000000000002,
        1.5490000000000002,
        1.5490000000000002,
        1.419,
        1.1280000000000001,
        0.9730000000000001,
        1.368,
        1.54,
        1.5490000000000002,
        1.454,
        1.495,
        1.5490000000000002,
        0.9750000000000001,
        1.347,
        0.9530000000000001,
        1.049
      ],
      "job": {
        "lawful": false,
        "honest": false
      }
    },
    "genetics": {
      "skin_color": 9,
      "eye_color": "brown",
      "hair_color": "dark brown",
      "hair_color_code": 1,
      "hair_type": [
        "C",
        "S"
      ],
      "health": 0.695,
      "fertility": 0.75,
      "communication_impaired": false,
      "mobility_impaired": false,
      "cognitive_impaired": false,
      "disabilities": []
    },
    "memory": {
      "health": {
        "1203": {
          "health": {
            "change": false,
            "value_change": 0.0,
            "new_health": 0.695
          },
          "death": false
        }
      },
      "events": {
        "1202": [
          {
            "topic": "birth",
            "year": 1202
          },
          {
            "topic": "new relationship",
            "key": 17208,
            "people": [
              11440,
              17207
            ],
            "people names": [
              "Engelbertus Fierenblayse",
              "Engelbertus Fierenblayse"
            ],
            "people ages": [
              45,
              0
            ],
            "label": "parentchild",
            "committed": false
          },
          {
            "topic": "new relationship",
            "key": 17209,
            "people": [
              11441,
              17207
            ],
            "people names": [
              "Margareta Widoeghe",
              "Engelbertus Fierenblayse"
            ],
            "people ages": [
              33,
              0
            ],
            "label": "parentchild",
            "committed": false
          },
          {
            "topic": "new relationship",
            "key": 17210,
            "people": [
              12877,
              17207
            ],
            "people names": [
              "Gerlacus Fierenblayse",
              "Engelbertus Fierenblayse"
            ],
            "people ages": [
              1,
              0
            ],
            "label": "sibling",
            "committed": false
          }
        ],
        "1203": [
          {
            "topic": "new relationship",
            "key": 19552,
            "people": [
              17207,
              19548
            ],
            "people names": [
              "Engelbertus Fierenblayse",
              "Woltwigis Fierenblayse"
            ],
            "people ages": [
              1,
              0
            ],
            "label": "sibling",
            "committed": false
          }
        ],
        "1204": [
          {
            "topic": "update",
            "update": "new friendship label",
            "relationship label": "parentchild",
            "friendship label": "indifferent",
            "relationship": 17209
          }
        ],
        "1205": [
          {
            "topic": "new relationship",
            "key": 22974,
            "people": [
              17207,
              22970
            ],
            "people names": [
              "Engelbertus Fierenblayse",
              "Betten Fierenblayse"
            ],
            "people ages": [
              2,
              0
            ],
            "label": "sibling",
            "committed": false
          }
        ],
        "1206": [
          {
            "topic": "new relationship",
            "key": 26978,
            "people": [
              17207,
              26974
            ],
            "people names": [
              "Engelbertus Fierenblayse",
              "Breghlent Fierenblayse"
            ],
            "people ages": [
              4,
              0
            ],
            "label": "sibling",
            "committed": false
          }
        ],
        "1207": [
          {
            "topic": "new relationship",
            "key": 27707,
            "people": [
              17207,
              27703
            ],
            "people names": [
              "Engelbertus Fierenblayse",
              "Strom Fierenblayse"
            ],
            "people ages": [
              4,
              0
            ],
            "label": "sibling",
            "committed": false
          },
          {
            "topic": "person died",
            "person": {
              "key": 11440,
              "name": "Engelbertus Fierenblayse",
              "age": 51,
              "alive": false,
              "sex": "m",
              "parents": "firstgen"
            },
            "cause": "old age",
            "friendship label": "indifferent",
            "label": "parent"
          },
          {
            "topic": "person died",
            "person": {
              "key": 22970,
              "name": "Betten Fierenblayse",
              "age": 2,
              "alive": false,
              "sex": "m",
              "parents": {
                "mother": "Margareta (11441)",
                "father": "Engelbertus (11440)"
              }
            },
            "cause": "childhood illness",
            "friendship label": "indifferent",
            "label": "sibling"
          }
        ],
        "1208": [
          {
            "topic": "update",
            "update": "new friendship label",
            "relationship label": "sibling",
            "friendship label": "friend",
            "relationship": 26978
          },
          {
            "topic": "not enough income",
            "income": 0,
            "inhabitants": [
              17207
            ]
          }
        ],
        "1209": [
          {
            "topic": "person died",