{
  "17206": {
    "alive": false,
    "name": "Philips",
    "surname": "van Bel",
    "full name": "Philips van Bel",
    "born this way": {
      "sexuality label": "straight",
      "sexuality": 0.0,
      "romantic interest": 0.736,
      "sex interest": 0.657,
      "gender expression": 0.24,
      "sex": "m"
    },
    "age": 49,
    "birth year": 1205,
    "sex": "m",
    "faction": "No religion",
    "income class": [
      4,
      "nobility"
    ],
    "personality": {
      "lawful-chaotic": 0.999,
      "nice-nasty": 0.07,
      "honest-false": 0.243
    },
    "attitude": {
      "outgoing": 0.196,
      "dream": 0.388
    },
    "homsoc": {
      "means": {
        "independent": true,
        "taken_care_of": false,
        "caretaker": true,
        "needs_care": false,
        "flags": []
      },
      "expression": {
        "sexuality expression": -0.001,
        "gender expression expression": 0.153
      }
    },
    "network": {
      "parents": {
        "mother": "Emmelina (12386)",
        "father": "Bel (12385)"
      },
      "children": {},
      "relationship keys": {
        "parent": [
          17207,
          17208
        ],
        "sibling": [
          17209,
          17210,
          17211,
          17778,
          19103
        ],
        "half-sibling": [
          23252
        ],
        "nibling": [
          27393,
          32216,
          34299
        ],
        "spouse": [
          39463
        ]
      }
    },
    "occupation": {
      "has job": true,
      "income class": [
        4,
        "nobility"
      ],
      "income": 1.5990000000000002,
      "all_incomes": [
        0.989,
        1.1600000000000001,
        1.302,
        1.499,
        1.5990000000000002,
        1.5990000000000002,
        1.5990000000000002,
        1.5990000000000002,
        1.5990000000000002,
        1.5990000000000002,
        1.5990000000000002,
        1.5990000000000002,
        1.5990000000000002,
        1.5990000000000002,
        1.5990000000000002,
        1.5990000000000002,
        1.5990000000000002,
        1.5990000000000002,
        1.5990000000000002,
        1.5990000000000002,
        1.5990000000000002,
        1.5990000000000002,
        1.5990000000000002,
        1.5990000000000002,
        1.5990000000000002,
        1.5990000000000002,
        1.5990000000000002,
        1.5990000000000002,
        1.5990000000000002,
        1.5990000000000002,
        1.5990000000000002,
        1.5990000000000002,
        1.5990000000000002
      ],
      "job": {
        "lawful": true,
        "honest": true
      }
    },
    "genetics": {
      "skin_color": 3,
      "eye_color": "green",
      "hair_color": "brown",
      "hair_color_code": 2,
      "hair_type": [
        "C",
        "S"
      ],
      "health": 0.723,
      "fertility": 0.705,
      "communication_impaired": false,
      "mobility_impaired": false,
      "cognitive_impaired": false,
      "disabilities": []
    },
    "memory": {
      "health": {
        "1206": {
          "health": {
            "change": false,
            "value_change": 0.0,
            "new_health": 0.723
          },
          "death": false
        }
      },
      "events": {
        "1205": [
          {
            "topic": "new home",
            "home": {
              "income class": 4,
              "income class label": "nobility",
              "section": "stOp Havick1.se1.c4",
              "street": "Op Havick1",
              "neighborhood": "cingelnoord",
              "unique id": 837
            }
          }
        ],
        "1206": [
          {
            "topic": "new relationship",
            "key": 17778,
            "people": [
              17206,
              17772
            ],
            "people names": [
              "Philips van Bel",
              "Geile Belsdochter"
            ],
            "people ages": [
              0,
              0
            ],
            "label": "sibling",
            "committed": false
          }
        ],
        "1208": [
          {
            "topic": "new relationship",
            "key": 19103,
            "people": [
              17206,
              19097
            ],
            "people names": [
              "Philips van Bel",
              "Walramus"
            ],
            "people ages": [
              3,
              0
            ],
            "label": "sibling",
            "committed": false
          },
          {
            "topic": "update",
            "update": "new friendship label",
            "relationship label": "sibling",
            "friendship label": "indifferent",
            "relationship": 17209
          }
        ],
        "1209": [
          {
            "topic": "person died",
            "person": {
              "key": 12385,
              "name": "Bel",
              "age": 38,
              "alive": false,
              "sex": "m",
              "parents": "firstgen"
            },
            "cause": "illness",
            "label": "parent"
          }
        ],
        "1210": [
          {
            "topic": "person died",
            "person": {
              "key": 19097,
              "name": "Walramus",
              "age": 2,
              "alive": false,
              "sex": "m",
              "parents": {
                "mother": "Emmelina (12386)",
                "father": "Bel (12385)"
              }
            },
            "cause": "childhood illness",
            "label": "sibling"
          }
        ],
        "1212": [
          {
            "topic": "update",
            "update": "new friendship label",
            "relationship label": "sibling",
            "friendship label": "indifferent",
            "relationship": 17778
          }
        ],
        "1213": [
          {
            "topic": "update",
            "update": "new friendship label",
            "relationship label": "sibling",
            "friendship label": "indifferent",
            "relationship": 17211
          }
        ],
        "1214": [
          {
            "topic": "update",
            "update": "new friendship label",
            "relationship label": "sibling",
            "friendship label": "friend",
            "relationship": 17778
          },
          {
            "topic": "new home",
            "home": {
              "income class": 4,
              "income class label": "nobility",
              "section": "stMuurhuysen2.se1.c4",
              "street": "Muurhuysen2",
              "neighborhood": "cingelnoord",
              "unique id": 798
            }
          },
          {
            "topic": "update",
            "update": "parent married",
            "parent": 12386,
            "new partner": 12277
          }
        ],
        "1215": [
          {
            "topic": "event",
            "event": "plague",
            "year": 1215
          }
        ],
        "1216": [
          {
            "topic": "new relationship",
            "key": 23252,
            "people": [
              17206,
              22957
            ],
            "people names": [
              "Philips van Bel",
              "Lutgeri Pannekins"
            ],
            "people ages": [
              11,
              0
            ],
            "label": "half-sibling",
            "committed": false
          }
        ],
        "1218": [
          {
            "topic": "update",
            "update": "new friendship label",
            "relationship label": "parentchild",
            "friendship label": "indifferent",
            "relationship": 17208
          }
        ],
        "1219": [
          {
            "topic": "update",
            "update": "new friendship label",
            "relationship label": "sibling",
            "friendship label": "indifferent",
            "relationship": 17209
          }
        ],
        "1220": [
          {
            "topic": "update",