{
  "17224": {
    "alive": true,
    "name": "Everyng",
    "surname": "van Moys",
    "full name": "Everyng van Moys",
    "born this way": {
      "sexuality label": "straight",
      "sexuality": 0.013,
      "romantic interest": 0.749,
      "sex interest": 0.912,
      "gender expression": 0.071,
      "sex": "m"
    },
    "age": 47,
    "birth year": 1202,
    "sex": "m",
    "faction": "Zealots",
    "income class": [
      3,
      "upper middle class"
    ],
    "personality": {
      "lawful-chaotic": 0.748,
      "nice-nasty": 0.84,
      "honest-false": 0.45,
      "dream": 0.174,
      "outgoing": 0.57
    },
    "attitude": {
      "dream": 0.174,
      "outgoing": 0.57
    },
    "homsoc": {
      "means": {
        "independent": true,
        "taken_care_of": false,
        "caretaker": true,
        "needs_care": false,
        "flags": [
          "starving"
        ]
      },
      "expression": {
        "sexuality expression": 0.006,
        "gender expression expression": 0.015
      }
    },
    "network": {
      "parents": {
        "mother": "Pietersen (12722)",
        "father": "Moys (12721)"
      },
      "children": {},
      "relationship keys": {
        "parent": [
          17225,
          17226
        ],
        "sibling": [
          17227,
          17228,
          20432
        ],
        "unrelated": [
          25025,
          48062,
          56819,
          66969,
          76405
        ],
        "nibling": [
          47395,
          48457,
          51008,
          52460
        ]
      }
    },
    "occupation": {
      "has job": true,
      "income class": [
        3,
        "upper middle class"
      ],
      "income": 1.5490000000000002,
      "all_incomes": [
        1.216,
        1.256,
        1.485,
        1.482,
        1.282,
        1.1660000000000001,
        1.536,
        1.3860000000000001,
        1.5490000000000002,
        1.489,
        1.463,
        0.9450000000000001,
        0.865,
        0.8510000000000001,
        0.7020000000000001,
        0.443,
        0.486,
        0.5880000000000001,
        0.8190000000000001,
        0.775,
        0.7070000000000001,
        0.914,
        1.499,
        1.5490000000000002,
        1.5490000000000002,
        1.495,
        1.5490000000000002,
        1.5070000000000001,
        1.524,
        1.5490000000000002,
        1.5490000000000002,
        1.5490000000000002
      ],
      "job": {
        "lawful": true,
        "honest": false
      }
    },
    "genetics": {
      "skin_color": 5,
      "eye_color": "blue",
      "hair_color": "black",
      "hair_color_code": 0,
      "hair_type": [
        "S",
        "C"
      ],
      "health": 0.557,
      "fertility": 0.678,
      "communication_impaired": false,
      "mobility_impaired": false,
      "cognitive_impaired": false,
      "disabilities": []
    },
    "memory": {
      "health": {
        "1203": {
          "health": {
            "change": false,
            "value_change": 0.0,
            "new_health": 0.722
          },
          "death": false
        },
        "1216": {
          "health": {
            "change": true,
            "value_change": -0.165,
            "new_health": 0.557
          },
          "death": false
        },
        "1217": {
          "health": {
            "change": false,
            "value_change": 0.0,
            "new_health": 0.557
          },
          "death": false
        }
      },
      "events": {
        "1202": [
          {
            "topic": "birth",
            "year": 1202
          },
          {
            "topic": "new relationship",
            "key": 17225,
            "people": [
              12721,
              17224
            ],
            "people names": [
              "Moys",
              "Everyng van Moys"
            ],
            "people ages": [
              26,
              0
            ],
            "label": "parentchild",
            "committed": false
          },
          {
            "topic": "new relationship",
            "key": 17226,
            "people": [
              12722,
              17224
            ],
            "people names": [
              "Pietersen Ziele",
              "Everyng van Moys"
            ],
            "people ages": [
              21,
              0
            ],
            "label": "parentchild",
            "committed": false
          },
          {
            "topic": "new relationship",
            "key": 17227,
            "people": [
              13291,
              17224
            ],
            "people names": [
              "Rutgerus Moysszoon",
              "Everyng van Moys"
            ],
            "people ages": [
              1,
              0
            ],
            "label": "sibling",
            "committed": false
          },
          {
            "topic": "new relationship",
            "key": 17228,
            "people": [
              15031,
              17224
            ],
            "people names": [
              "Lutbrandus",
              "Everyng van Moys"
            ],
            "people ages": [
              1,
              0
            ],
            "label": "sibling",
            "committed": false
          },
          {
            "topic": "not enough income",
            "income": 0.087,
            "inhabitants": [
              13291,
              17224,
              20427,
              45932,
              46705,
              48649,
              49930,
              54767,
              59125,
              62600
            ]
          }
        ],
        "1203": [
          {
            "topic": "new relationship",
            "key": 20432,
            "people": [
              17224,
              20427
            ],
            "people names": [
              "Everyng van Moys",
              "Herlewin"
            ],
            "people ages": [
              0,
              0
            ],
            "label": "sibling",
            "committed": false
          },
          {
            "topic": "not enough income",
            "income": 0.164,
            "inhabitants": [
              13291,
              17224,
              20427,
              45932,
              46705,
              48649,
              49930,
              54767,
              59125,
              62600
            ]
          }
        ],
        "1204": [
          {
            "topic": "update",
            "update": "new friendship label",
            "relationship label": "parentchild",
            "friendship label": "friend",
            "relationship": 17226
          },
          {
            "topic": "person died",
            "person": {
              "key": 12722,
              "name": "Pietersen Ziele",
              "age": 23,
              "alive": false,
              "sex": "f",
              "parents": "firstgen"
            },
            "cause": "starvation",
            "friendship label": "friend",
            "label": "parent"
          },
          {
            "topic": "not enough income",
            "income": 0.05,
            "inhabitants": [
              13291,
              17224,
              20427,
              45932,
              46705,
              48649,
              49930,
              54767,
              59125,
              62600
            ]
          }
        ],
        "1205": [
          {
            "topic": "new relationship",
            "key": 25025,
            "people": [
              18061,
              17224
            ],
            "people names": [
              "Remsindis Steneken",
              "Everyng van Moys"
            ],
            "people ages": [
              3,
              3
            ],
            "label": "unrelated",
            "committed": false
          },
          {
            "topic": "person died",
            "person": {
              "key": 15031,