{
  "17278": {
    "alive": false,
    "name": "Strom",
    "surname": "van Sanders",
    "full name": "Strom van Sanders",
    "born this way": {
      "sexuality label": "bi",
      "sexuality": 0.39,
      "romantic interest": 0.749,
      "sex interest": 0.755,
      "gender expression": 0.282,
      "sex": "m"
    },
    "age": 56,
    "birth year": 1205,
    "sex": "m",
    "faction": "Zealots",
    "income class": [
      3,
      "upper middle class"
    ],
    "personality": {
      "lawful-chaotic": 0.495,
      "nice-nasty": 0.0,
      "honest-false": 0.831
    },
    "attitude": {
      "outgoing": 0.641,
      "dream": 0.436
    },
    "homsoc": {
      "means": {
        "independent": false,
        "taken_care_of": false,
        "caretaker": true,
        "needs_care": false,
        "flags": []
      },
      "expression": {
        "sexuality expression": 0.271,
        "gender expression expression": 0.209
      }
    },
    "network": {
      "parents": {
        "mother": "Erkenradis (11687)",
        "father": "Sanders (11686)"
      },
      "children": {},
      "relationship keys": {
        "parent": [
          17279,
          17280
        ],
        "sibling": [
          17281,
          17282
        ],
        "nibling": [
          25939,
          26664,
          30157,
          32178,
          33172
        ],
        "spouse": [
          50540
        ]
      }
    },
    "occupation": {
      "has job": true,
      "income class": [
        3,
        "upper middle class"
      ],
      "income": 0.314,
      "all_incomes": [
        1.067,
        1.143,
        0.865,
        0.367,
        0.092,
        0.05,
        0.547,
        0.365,
        0.055,
        0.05,
        0.288,
        0.449,
        0.9840000000000001,
        0.812,
        0.799,
        0.6980000000000001,
        0.5930000000000001,
        0.477,
        0.294,
        0.279,
        0.781,
        0.621,
        0.51,
        0.6030000000000001,
        0.8230000000000001,
        0.795,
        1.1460000000000001,
        0.8260000000000001,
        0.789,
        0.48,
        0.542,
        0.757,
        0.05,
        0.05,
        0.492,
        0.11800000000000001,
        0.496,
        0.5820000000000001,
        0.314
      ],
      "job": {
        "lawful": false,
        "honest": false
      }
    },
    "genetics": {
      "skin_color": 8,
      "eye_color": "green",
      "hair_color": "dark brown",
      "hair_color_code": 1,
      "hair_type": [
        "C",
        "S"
      ],
      "health": 0.0,
      "fertility": 0.663,
      "communication_impaired": false,
      "mobility_impaired": false,
      "cognitive_impaired": false,
      "disabilities": []
    },
    "memory": {
      "health": {
        "1206": {
          "health": {
            "change": false,
            "value_change": 0.0,
            "new_health": 0.714
          },
          "death": false
        },
        "1256": {
          "health": {
            "change": true,
            "value_change": -0.251,
            "new_health": 0.463
          },
          "death": false
        },
        "1257": {
          "health": {
            "change": true,
            "value_change": -0.268,
            "new_health": 0.195
          },
          "death": false
        },
        "1258": {
          "health": {
            "change": true,
            "value_change": -0.141,
            "new_health": 0.054
          },
          "death": false
        },
        "1259": {
          "health": {
            "change": true,
            "value_change": -0.038,
            "new_health": 0.016
          },
          "death": false
        },
        "1260": {
          "health": {
            "change": true,
            "value_change": -0.012,
            "new_health": 0.004
          },
          "death": false
        },
        "1261": {
          "health": {
            "change": true,
            "value_change": -0.004,
            "new_health": 0.0
          },
          "death": true
        }
      },
      "events": {
        "1205": [
          {
            "topic": "new home",
            "home": {
              "income class": 3,
              "income class label": "upper middle class",
              "section": "stLievevrouwe kerch.se5.c3",
              "street": "Lievevrouwe kerch",
              "neighborhood": "olvbuurt",
              "unique id": 594
            }
          }
        ],
        "1210": [
          {
            "topic": "update",
            "update": "new friendship label",
            "relationship label": "sibling",
            "friendship label": "indifferent",
            "relationship": 17282
          }
        ],
        "1211": [
          {
            "topic": "update",
            "update": "new friendship label",
            "relationship label": "sibling",
            "friendship label": "indifferent",
            "relationship": 17281
          },
          {
            "topic": "update",
            "update": "new friendship label",
            "relationship label": "parentchild",
            "friendship label": "enemy",
            "relationship": 17280
          }
        ],
        "1213": [
          {
            "topic": "update",
            "update": "new friendship label",
            "relationship label": "sibling",
            "friendship label": "indifferent",
            "relationship": 17282
          }
        ],
        "1215": [
          {
            "topic": "event",
            "event": "plague",
            "year": 1215
          },
          {
            "topic": "update",
            "update": "new friendship label",
            "relationship label": "sibling",
            "friendship label": "indifferent",
            "relationship": 17281
          }
        ],
        "1216": [
          {
            "topic": "update",
            "update": "new friendship label",
            "relationship label": "parentchild",
            "friendship label": "enemy",
            "relationship": 17280
          }
        ],
        "1222": [
          {
            "topic": "update",
            "update": "new friendship label",
            "relationship label": "sibling",
            "friendship label": "indifferent",
            "relationship": 17282
          }
        ],
        "1223": [
          {
            "topic": "job notice",
            "notice": "found job",
            "income": 1.067
          },
          {
            "topic": "new relationship",
            "key": 25939,
            "people": [
              17278,
              24982
            ],
            "people names": [
              "Strom van Sanders",
              "Ulrici Dronkine"
            ],
            "people ages": [
              18,
              1
            ],
            "label": "nibling",
            "committed": false
          }
        ],
        "1224": [
          {
            "topic": "update",
            "update": "new friendship label",
            "relationship label": "sibling",
            "friendship label": "indifferent",
            "relationship": 17281
          },
          {
            "topic": "new relationship",
            "key": 26664,
            "people": [
              17278,
              25679
            ],
            "people names": [
              "Strom van Sanders",
              "Breghtgherus Dronkine"
            ],
            "people ages": [
              19,
              1
            ],
            "label": "nibling",
            "committed": false
          }
        ],
        "1226": [
          {
            "topic": "job notice",
            "notice": "earning very little",
            "income": 0.367
          },
          {
            "topic": "person died",
            "person": {
              "key": 11686,
              "name": "Sanders",
              "age": 55,
              "alive": false,
              "sex": "m",