{
  "17341": {
    "alive": false,
    "name": "Coppesoeten",
    "surname": "Tater",
    "full name": "Coppesoeten Tater",
    "born this way": {
      "sexuality label": "straight",
      "sexuality": 0.067,
      "romantic interest": 0.539,
      "sex interest": 0.701,
      "gender expression": 0.14,
      "sex": "m"
    },
    "age": 38,
    "birth year": 1205,
    "sex": "m",
    "faction": "Zealots",
    "income class": [
      3,
      "upper middle class"
    ],
    "personality": {
      "lawful-chaotic": 0.881,
      "nice-nasty": 0.726,
      "honest-false": 0.561
    },
    "attitude": {
      "outgoing": 0.534,
      "dream": 0.367
    },
    "homsoc": {
      "means": {
        "independent": true,
        "taken_care_of": false,
        "caretaker": true,
        "needs_care": false,
        "flags": []
      },
      "expression": {
        "sexuality expression": 0.022,
        "gender expression expression": 0.115
      }
    },
    "network": {
      "parents": {
        "mother": "Cecilia (11726)",
        "father": "Herbert (11725)"
      },
      "children": {},
      "relationship keys": {
        "parent": [
          17342,
          17343
        ],
        "sibling": [
          19183,
          20000,
          20543
        ],
        "spouse": [
          25130,
          33017
        ]
      }
    },
    "occupation": {
      "has job": true,
      "income class": [
        3,
        "upper middle class"
      ],
      "income": 1.5490000000000002,
      "all_incomes": [
        1.005,
        1.105,
        1.109,
        1.177,
        1.22,
        1.2670000000000001,
        1.298,
        1.348,
        1.457,
        1.5490000000000002,
        1.5490000000000002,
        1.546,
        1.5490000000000002,
        1.5490000000000002,
        1.5490000000000002,
        1.5490000000000002,
        1.5490000000000002,
        1.5490000000000002,
        1.5490000000000002,
        1.5490000000000002,
        1.5290000000000001,
        1.5490000000000002,
        1.5490000000000002
      ],
      "job": {
        "lawful": true,
        "honest": true
      }
    },
    "genetics": {
      "skin_color": 6,
      "eye_color": "brown",
      "hair_color": "black",
      "hair_color_code": 0,
      "hair_type": [
        "S",
        "C"
      ],
      "health": 0.64,
      "fertility": 0.676,
      "communication_impaired": false,
      "mobility_impaired": false,
      "cognitive_impaired": false,
      "disabilities": []
    },
    "memory": {
      "health": {
        "1206": {
          "health": {
            "change": false,
            "value_change": 0.0,
            "new_health": 0.64
          },
          "death": false
        },
        "1243": {
          "health": {
            "change": false,
            "value_change": 0.0,
            "new_health": 0.64
          },
          "death": true
        }
      },
      "events": {
        "1205": [
          {
            "topic": "new home",
            "home": {
              "income class": 3,
              "income class label": "upper middle class",
              "section": "stDie lange straet1.se1.c3",
              "street": "Die lange straet1",
              "neighborhood": "olvbuurt",
              "unique id": 607
            }
          }
        ],
        "1206": [
          {
            "topic": "update",
            "update": "new friendship label",
            "relationship label": "parentchild",
            "friendship label": "indifferent",
            "relationship": 17342
          }
        ],
        "1207": [
          {
            "topic": "update",
            "update": "new friendship label",
            "relationship label": "parentchild",
            "friendship label": "disliked",
            "relationship": 17342
          },
          {
            "topic": "update",
            "update": "new friendship label",
            "relationship label": "parentchild",
            "friendship label": "indifferent",
            "relationship": 17343
          }
        ],
        "1208": [
          {
            "topic": "new relationship",
            "key": 19183,
            "people": [
              17341,
              19180
            ],
            "people names": [
              "Coppesoeten Tater",
              "Alebrando Tater"
            ],
            "people ages": [
              2,
              0
            ],
            "label": "sibling",
            "committed": false
          }
        ],
        "1209": [
          {
            "topic": "new relationship",
            "key": 20000,
            "people": [
              17341,
              19997
            ],
            "people names": [
              "Coppesoeten Tater",
              "Helyana Tater"
            ],
            "people ages": [
              4,
              0
            ],
            "label": "sibling",
            "committed": false
          }
        ],
        "1210": [
          {
            "topic": "new relationship",
            "key": 20543,
            "people": [
              17341,
              20540
            ],
            "people names": [
              "Coppesoeten Tater",
              "Heile Tater"
            ],
            "people ages": [
              5,
              0
            ],
            "label": "sibling",
            "committed": false
          },
          {
            "topic": "person died",
            "person": {
              "key": 11725,
              "name": "Herbert Tater",
              "age": 38,
              "alive": false,
              "sex": "m",
              "parents": "firstgen"
            },
            "cause": "illness",
            "label": "parent"
          }
        ],
        "1213": [
          {
            "topic": "person died",
            "person": {
              "key": 20540,
              "name": "Heile Tater",
              "age": 3,
              "alive": false,
              "sex": "f",
              "parents": {
                "mother": "Cecilia (11726)",
                "father": "Herbert (11725)"
              }
            },
            "cause": "childhood illness",
            "label": "sibling"
          }
        ],
        "1215": [
          {
            "topic": "event",
            "event": "plague",
            "year": 1215
          },
          {
            "topic": "update",
            "update": "new friendship label",
            "relationship label": "parentchild",
            "friendship label": "indifferent",
            "relationship": 17343
          }
        ],
        "1221": [
          {
            "topic": "job notice",
            "notice": "found job",
            "income": 1.005
          }
        ],
        "1222": [
          {
            "topic": "new relationship",
            "key": 25130,
            "people": [
              17341,
              17107
            ],
            "people names": [
              "Coppesoeten Tater",
              "Wendelmodis Barlebaens"
            ],
            "people ages": [
              17,
              17
            ],
            "label": "spouse",
            "committed": true
          }
        ],
        "1223": [
          {
            "topic": "feelings change",
            "target": 17107,
            "target name": "Wendelmodis Barlebaens",
            "state": "out of love",
            "relationship": 25130
          },
          {
            "key": 25130,
            "topic": "unmarried"
          },
          {
            "topic": "person died",
            "person": {
              "key": 17107,
              "name": "Wendelmodis Barlebaens",
              "age": 18,
              "alive": false,
              "sex": "f",
              "parents": {
                "mother": "Sywi (11990)",
                "father": "Alebaren (11989)"
              }
            },
            "cause": "illness",
            "label": "spouse"
          }
        ],