{
  "17393": {
    "alive": true,
    "name": "Tiedeman",
    "surname": "",
    "full name": "Tiedeman",
    "born this way": {
      "sexuality label": "straight",
      "sexuality": 0.0,
      "romantic interest": 0.745,
      "sex interest": 0.727,
      "gender expression": 0.092,
      "sex": "m"
    },
    "age": 47,
    "birth year": 1202,
    "sex": "m",
    "faction": "No religion",
    "income class": [
      4,
      "nobility"
    ],
    "personality": {
      "lawful-chaotic": 0.363,
      "nice-nasty": 0.999,
      "honest-false": 0.574,
      "dream": 0.22,
      "outgoing": 0.506
    },
    "attitude": {
      "dream": 0.22,
      "outgoing": 0.506
    },
    "homsoc": {
      "means": {
        "independent": true,
        "taken_care_of": false,
        "caretaker": true,
        "needs_care": false,
        "flags": [
          "starving"
        ]
      },
      "expression": {
        "sexuality expression": -0.001,
        "gender expression expression": 0.039
      }
    },
    "network": {
      "parents": {
        "mother": "Oderada (12314)",
        "father": "Coclike (12313)"
      },
      "children": {},
      "relationship keys": {
        "parent": [
          17394,
          17395
        ],
        "sibling": [
          22534,
          26681
        ],
        "unrelated": [
          29143,
          46992,
          48064,
          52004,
          55042,
          58289,
          60013,
          61565,
          71366,
          73245
        ]
      }
    },
    "occupation": {
      "has job": true,
      "income class": [
        4,
        "nobility"
      ],
      "income": 1.5990000000000002,
      "all_incomes": [
        1.016,
        1.046,
        1.155,
        1.3210000000000002,
        1.421,
        1.5990000000000002,
        1.5990000000000002,
        1.5990000000000002,
        1.5990000000000002,
        1.5990000000000002,
        1.5990000000000002,
        1.5990000000000002,
        1.5990000000000002,
        1.5990000000000002,
        1.5990000000000002,
        1.5990000000000002,
        1.5990000000000002,
        1.5990000000000002,
        1.5990000000000002,
        1.5990000000000002,
        1.5990000000000002,
        1.5990000000000002,
        1.5990000000000002,
        1.5990000000000002,
        1.5990000000000002,
        1.5990000000000002,
        1.5990000000000002,
        1.5990000000000002,
        1.5990000000000002,
        1.5990000000000002,
        1.5990000000000002
      ],
      "job": {
        "lawful": true,
        "honest": true
      }
    },
    "genetics": {
      "skin_color": 3,
      "eye_color": "blue",
      "hair_color": "black",
      "hair_color_code": 0,
      "hair_type": [
        "C",
        "C"
      ],
      "health": 0.449,
      "fertility": 0.553,
      "communication_impaired": false,
      "mobility_impaired": false,
      "cognitive_impaired": false,
      "disabilities": []
    },
    "memory": {
      "health": {
        "1203": {
          "health": {
            "change": false,
            "value_change": 0.0,
            "new_health": 0.629
          },
          "death": false
        },
        "1248": {
          "health": {
            "change": true,
            "value_change": -0.18,
            "new_health": 0.449
          },
          "death": false
        },
        "1249": {
          "health": {
            "change": false,
            "value_change": 0.0,
            "new_health": 0.449
          },
          "death": false
        }
      },
      "events": {
        "1202": [
          {
            "topic": "birth",
            "year": 1202
          },
          {
            "topic": "new relationship",
            "key": 17394,
            "people": [
              12313,
              17393
            ],
            "people names": [
              "Coclike Duue",
              "Tiedeman"
            ],
            "people ages": [
              42,
              0
            ],
            "label": "parentchild",
            "committed": false
          },
          {
            "topic": "new relationship",
            "key": 17395,
            "people": [
              12314,
              17393
            ],
            "people names": [
              "Oderada Midach",
              "Tiedeman"
            ],
            "people ages": [
              33,
              0
            ],
            "label": "parentchild",
            "committed": false
          }
        ],
        "1204": [
          {
            "topic": "new relationship",
            "key": 22534,
            "people": [
              17393,
              22531
            ],
            "people names": [
              "Tiedeman",
              "Jan Duue"
            ],
            "people ages": [
              2,
              0
            ],
            "label": "sibling",
            "committed": false
          }
        ],
        "1206": [
          {
            "topic": "update",
            "update": "new friendship label",
            "relationship label": "parentchild",
            "friendship label": "good friend",
            "relationship": 17394
          },
          {
            "topic": "update",
            "update": "new friendship label",
            "relationship label": "sibling",
            "friendship label": "indifferent",
            "relationship": 22534
          },
          {
            "topic": "new relationship",
            "key": 26681,
            "people": [
              17393,
              26678
            ],
            "people names": [
              "Tiedeman",
              "Rampe Duue"
            ],
            "people ages": [
              4,
              0
            ],
            "label": "sibling",
            "committed": false
          }
        ],
        "1207": [
          {
            "topic": "update",
            "update": "new friendship label",
            "relationship label": "sibling",
            "friendship label": "indifferent",
            "relationship": 22534
          },
          {
            "topic": "new relationship",
            "key": 29143,
            "people": [
              16936,
              17393
            ],
            "people names": [
              "Esa",
              "Tiedeman"
            ],
            "people ages": [
              5,
              5
            ],
            "label": "unrelated",
            "committed": false
          }
        ],
        "1209": [
          {
            "topic": "feelings change",
            "target": 16936,
            "target name": "Esa",
            "state": "crush",
            "friendship label": "indifferent",
            "relationship": 29143
          }
        ],
        "1211": [
          {
            "topic": "feelings change",
            "target": 16936,
            "target name": "Esa",
            "state": "nothing",
            "friendship label": "indifferent",
            "relationship": 29143
          }
        ],
        "1213": [
          {
            "topic": "update",
            "update": "new friendship label",
            "relationship label": "sibling",
            "friendship label": "friend",
            "relationship": 26681
          },
          {
            "topic": "person died",
            "person": {
              "key": 12314,
              "name": "Oderada Midach",
              "age": 44,
              "alive": false,
              "sex": "f",
              "parents": "firstgen"
            },
            "cause": "illness",
            "friendship label": "indifferent",
            "label": "parent"
          }
        ],
        "1214": [
          {
            "topic": "person died",
            "person": {
              "key": 16936,
              "name": "Esa",
              "age": 12,
              "alive": false,
              "sex": "f",
              "parents": {
                "mother": "Helyana (10928)",