{
  "17609": {
    "alive": true,
    "name": "Sarre",
    "surname": "Bone",
    "full name": "Sarre Bone",
    "born this way": {
      "sexuality label": "straight",
      "sexuality": 0.026,
      "romantic interest": 0.926,
      "sex interest": 0.846,
      "gender expression": 0.132,
      "sex": "f"
    },
    "age": 47,
    "birth year": 1202,
    "sex": "f",
    "faction": "Dogmatists",
    "income class": [
      2,
      "middle class"
    ],
    "personality": {
      "lawful-chaotic": 0.739,
      "nice-nasty": 0.881,
      "honest-false": 0.0,
      "dream": 0.237,
      "outgoing": 0.559
    },
    "attitude": {
      "dream": 0.237,
      "outgoing": 0.559
    },
    "homsoc": {
      "means": {
        "independent": true,
        "taken_care_of": false,
        "caretaker": true,
        "needs_care": false,
        "flags": [
          "starving"
        ]
      },
      "expression": {
        "sexuality expression": 0.019,
        "gender expression expression": 0.064
      }
    },
    "network": {
      "parents": {
        "mother": "Marisseis (10082)",
        "father": "Amisius (10081)"
      },
      "children": {},
      "relationship keys": {
        "parent": [
          17610,
          17611
        ],
        "sibling": [
          17612
        ],
        "unrelated": [
          55115
        ]
      }
    },
    "occupation": {
      "has job": true,
      "income class": [
        2,
        "middle class"
      ],
      "income": 1.1629999999999998,
      "all_incomes": [
        0.986,
        0.6880000000000001,
        0.8230000000000001,
        0.541,
        0.41500000000000004,
        0.499,
        0.596,
        0.746,
        0.91,
        0.9410000000000001,
        0.752,
        0.908,
        0.632,
        0.7080000000000001,
        0.6930000000000001,
        0.809,
        0.8340000000000001,
        1.003,
        1.2149999999999999,
        1.194,
        1.524,
        1.524,
        1.524,
        1.49,
        1.4329999999999998,
        1.524,
        1.524,
        1.524,
        1.416,
        0.9610000000000001,
        1.1629999999999998
      ],
      "job": {
        "lawful": true,
        "honest": false
      }
    },
    "genetics": {
      "skin_color": 7,
      "eye_color": "blue",
      "hair_color": "black",
      "hair_color_code": 0,
      "hair_type": [
        "C",
        "C"
      ],
      "health": 0.73,
      "fertility": 0.723,
      "communication_impaired": false,
      "mobility_impaired": false,
      "cognitive_impaired": false,
      "disabilities": []
    },
    "memory": {
      "health": {
        "1203": {
          "health": {
            "change": false,
            "value_change": 0.0,
            "new_health": 0.73
          },
          "death": false
        }
      },
      "events": {
        "1202": [
          {
            "topic": "birth",
            "year": 1202
          },
          {
            "topic": "new relationship",
            "key": 17610,
            "people": [
              10081,
              17609
            ],
            "people names": [
              "Amisius Bone",
              "Sarre Bone"
            ],
            "people ages": [
              49,
              0
            ],
            "label": "parentchild",
            "committed": false
          },
          {
            "topic": "new relationship",
            "key": 17611,
            "people": [
              10082,
              17609
            ],
            "people names": [
              "Marisseis Bloeme",
              "Sarre Bone"
            ],
            "people ages": [
              41,
              0
            ],
            "label": "parentchild",
            "committed": false
          },
          {
            "topic": "new relationship",
            "key": 17612,
            "people": [
              12934,
              17609
            ],
            "people names": [
              "Bartholomeus Bone",
              "Sarre Bone"
            ],
            "people ages": [
              2,
              0
            ],
            "label": "sibling",
            "committed": false
          }
        ],
        "1204": [
          {
            "topic": "person died",
            "person": {
              "key": 10082,
              "name": "Marisseis Bloeme",
              "age": 43,
              "alive": false,
              "sex": "f",
              "parents": "firstgen"
            },
            "cause": "illness",
            "friendship label": "indifferent",
            "label": "parent"
          }
        ],
        "1207": [
          {
            "topic": "not enough income",
            "income": 0.025,
            "inhabitants": [
              17609
            ]
          }
        ],
        "1208": [
          {
            "topic": "not enough income",
            "income": 0.025,
            "inhabitants": [
              17609
            ]
          }
        ],
        "1209": [
          {
            "topic": "person died",
            "person": {
              "key": 10081,
              "name": "Amisius Bone",
              "age": 56,
              "alive": false,
              "sex": "m",
              "parents": "firstgen"
            },
            "cause": "sickness",
            "friendship label": "indifferent",
            "label": "parent"
          },
          {
            "topic": "not enough income",
            "income": 0.025,
            "inhabitants": [
              17609
            ]
          }
        ],
        "1210": [
          {
            "topic": "not enough income",
            "income": 0,
            "inhabitants": [
              17609
            ]
          }
        ],
        "1211": [
          {
            "topic": "not enough income",
            "income": 0,
            "inhabitants": [
              17609
            ]
          }
        ],
        "1212": [
          {
            "topic": "not enough income",
            "income": 0,
            "inhabitants": [
              17609
            ]
          }
        ],
        "1213": [
          {
            "topic": "person died",
            "person": {
              "key": 12934,
              "name": "Bartholomeus Bone",
              "age": 13,
              "alive": false,
              "sex": "m",
              "parents": {
                "mother": "Marisseis (10082)",
                "father": "Amisius (10081)"
              }
            },
            "cause": "starvation",
            "friendship label": "friend",
            "label": "sibling"
          },
          {
            "topic": "not enough income",
            "income": 0,
            "inhabitants": [
              17609
            ]
          }
        ],
        "1214": [
          {
            "topic": "not enough income",
            "income": 0,
            "inhabitants": [
              17609
            ]
          }
        ],
        "1215": [
          {
            "topic": "event",
            "event": "plague",
            "year": 1215
          },
          {
            "topic": "not enough income",
            "income": 0,
            "inhabitants": [
              17609
            ]
          }
        ],
        "1216": [
          {
            "topic": "not enough income",
            "income": 0,
            "inhabitants": [
              17609
            ]
          }
        ],
        "1217": [
          {
            "topic": "not enough income",
            "income": 0,
            "inhabitants": [
              17609
            ]
          }
        ],
        "1218": [
          {
            "topic": "not enough income",
            "income": 0,
            "inhabitants": [
              17609
            ]
          }
        ],
        "1219": [
          {
            "topic": "job notice",
            "notice": "found job",