{
  "17635": {
    "alive": true,
    "name": "Ghodelde",
    "surname": "Scoreel",
    "full name": "Ghodelde Scoreel",
    "born this way": {
      "sexuality label": "straight",
      "sexuality": 0.06,
      "romantic interest": 0.852,
      "sex interest": 0.603,
      "gender expression": 0.049,
      "sex": "f"
    },
    "age": 47,
    "birth year": 1202,
    "sex": "f",
    "faction": "No religion",
    "income class": [
      3,
      "upper middle class"
    ],
    "personality": {
      "lawful-chaotic": 0.099,
      "nice-nasty": 0.776,
      "honest-false": 0.746,
      "dream": 0.031,
      "outgoing": 0.387
    },
    "attitude": {
      "dream": 0.031,
      "outgoing": 0.387
    },
    "homsoc": {
      "means": {
        "independent": true,
        "taken_care_of": false,
        "caretaker": true,
        "needs_care": false,
        "flags": []
      },
      "expression": {
        "sexuality expression": 0.049,
        "gender expression expression": 0.02
      }
    },
    "network": {
      "parents": {
        "mother": "Linnea (11912)",
        "father": "Karel (11911)"
      },
      "children": {},
      "relationship keys": {
        "parent": [
          17636,
          17637
        ],
        "sibling": [
          17638,
          23240,
          37126,
          40288
        ]
      }
    },
    "occupation": {
      "has job": true,
      "income class": [
        3,
        "upper middle class"
      ],
      "income": 1.5490000000000002,
      "all_incomes": [
        1.031,
        1.107,
        1.249,
        1.2570000000000001,
        1.343,
        1.3780000000000001,
        1.348,
        1.413,
        1.536,
        1.5490000000000002,
        1.5490000000000002,
        1.5090000000000001,
        1.5490000000000002,
        1.5490000000000002,
        1.5490000000000002,
        1.5490000000000002,
        1.5450000000000002,
        1.5490000000000002,
        1.5070000000000001,
        1.52,
        1.5490000000000002,
        1.544,
        1.542,
        1.488,
        1.5490000000000002,
        1.5490000000000002,
        1.5490000000000002,
        1.542,
        1.5490000000000002,
        1.5490000000000002,
        1.5490000000000002
      ],
      "job": {
        "lawful": true,
        "honest": true
      }
    },
    "genetics": {
      "skin_color": 5,
      "eye_color": "brown",
      "hair_color": "black",
      "hair_color_code": 0,
      "hair_type": [
        "S",
        "C"
      ],
      "health": 0.271,
      "fertility": 0.649,
      "communication_impaired": false,
      "mobility_impaired": false,
      "cognitive_impaired": false,
      "disabilities": []
    },
    "memory": {
      "health": {
        "1203": {
          "health": {
            "change": false,
            "value_change": 0.0,
            "new_health": 0.628
          },
          "death": false
        },
        "1206": {
          "health": {
            "change": true,
            "value_change": -0.188,
            "new_health": 0.44
          },
          "death": false
        },
        "1207": {
          "health": {
            "change": false,
            "value_change": 0.0,
            "new_health": 0.44
          },
          "death": false
        },
        "1208": {
          "health": {
            "change": true,
            "value_change": -0.169,
            "new_health": 0.271
          },
          "death": false
        },
        "1209": {
          "health": {
            "change": false,
            "value_change": 0.0,
            "new_health": 0.271
          },
          "death": false
        }
      },
      "events": {
        "1202": [
          {
            "topic": "birth",
            "year": 1202
          },
          {
            "topic": "new relationship",
            "key": 17636,
            "people": [
              11911,
              17635
            ],
            "people names": [
              "Karel Scoreel",
              "Ghodelde Scoreel"
            ],
            "people ages": [
              39,
              0
            ],
            "label": "parentchild",
            "committed": false
          },
          {
            "topic": "new relationship",
            "key": 17637,
            "people": [
              11912,
              17635
            ],
            "people names": [
              "Linnea Kics",
              "Ghodelde Scoreel"
            ],
            "people ages": [
              32,
              0
            ],
            "label": "parentchild",
            "committed": false
          },
          {
            "topic": "new relationship",
            "key": 17638,
            "people": [
              13333,
              17635
            ],
            "people names": [
              "Aleberna Scoreel",
              "Ghodelde Scoreel"
            ],
            "people ages": [
              1,
              0
            ],
            "label": "sibling",
            "committed": false
          }
        ],
        "1205": [
          {
            "topic": "new relationship",
            "key": 23240,
            "people": [
              17635,
              23236
            ],
            "people names": [
              "Ghodelde Scoreel",
              "Bartholomeus Scoreel"
            ],
            "people ages": [
              2,
              0
            ],
            "label": "sibling",
            "committed": false
          }
        ],
        "1209": [
          {
            "topic": "update",
            "update": "new friendship label",
            "relationship label": "sibling",
            "friendship label": "indifferent",
            "relationship": 23240
          },
          {
            "topic": "update",
            "update": "new friendship label",
            "relationship label": "sibling",
            "friendship label": "indifferent",
            "relationship": 17638
          }
        ],
        "1213": [
          {
            "topic": "new relationship",
            "key": 37126,
            "people": [
              17635,
              37122
            ],
            "people names": [
              "Ghodelde Scoreel",
              "Lutghardis Scoreel"
            ],
            "people ages": [
              10,
              0
            ],
            "label": "sibling",
            "committed": false
          }
        ],
        "1215": [
          {
            "topic": "event",
            "event": "plague",
            "year": 1215
          },
          {
            "topic": "new relationship",
            "key": 40288,
            "people": [
              17635,
              40284
            ],
            "people names": [
              "Ghodelde Scoreel",
              "Voghel Scoreel"
            ],
            "people ages": [
              13,
              0
            ],
            "label": "sibling",
            "committed": false
          }
        ],
        "1217": [
          {
            "topic": "update",
            "update": "new friendship label",
            "relationship label": "sibling",
            "friendship label": "indifferent",
            "relationship": 37126
          },
          {
            "topic": "person died",
            "person": {
              "key": 11911,
              "name": "Karel Scoreel",
              "age": 54,
              "alive": false,
              "sex": "m",
              "parents": "firstgen"
            },
            "cause": "sickness",
            "friendship label": "indifferent",
            "label": "parent"
          }
        ],
        "1219": [
          {
            "topic": "job notice",
            "notice": "found job",
            "income": 1.031
          },
          {
            "topic": "update",
            "update": "new friendship label",
            "relationship label": "sibling",
            "friendship label": "indifferent",