{
  "17675": {
    "alive": true,
    "name": "Flore",
    "surname": "",
    "full name": "Flore",
    "born this way": {
      "sexuality label": "gay",
      "sexuality": 0.968,
      "romantic interest": 0.763,
      "sex interest": 0.669,
      "gender expression": 0.402,
      "sex": "f"
    },
    "age": 47,
    "birth year": 1202,
    "sex": "f",
    "faction": "Zealots",
    "income class": [
      3,
      "upper middle class"
    ],
    "personality": {
      "lawful-chaotic": 0.674,
      "nice-nasty": 0.298,
      "honest-false": 0.967,
      "dream": 0.647,
      "outgoing": 0.338
    },
    "attitude": {
      "dream": 0.647,
      "outgoing": 0.338
    },
    "homsoc": {
      "means": {
        "independent": true,
        "taken_care_of": false,
        "caretaker": true,
        "needs_care": false,
        "flags": []
      },
      "expression": {
        "sexuality expression": 0.967,
        "gender expression expression": 0.181
      }
    },
    "network": {
      "parents": {
        "mother": "Ricmoden (12623)",
        "father": "Sanse (12622)"
      },
      "children": {},
      "relationship keys": {
        "parent": [
          17676,
          17677
        ],
        "sibling": [
          17678,
          18867,
          26243,
          27338,
          35956
        ],
        "unrelated": [
          61567,
          63188,
          74190
        ]
      }
    },
    "occupation": {
      "has job": true,
      "income class": [
        3,
        "upper middle class"
      ],
      "income": 1.5490000000000002,
      "all_incomes": [
        1.031,
        1.2530000000000001,
        1.207,
        1.241,
        1.216,
        1.363,
        1.438,
        1.5490000000000002,
        1.5490000000000002,
        1.5490000000000002,
        1.546,
        1.5490000000000002,
        1.4100000000000001,
        1.475,
        1.5490000000000002,
        1.5090000000000001,
        1.5490000000000002,
        1.5490000000000002,
        1.5290000000000001,
        1.4240000000000002,
        1.445,
        1.5490000000000002,
        1.484,
        1.5490000000000002,
        1.5490000000000002,
        1.5490000000000002,
        1.5490000000000002,
        1.5490000000000002,
        1.5490000000000002
      ],
      "job": {
        "lawful": false,
        "honest": true
      }
    },
    "genetics": {
      "skin_color": 5,
      "eye_color": "brown",
      "hair_color": "black",
      "hair_color_code": 0,
      "hair_type": [
        "S",
        "S"
      ],
      "health": 0.752,
      "fertility": 0.792,
      "communication_impaired": false,
      "mobility_impaired": false,
      "cognitive_impaired": false,
      "disabilities": []
    },
    "memory": {
      "health": {
        "1203": {
          "health": {
            "change": false,
            "value_change": 0.0,
            "new_health": 0.752
          },
          "death": false
        }
      },
      "events": {
        "1202": [
          {
            "topic": "birth",
            "year": 1202
          },
          {
            "topic": "new relationship",
            "key": 17676,
            "people": [
              12622,
              17675
            ],
            "people names": [
              "Sanse Magnus",
              "Flore"
            ],
            "people ages": [
              49,
              0
            ],
            "label": "parentchild",
            "committed": false
          },
          {
            "topic": "new relationship",
            "key": 17677,
            "people": [
              12623,
              17675
            ],
            "people names": [
              "Ricmoden Ickbier",
              "Flore"
            ],
            "people ages": [
              30,
              0
            ],
            "label": "parentchild",
            "committed": false
          },
          {
            "topic": "new relationship",
            "key": 17678,
            "people": [
              14458,
              17675
            ],
            "people names": [
              "Gisekin Magnus",
              "Flore"
            ],
            "people ages": [
              1,
              0
            ],
            "label": "sibling",
            "committed": false
          }
        ],
        "1203": [
          {
            "topic": "new relationship",
            "key": 18867,
            "people": [
              17675,
              18863
            ],
            "people names": [
              "Flore",
              "Marie Magnus"
            ],
            "people ages": [
              0,
              0
            ],
            "label": "sibling",
            "committed": false
          }
        ],
        "1206": [
          {
            "topic": "update",
            "update": "new friendship label",
            "relationship label": "sibling",
            "friendship label": "indifferent",
            "relationship": 17678
          },
          {
            "topic": "new relationship",
            "key": 26243,
            "people": [
              17675,
              26239
            ],
            "people names": [
              "Flore",
              "Godelief Magnus"
            ],
            "people ages": [
              3,
              0
            ],
            "label": "sibling",
            "committed": false
          }
        ],
        "1207": [
          {
            "topic": "new relationship",
            "key": 27338,
            "people": [
              17675,
              27334
            ],
            "people names": [
              "Flore",
              "Oda Magnus"
            ],
            "people ages": [
              4,
              0
            ],
            "label": "sibling",
            "committed": false
          }
        ],
        "1212": [
          {
            "topic": "new relationship",
            "key": 35956,
            "people": [
              17675,
              35952
            ],
            "people names": [
              "Flore",
              "Ghisebrecht Magnus"
            ],
            "people ages": [
              9,
              0
            ],
            "label": "sibling",
            "committed": false
          },
          {
            "topic": "person died",
            "person": {
              "key": 12622,
              "name": "Sanse Magnus",
              "age": 59,
              "alive": false,
              "sex": "m",
              "parents": "firstgen"
            },
            "cause": "sickness",
            "friendship label": "indifferent",
            "label": "parent"
          }
        ],
        "1214": [
          {
            "topic": "update",
            "update": "new friendship label",
            "relationship label": "sibling",
            "friendship label": "friend",
            "relationship": 35956
          }
        ],
        "1215": [
          {
            "topic": "event",
            "event": "plague",
            "year": 1215
          },
          {
            "topic": "personality change",
            "change": true,
            "trait": "lawful-chaotic",
            "trigger": "trauma",
            "mod": -0.107
          }
        ],
        "1216": [
          {
            "topic": "update",
            "update": "new friendship label",
            "relationship label": "sibling",
            "friendship label": "friend",
            "relationship": 18867
          },
          {
            "topic": "update",
            "update": "new friendship label",
            "relationship label": "sibling",
            "friendship label": "friend",
            "relationship": 35956
          }
        ],
        "1217": [
          {
            "topic": "update",
            "update": "new friendship label",
            "relationship label": "sibling",
            "friendship label": "friend",