{
  "17728": {
    "alive": true,
    "name": "Breghlent",
    "surname": "Alemsdochter",
    "full name": "Breghlent Alemsdochter",
    "born this way": {
      "sexuality label": "gay",
      "sexuality": 0.838,
      "romantic interest": 0.697,
      "sex interest": 0.669,
      "gender expression": 0.147,
      "sex": "f"
    },
    "age": 47,
    "birth year": 1202,
    "sex": "f",
    "faction": "Zealots",
    "income class": [
      3,
      "upper middle class"
    ],
    "personality": {
      "lawful-chaotic": 0.324,
      "nice-nasty": 0.761,
      "honest-false": 0.535,
      "dream": 0.191,
      "outgoing": 0.473
    },
    "attitude": {
      "dream": 0.191,
      "outgoing": 0.473
    },
    "homsoc": {
      "means": {
        "independent": true,
        "taken_care_of": false,
        "caretaker": true,
        "needs_care": false,
        "flags": [
          "starving"
        ]
      },
      "expression": {
        "sexuality expression": 0.614,
        "gender expression expression": 0.109
      }
    },
    "network": {
      "parents": {
        "mother": "Hodine (11915)",
        "father": "Alem (11914)"
      },
      "children": {
        "75387": {
          "key": 75387,
          "name": "Sara Eghenonissdochter",
          "age": 1,
          "alive": true,
          "sex": "f",
          "parents": {
            "mother": "Breghlent (17728)",
            "father": "Eghenonis (17581)"
          }
        }
      },
      "relationship keys": {
        "parent": [
          17729,
          17730
        ],
        "sibling": [
          24386
        ],
        "unrelated": [
          51910,
          69303,
          71346
        ],
        "spouse": [
          66873
        ],
        "child": {
          "birth": [
            75389
          ]
        }
      }
    },
    "occupation": {
      "has job": true,
      "income class": [
        3,
        "upper middle class"
      ],
      "income": 1.51,
      "all_incomes": [
        0.961,
        1.095,
        1.115,
        1.196,
        1.24,
        1.266,
        1.366,
        1.393,
        1.5250000000000001,
        1.518,
        1.5150000000000001,
        1.5290000000000001,
        1.5490000000000002,
        1.5490000000000002,
        1.5490000000000002,
        1.5490000000000002,
        1.5490000000000002,
        1.5490000000000002,
        1.5490000000000002,
        1.5490000000000002,
        1.5490000000000002,
        1.5490000000000002,
        1.5490000000000002,
        1.5490000000000002,
        1.5490000000000002,
        1.5490000000000002,
        1.51
      ],
      "job": {
        "lawful": true,
        "honest": true
      }
    },
    "genetics": {
      "skin_color": 4,
      "eye_color": "blue",
      "hair_color": "red",
      "hair_color_code": 3,
      "hair_type": [
        "S",
        "S"
      ],
      "health": 0.678,
      "fertility": 0.625,
      "communication_impaired": false,
      "mobility_impaired": false,
      "cognitive_impaired": false,
      "disabilities": []
    },
    "memory": {
      "health": {
        "1203": {
          "health": {
            "change": false,
            "value_change": 0.0,
            "new_health": 0.678
          },
          "death": false
        }
      },
      "events": {
        "1202": [
          {
            "topic": "birth",
            "year": 1202
          },
          {
            "topic": "new relationship",
            "key": 17729,
            "people": [
              11914,
              17728
            ],
            "people names": [
              "Alem Vekenstyl",
              "Breghlent Alemsdochter"
            ],
            "people ages": [
              39,
              0
            ],
            "label": "parentchild",
            "committed": false
          },
          {
            "topic": "new relationship",
            "key": 17730,
            "people": [
              11915,
              17728
            ],
            "people names": [
              "Hodine Burne",
              "Breghlent Alemsdochter"
            ],
            "people ages": [
              36,
              0
            ],
            "label": "parentchild",
            "committed": false
          }
        ],
        "1205": [
          {
            "topic": "new relationship",
            "key": 24386,
            "people": [
              17728,
              24383
            ],
            "people names": [
              "Breghlent Alemsdochter",
              "Stoethoute Vekenstyl"
            ],
            "people ages": [
              2,
              0
            ],
            "label": "sibling",
            "committed": false
          }
        ],
        "1209": [
          {
            "topic": "update",
            "update": "new friendship label",
            "relationship label": "sibling",
            "friendship label": "indifferent",
            "relationship": 24386
          }
        ],
        "1215": [
          {
            "topic": "event",
            "event": "plague",
            "year": 1215
          }
        ],
        "1217": [
          {
            "topic": "person died",
            "person": {
              "key": 11914,
              "name": "Alem Vekenstyl",
              "age": 55,
              "alive": false,
              "sex": "m",
              "parents": "firstgen"
            },
            "cause": "sickness",
            "friendship label": "indifferent",
            "label": "parent"
          }
        ],
        "1218": [
          {
            "topic": "not enough income",
            "income": 0,
            "inhabitants": []
          }
        ],
        "1219": [
          {
            "topic": "update",
            "update": "new friendship label",
            "relationship label": "parentchild",
            "friendship label": "friend",
            "relationship": 17730
          },
          {
            "topic": "person died",
            "person": {
              "key": 11915,
              "name": "Hodine Burne",
              "age": 54,
              "alive": false,
              "sex": "f",
              "parents": "firstgen"
            },
            "cause": "starvation",
            "friendship label": "friend",
            "label": "parent"
          }
        ],
        "1220": [
          {
            "topic": "not enough income",
            "income": 0,
            "inhabitants": []
          }
        ],
        "1221": [
          {
            "topic": "not enough income",
            "income": 0,
            "inhabitants": []
          }
        ],
        "1222": [
          {
            "topic": "not enough income",
            "income": 0,
            "inhabitants": []
          }
        ],
        "1223": [
          {
            "topic": "event",
            "event": "plague",
            "year": 1223
          },
          {
            "topic": "job notice",
            "notice": "found job",
            "income": 0.961
          },
          {
            "topic": "not enough income",
            "income": 0,
            "inhabitants": []
          }
        ],
        "1224": [
          {
            "topic": "job notice",
            "notice": "comfortable earnings",
            "income": 1.095
          }
        ],
        "1229": [
          {
            "topic": "new relationship",
            "key": 51910,
            "people": [
              29609,
              17728
            ],
            "people names": [
              "Trueb Rouer",
              "Breghlent Alemsdochter"
            ],
            "people ages": [
              21,
              27
            ],
            "label": "unrelated",
            "committed": false
          }
        ],
        "1232": [
          {
            "topic": "event",
            "event": "war",
            "year": 1232
          }
        ],