{
  "17749": {
    "alive": true,
    "name": "Lelien",
    "surname": "Capoen",
    "full name": "Lelien Capoen",
    "born this way": {
      "sexuality label": "straight",
      "sexuality": 0.0,
      "romantic interest": 0.481,
      "sex interest": 0.818,
      "gender expression": 0.262,
      "sex": "f"
    },
    "age": 47,
    "birth year": 1202,
    "sex": "f",
    "faction": "Dogmatists",
    "income class": [
      3,
      "upper middle class"
    ],
    "personality": {
      "lawful-chaotic": 0.398,
      "nice-nasty": 0.616,
      "honest-false": 0.786,
      "dream": 0.263,
      "outgoing": 0.646
    },
    "attitude": {
      "dream": 0.263,
      "outgoing": 0.646
    },
    "homsoc": {
      "means": {
        "independent": true,
        "taken_care_of": false,
        "caretaker": true,
        "needs_care": false,
        "flags": [
          "starving"
        ]
      },
      "expression": {
        "sexuality expression": -0.001,
        "gender expression expression": 0.106
      }
    },
    "network": {
      "parents": {
        "mother": "Saswe (12704)",
        "father": "Vesse (12703)"
      },
      "children": {},
      "relationship keys": {
        "parent": [
          17750,
          17751
        ],
        "sibling": [
          17752,
          17753,
          20381,
          22781,
          36069,
          38600,
          43573
        ],
        "unrelated": [
          45393,
          48046,
          56734
        ],
        "spouse": [
          72291
        ]
      }
    },
    "occupation": {
      "has job": true,
      "income class": [
        3,
        "upper middle class"
      ],
      "income": 1.451,
      "all_incomes": [
        1.0,
        1.097,
        1.204,
        1.118,
        1.045,
        1.044,
        0.997,
        1.165,
        1.1660000000000001,
        1.2610000000000001,
        0.9720000000000001,
        1.1740000000000002,
        1.329,
        1.4100000000000001,
        1.5490000000000002,
        1.5490000000000002,
        1.5490000000000002,
        1.5490000000000002,
        1.5490000000000002,
        1.5490000000000002,
        1.5490000000000002,
        1.5490000000000002,
        1.5490000000000002,
        1.5490000000000002,
        1.546,
        1.5490000000000002,
        1.454,
        1.451
      ],
      "job": {
        "lawful": false,
        "honest": true
      }
    },
    "genetics": {
      "skin_color": 5,
      "eye_color": "green",
      "hair_color": "black",
      "hair_color_code": 0,
      "hair_type": [
        "C",
        "C"
      ],
      "health": 0.69,
      "fertility": 0.753,
      "communication_impaired": false,
      "mobility_impaired": false,
      "cognitive_impaired": false,
      "disabilities": []
    },
    "memory": {
      "health": {
        "1203": {
          "health": {
            "change": false,
            "value_change": 0.0,
            "new_health": 0.69
          },
          "death": false
        }
      },
      "events": {
        "1202": [
          {
            "topic": "birth",
            "year": 1202
          },
          {
            "topic": "new relationship",
            "key": 17750,
            "people": [
              12703,
              17749
            ],
            "people names": [
              "Vesse Capoen",
              "Lelien Capoen"
            ],
            "people ages": [
              24,
              0
            ],
            "label": "parentchild",
            "committed": false
          },
          {
            "topic": "new relationship",
            "key": 17751,
            "people": [
              12704,
              17749
            ],
            "people names": [
              "Saswe Scenkel",
              "Lelien Capoen"
            ],
            "people ages": [
              21,
              0
            ],
            "label": "parentchild",
            "committed": false
          },
          {
            "topic": "new relationship",
            "key": 17752,
            "people": [
              12913,
              17749
            ],
            "people names": [
              "Kolekinus Capoen",
              "Lelien Capoen"
            ],
            "people ages": [
              2,
              0
            ],
            "label": "sibling",
            "committed": false
          },
          {
            "topic": "new relationship",
            "key": 17753,
            "people": [
              15101,
              17749
            ],
            "people names": [
              "Breghlent Capoen",
              "Lelien Capoen"
            ],
            "people ages": [
              0,
              0
            ],
            "label": "sibling",
            "committed": false
          }
        ],
        "1203": [
          {
            "topic": "update",
            "update": "new friendship label",
            "relationship label": "parentchild",
            "friendship label": "indifferent",
            "relationship": 17751
          },
          {
            "topic": "new relationship",
            "key": 20381,
            "people": [
              17749,
              20376
            ],
            "people names": [
              "Lelien Capoen",
              "Nellen Capoen"
            ],
            "people ages": [
              1,
              0
            ],
            "label": "sibling",
            "committed": false
          }
        ],
        "1204": [
          {
            "topic": "new relationship",
            "key": 22781,
            "people": [
              17749,
              22776
            ],
            "people names": [
              "Lelien Capoen",
              "Niels Capoen"
            ],
            "people ages": [
              2,
              0
            ],
            "label": "sibling",
            "committed": false
          }
        ],
        "1207": [
          {
            "topic": "update",
            "update": "new friendship label",
            "relationship label": "parentchild",
            "friendship label": "friend",
            "relationship": 17750
          },
          {
            "topic": "update",
            "update": "new friendship label",
            "relationship label": "sibling",
            "friendship label": "friend",
            "relationship": 17753
          }
        ],
        "1208": [
          {
            "topic": "update",
            "update": "new friendship label",
            "relationship label": "sibling",
            "friendship label": "indifferent",
            "relationship": 20381
          }
        ],
        "1212": [
          {
            "topic": "new relationship",
            "key": 36069,
            "people": [
              17749,
              36064
            ],
            "people names": [
              "Lelien Capoen",
              "Thedwi Capoen"
            ],
            "people ages": [
              9,
              0
            ],
            "label": "sibling",
            "committed": false
          }
        ],
        "1213": [
          {
            "topic": "update",
            "update": "new friendship label",
            "relationship label": "sibling",
            "friendship label": "indifferent",
            "relationship": 22781
          }
        ],
        "1214": [
          {
            "topic": "new relationship",
            "key": 38600,
            "people": [
              17749,
              38595
            ],
            "people names": [
              "Lelien Capoen",
              "Tiedeman Capoen"
            ],
            "people ages": [
              12,
              0
            ],
            "label": "sibling",
            "committed": false
          },
          {
            "topic": "not enough income",
            "income": 0.062,