{
  "17779": {
    "alive": true,
    "name": "Godeweris",
    "surname": "",
    "full name": "Godeweris",
    "born this way": {
      "sexuality label": "straight",
      "sexuality": 0.123,
      "romantic interest": 0.679,
      "sex interest": 0.503,
      "gender expression": 0.131,
      "sex": "f"
    },
    "age": 47,
    "birth year": 1202,
    "sex": "f",
    "faction": "No religion",
    "income class": [
      3,
      "upper middle class"
    ],
    "personality": {
      "lawful-chaotic": 0.303,
      "nice-nasty": 0.283,
      "honest-false": 0.527,
      "dream": 0.609,
      "outgoing": 0.559
    },
    "attitude": {
      "dream": 0.609,
      "outgoing": 0.559
    },
    "homsoc": {
      "means": {
        "independent": true,
        "taken_care_of": false,
        "caretaker": true,
        "needs_care": false,
        "flags": [
          "starving"
        ]
      },
      "expression": {
        "sexuality expression": 0.087,
        "gender expression expression": 0.0
      }
    },
    "network": {
      "parents": {
        "mother": "Hadewigis (11675)",
        "father": "Rissewint (11674)"
      },
      "children": {},
      "relationship keys": {
        "parent": [
          17780
        ],
        "sibling": [
          17781,
          17782,
          19444,
          24227,
          28843,
          29487,
          35669,
          44043
        ],
        "unrelated": [
          42781,
          52001,
          55012,
          69267,
          73261
        ]
      }
    },
    "occupation": {
      "has job": true,
      "income class": [
        3,
        "upper middle class"
      ],
      "income": 1.538,
      "all_incomes": [
        1.089,
        0.8490000000000001,
        0.993,
        1.2750000000000001,
        1.4100000000000001,
        1.448,
        1.383,
        1.487,
        1.5490000000000002,
        1.5490000000000002,
        1.5490000000000002,
        1.5490000000000002,
        1.5490000000000002,
        1.5490000000000002,
        1.421,
        1.5490000000000002,
        1.5490000000000002,
        1.437,
        1.354,
        1.1540000000000001,
        1.036,
        1.087,
        1.107,
        1.187,
        1.163,
        1.304,
        1.328,
        1.3820000000000001,
        1.5490000000000002,
        1.538
      ],
      "job": {
        "lawful": false,
        "honest": true
      }
    },
    "genetics": {
      "skin_color": 2,
      "eye_color": "blue",
      "hair_color": "red",
      "hair_color_code": 3,
      "hair_type": [
        "C",
        "C"
      ],
      "health": 0.836,
      "fertility": 0.87,
      "communication_impaired": false,
      "mobility_impaired": false,
      "cognitive_impaired": false,
      "disabilities": []
    },
    "memory": {
      "health": {
        "1203": {
          "health": {
            "change": false,
            "value_change": 0.0,
            "new_health": 0.836
          },
          "death": false
        }
      },
      "events": {
        "1202": [
          {
            "topic": "birth",
            "year": 1202
          },
          {
            "topic": "new relationship",
            "key": 17780,
            "people": [
              11675,
              17779
            ],
            "people names": [
              "Hadewigis",
              "Godeweris"
            ],
            "people ages": [
              30,
              0
            ],
            "label": "parentchild",
            "committed": false
          },
          {
            "topic": "new relationship",
            "key": 17781,
            "people": [
              14056,
              17779
            ],
            "people names": [
              "Wendelmodis van Hadewigis",
              "Godeweris"
            ],
            "people ages": [
              1,
              0
            ],
            "label": "sibling",
            "committed": false
          },
          {
            "topic": "new relationship",
            "key": 17782,
            "people": [
              15289,
              17779
            ],
            "people names": [
              "Claward van Rissewint",
              "Godeweris"
            ],
            "people ages": [
              1,
              0
            ],
            "label": "sibling",
            "committed": false
          },
          {
            "topic": "not enough income",
            "income": 0,
            "inhabitants": [
              17779,
              28839,
              29483,
              35665,
              44039,
              22633,
              71675
            ]
          }
        ],
        "1203": [
          {
            "topic": "new relationship",
            "key": 19444,
            "people": [
              17779,
              19440
            ],
            "people names": [
              "Godeweris",
              "Otto"
            ],
            "people ages": [
              0,
              0
            ],
            "label": "sibling",
            "committed": false
          },
          {
            "topic": "not enough income",
            "income": 0,
            "inhabitants": [
              17779,
              28839,
              29483,
              35665,
              44039,
              22633,
              71675
            ]
          }
        ],
        "1204": [
          {
            "topic": "not enough income",
            "income": 0,
            "inhabitants": [
              17779,
              28839,
              29483,
              35665,
              44039,
              22633,
              71675
            ]
          }
        ],
        "1205": [
          {
            "topic": "new relationship",
            "key": 24227,
            "people": [
              17779,
              24223
            ],
            "people names": [
              "Godeweris",
              "Ricmoden Rissewintsdochter"
            ],
            "people ages": [
              3,
              0
            ],
            "label": "sibling",
            "committed": false
          }
        ],
        "1207": [
          {
            "topic": "new relationship",
            "key": 28843,
            "people": [
              17779,
              28839
            ],
            "people names": [
              "Godeweris",
              "Richolfus Rissewintszoon"
            ],
            "people ages": [
              4,
              0
            ],
            "label": "sibling",
            "committed": false
          }
        ],
        "1208": [
          {
            "topic": "update",
            "update": "new friendship label",
            "relationship label": "sibling",
            "friendship label": "good friend",
            "relationship": 28843
          },
          {
            "topic": "new relationship",
            "key": 29487,
            "people": [
              17779,
              29483
            ],
            "people names": [
              "Godeweris",
              "Beatrice"
            ],
            "people ages": [
              5,
              0
            ],
            "label": "sibling",
            "committed": false
          }
        ],
        "1211": [
          {
            "topic": "update",
            "update": "new friendship label",
            "relationship label": "sibling",
            "friendship label": "friend",
            "relationship": 24227
          },
          {
            "topic": "update",
            "update": "new friendship label",
            "relationship label": "parentchild",
            "friendship label": "indifferent",
            "relationship": 17780
          }
        ],
        "1212": [
          {
            "topic": "new relationship",
            "key": 35669,
            "people": [
              17779,
              35665
            ],