{
  "17835": {
    "alive": false,
    "name": "Maelkin",
    "surname": "Voghelszoon",
    "full name": "Maelkin Voghelszoon",
    "born this way": {
      "sexuality label": "bi",
      "sexuality": 0.411,
      "romantic interest": 0.836,
      "sex interest": 0.652,
      "gender expression": 0.239,
      "sex": "m"
    },
    "age": 55,
    "birth year": 1206,
    "sex": "m",
    "faction": "No religion",
    "income class": [
      4,
      "nobility"
    ],
    "personality": {
      "lawful-chaotic": 0.999,
      "nice-nasty": 0.622,
      "honest-false": 0.85
    },
    "attitude": {
      "outgoing": 0.248,
      "dream": 0.602
    },
    "homsoc": {
      "means": {
        "independent": true,
        "taken_care_of": false,
        "caretaker": true,
        "needs_care": false,
        "flags": [
          "starving"
        ]
      },
      "expression": {
        "sexuality expression": 0.193,
        "gender expression expression": 0.216
      }
    },
    "network": {
      "parents": {
        "mother": "Marisseis (11669)",
        "father": "Voghel (11668)"
      },
      "children": {},
      "relationship keys": {
        "parent": [
          17836,
          17837
        ],
        "sibling": [
          17838,
          17839
        ],
        "nibling": [
          25937,
          27338,
          28150
        ]
      }
    },
    "occupation": {
      "has job": true,
      "income class": [
        4,
        "nobility"
      ],
      "income": 1.5990000000000002,
      "all_incomes": [
        0.954,
        0.984,
        1.1920000000000002,
        1.228,
        1.4380000000000002,
        1.5990000000000002,
        1.5990000000000002,
        1.5990000000000002,
        1.5990000000000002,
        1.5990000000000002,
        1.5950000000000002,
        1.5610000000000002,
        1.5990000000000002,
        1.5990000000000002,
        1.5990000000000002,
        1.5990000000000002,
        1.5990000000000002,
        1.4600000000000002,
        1.5990000000000002,
        1.5990000000000002,
        1.475,
        1.5990000000000002,
        1.5990000000000002,
        1.5990000000000002,
        1.443,
        1.5690000000000002,
        1.292,
        1.112,
        0.703,
        0.728,
        1.131,
        1.405,
        1.441,
        1.5990000000000002,
        1.365,
        1.53,
        1.5990000000000002,
        1.5990000000000002
      ],
      "job": {
        "lawful": true,
        "honest": false
      }
    },
    "genetics": {
      "skin_color": 7,
      "eye_color": "green",
      "hair_color": "black",
      "hair_color_code": 0,
      "hair_type": [
        "C",
        "C"
      ],
      "health": 0.272,
      "fertility": 0.819,
      "communication_impaired": false,
      "mobility_impaired": false,
      "cognitive_impaired": false,
      "disabilities": []
    },
    "memory": {
      "health": {
        "1207": {
          "health": {
            "change": false,
            "value_change": 0.0,
            "new_health": 0.815
          },
          "death": false
        },
        "1257": {
          "health": {
            "change": true,
            "value_change": -0.101,
            "new_health": 0.714
          },
          "death": false
        },
        "1258": {
          "health": {
            "change": false,
            "value_change": 0.0,
            "new_health": 0.714
          },
          "death": false
        },
        "1260": {
          "health": {
            "change": true,
            "value_change": -0.221,
            "new_health": 0.493
          },
          "death": false
        },
        "1261": {
          "health": {
            "change": true,
            "value_change": -0.221,
            "new_health": 0.272
          },
          "death": true
        }
      },
      "events": {
        "1206": [
          {
            "topic": "new home",
            "home": {
              "income class": 4,
              "income class label": "nobility",
              "section": "stLievevrouwe kerch.se3.c4",
              "street": "Lievevrouwe kerch",
              "neighborhood": "olvbuurt",
              "unique id": 588
            }
          }
        ],
        "1210": [
          {
            "topic": "person died",
            "person": {
              "key": 11668,
              "name": "Voghel Svancken",
              "age": 42,
              "alive": false,
              "sex": "m",
              "parents": "firstgen"
            },
            "cause": "illness",
            "label": "parent"
          }
        ],
        "1211": [
          {
            "topic": "not enough income",
            "income": 0,
            "inhabitants": [
              31777,
              37635,
              38346,
              43210,
              53284,
              59927,
              66603,
              68244,
              56622,
              60077,
              72881,
              72887,
              43265,
              77961,
              78244,
              46019,
              49167,
              82046,
              47890,
              87492,
              88003,
              89883,
              61705
            ]
          }
        ],
        "1212": [
          {
            "topic": "not enough income",
            "income": 0,
            "inhabitants": [
              31777,
              37635,
              38346,
              43210,
              53284,
              59927,
              66603,
              68244,
              56622,
              60077,
              72881,
              72887,
              43265,
              77961,
              78244,
              46019,
              49167,
              82046,
              47890,
              87492,
              88003,
              89883,
              61705
            ]
          }
        ],
        "1213": [
          {
            "topic": "not enough income",
            "income": 0,
            "inhabitants": [
              31777,
              37635,
              38346,
              43210,
              53284,
              59927,
              66603,
              68244,
              56622,
              60077,
              72881,
              72887,
              43265,
              77961,
              78244,
              46019,
              49167,
              82046,
              47890,
              87492,
              88003,
              89883,
              61705
            ]
          }
        ],
        "1214": [
          {
            "topic": "update",
            "update": "new friendship label",
            "relationship label": "parentchild",
            "friendship label": "indifferent",
            "relationship": 17837
          },
          {
            "topic": "not enough income",
            "income": 0,
            "inhabitants": [
              31777,
              37635,
              38346,
              43210,
              53284,
              59927,
              66603,
              68244,
              56622,
              60077,
              72881,
              72887,
              43265,
              77961,
              78244,
              46019,
              49167,
              82046,
              47890,
              87492,
              88003,
              89883,
              61705
            ]
          }
        ],
        "1215": [
          {
            "topic": "event",
            "event": "plague",
            "year": 1215
          },
          {
            "topic": "not enough income",
            "income": 0,