{
  "17870": {
    "alive": true,
    "name": "Geile",
    "surname": "Florenssdochter",
    "full name": "Geile Florenssdochter",
    "born this way": {
      "sexuality label": "straight",
      "sexuality": 0.029,
      "romantic interest": 0.55,
      "sex interest": 0.956,
      "gender expression": 0.227,
      "sex": "f"
    },
    "age": 47,
    "birth year": 1202,
    "sex": "f",
    "faction": "No religion",
    "income class": [
      3,
      "upper middle class"
    ],
    "personality": {
      "lawful-chaotic": 0.694,
      "nice-nasty": 0.123,
      "honest-false": 0.999,
      "dream": 0.343,
      "outgoing": 0.797
    },
    "attitude": {
      "dream": 0.343,
      "outgoing": 0.797
    },
    "homsoc": {
      "means": {
        "independent": true,
        "taken_care_of": false,
        "caretaker": true,
        "needs_care": false,
        "flags": [
          "neglected"
        ]
      },
      "expression": {
        "sexuality expression": 0.021,
        "gender expression expression": 0.098
      }
    },
    "network": {
      "parents": {
        "mother": {
          "key": 11723,
          "name": "Lenildis Aec",
          "age": 22,
          "alive": false,
          "sex": "f",
          "parents": "firstgen"
        },
        "father": {
          "key": 11722,
          "name": "Florens",
          "age": 56,
          "alive": false,
          "sex": "m",
          "parents": "firstgen"
        }
      },
      "children": {},
      "relationship keys": {
        "parent": [
          17871,
          17872
        ],
        "sibling": [
          17873,
          19632
        ],
        "unrelated": [
          28665,
          65051
        ]
      }
    },
    "occupation": {
      "has job": true,
      "income class": [
        3,
        "upper middle class"
      ],
      "income": 1.421,
      "all_incomes": [
        0.936,
        0.9,
        0.893,
        0.804,
        0.745,
        0.5700000000000001,
        0.5850000000000001,
        0.5720000000000001,
        0.538,
        0.5780000000000001,
        0.869,
        0.7340000000000001,
        0.896,
        0.9580000000000001,
        1.1460000000000001,
        1.1720000000000002,
        1.432,
        1.489,
        1.506,
        1.5490000000000002,
        1.486,
        1.438,
        1.5490000000000002,
        1.5490000000000002,
        1.5490000000000002,
        1.495,
        1.452,
        1.421
      ],
      "job": {
        "lawful": false,
        "honest": true
      }
    },
    "genetics": {
      "skin_color": 5,
      "eye_color": "blue",
      "hair_color": "red",
      "hair_color_code": 3,
      "hair_length": "medium",
      "beauty": 0.686,
      "hair_type": [
        "C",
        "S"
      ],
      "health": 0.709,
      "fertility": 0.707,
      "communication_impaired": false,
      "mobility_impaired": false,
      "cognitive_impaired": false,
      "disabilities": []
    },
    "memory": {
      "health": {
        "1203": {
          "health": {
            "change": false,
            "value_change": 0.0,
            "new_health": 0.709
          },
          "death": false
        }
      },
      "homsoc": {
        "1203": {
          "independent": false,
          "needs_care": true,
          "taken_care_of": true,
          "caretaker": true
        },
        "1204": {
          "independent": false,
          "needs_care": true,
          "taken_care_of": false,
          "caretaker": true
        },
        "1218": {
          "independent": false,
          "needs_care": false,
          "taken_care_of": false,
          "caretaker": true
        },
        "1223": {
          "independent": true,
          "needs_care": false,
          "taken_care_of": false,
          "caretaker": true
        },
        "1226": {
          "independent": false,
          "needs_care": false,
          "taken_care_of": false,
          "caretaker": true
        },
        "1232": {
          "independent": true,
          "needs_care": false,
          "taken_care_of": false,
          "caretaker": true
        },
        "1233": {
          "independent": false,
          "needs_care": false,
          "taken_care_of": false,
          "caretaker": true
        },
        "1234": {
          "independent": true,
          "needs_care": false,
          "taken_care_of": false,
          "caretaker": true
        }
      },
      "ocupation": {
        "1203": {
          "has job": false,
          "income": 0
        },
        "1204": {
          "has job": false,
          "income": 0
        },
        "1205": {
          "has job": false,
          "income": 0
        },
        "1206": {
          "has job": false,
          "income": 0
        },
        "1207": {
          "has job": false,
          "income": 0
        },
        "1208": {
          "has job": false,
          "income": 0
        },
        "1209": {
          "has job": false,
          "income": 0
        },
        "1210": {
          "has job": false,
          "income": 0
        },
        "1211": {
          "has job": false,
          "income": 0
        },
        "1212": {
          "has job": false,
          "income": 0
        },
        "1213": {
          "has job": false,
          "income": 0
        },
        "1214": {
          "has job": false,
          "income": 0
        },
        "1215": {
          "has job": false,
          "income": 0
        },
        "1216": {
          "has job": false,
          "income": 0
        },
        "1217": {
          "has job": false,
          "income": 0
        },
        "1218": {
          "has job": false,
          "income": 0
        },
        "1219": {
          "has job": false,
          "income": 0
        },
        "1220": {
          "has job": false,
          "income": 0
        },
        "1221": {
          "has job": false,
          "income": 0
        },
        "1222": {
          "has job": false,
          "income": 0
        },
        "1223": {
          "has job": true,
          "income": 0.9
        },
        "1224": {
          "has job": true,
          "income": 0.893
        },
        "1225": {
          "has job": true,
          "income": 0.804
        },
        "1226": {
          "has job": true,
          "income": 0.745
        },
        "1227": {
          "has job": true,
          "income": 0.5700000000000001
        },
        "1228": {
          "has job": true,
          "income": 0.5850000000000001
        },
        "1229": {
          "has job": true,
          "income": 0.5720000000000001
        },
        "1230": {
          "has job": true,
          "income": 0.538
        },
        "1231": {
          "has job": true,
          "income": 0.5780000000000001
        },
        "1232": {
          "has job": true,
          "income": 0.869
        },
        "1233": {
          "has job": true,
          "income": 0.7340000000000001
        },
        "1234": {
          "has job": true,
          "income": 0.896
        },
        "1235": {
          "has job": true,
          "income": 0.9580000000000001
        },
        "1236": {
          "has job": true,
          "income": 1.1460000000000001
        },
        "1237": {
          "has job": true,
          "income": 1.1720000000000002
        },
        "1238": {
          "has job": true,
          "income": 1.432
        },
        "1239": {
          "has job": true,
          "income": 1.489
        },
        "1240": {
          "has job": true,
          "income": 1.506
        },
        "1241": {
          "has job": true,
          "income": 1.5490000000000002
        },
        "1242": {
          "has job": true,
          "income": 1.486
        },
        "1243": {
          "has job": true,
          "income": 1.438
        },
        "1244": {
          "has job": true,
          "income": 1.5490000000000002
        },