{
  "17955": {
    "alive": true,
    "name": "Rembrandus",
    "surname": "",
    "full name": "Rembrandus",
    "born this way": {
      "sexuality label": "straight",
      "sexuality": 0.058,
      "romantic interest": 0.665,
      "sex interest": 0.763,
      "gender expression": 0.0,
      "sex": "m"
    },
    "age": 47,
    "birth year": 1202,
    "sex": "m",
    "faction": "Dogmatists",
    "income class": [
      2,
      "middle class"
    ],
    "personality": {
      "lawful-chaotic": 0.121,
      "nice-nasty": 0.063,
      "honest-false": 0.643,
      "dream": 0.36,
      "outgoing": 0.914
    },
    "attitude": {
      "dream": 0.36,
      "outgoing": 0.914
    },
    "homsoc": {
      "means": {
        "independent": true,
        "taken_care_of": false,
        "caretaker": true,
        "needs_care": false,
        "flags": [
          "starving"
        ]
      },
      "expression": {
        "sexuality expression": 0.043,
        "gender expression expression": -0.001
      }
    },
    "network": {
      "parents": {
        "mother": "Ermerut (12515)",
        "father": "Hubrecht (12514)"
      },
      "children": {},
      "relationship keys": {
        "parent": [
          17956,
          17957
        ],
        "sibling": [
          17958,
          17959,
          20827,
          24159,
          25483,
          28748,
          30289,
          32171
        ]
      }
    },
    "occupation": {
      "has job": true,
      "income class": [
        2,
        "middle class"
      ],
      "income": 1.311,
      "all_incomes": [
        0.705,
        0.766,
        0.8280000000000001,
        0.6960000000000001,
        0.798,
        1.011,
        1.0739999999999998,
        1.394,
        1.524,
        1.2979999999999998,
        1.2409999999999999,
        1.1669999999999998,
        1.2209999999999999,
        1.188,
        1.121,
        1.109,
        1.2089999999999999,
        1.0319999999999998,
        0.864,
        0.973,
        1.0359999999999998,
        1.0519999999999998,
        1.097,
        1.057,
        1.25,
        1.3139999999999998,
        1.384,
        1.261,
        1.1829999999999998,
        1.311
      ],
      "job": {
        "lawful": false,
        "honest": true
      }
    },
    "genetics": {
      "skin_color": 1,
      "eye_color": "brown",
      "hair_color": "dark brown",
      "hair_color_code": 1,
      "hair_type": [
        "S",
        "S"
      ],
      "health": 0.658,
      "fertility": 0.588,
      "communication_impaired": false,
      "mobility_impaired": false,
      "cognitive_impaired": false,
      "disabilities": []
    },
    "memory": {
      "health": {
        "1203": {
          "health": {
            "change": false,
            "value_change": 0.0,
            "new_health": 0.658
          },
          "death": false
        }
      },
      "events": {
        "1202": [
          {
            "topic": "birth",
            "year": 1202
          },
          {
            "topic": "new relationship",
            "key": 17956,
            "people": [
              12514,
              17955
            ],
            "people names": [
              "Hubrecht",
              "Rembrandus"
            ],
            "people ages": [
              44,
              0
            ],
            "label": "parentchild",
            "committed": false
          },
          {
            "topic": "new relationship",
            "key": 17957,
            "people": [
              12515,
              17955
            ],
            "people names": [
              "Ermerut Voit",
              "Rembrandus"
            ],
            "people ages": [
              25,
              0
            ],
            "label": "parentchild",
            "committed": false
          },
          {
            "topic": "new relationship",
            "key": 17958,
            "people": [
              13936,
              17955
            ],
            "people names": [
              "Dauid Hubrechtszoon",
              "Rembrandus"
            ],
            "people ages": [
              2,
              0
            ],
            "label": "sibling",
            "committed": false
          },
          {
            "topic": "new relationship",
            "key": 17959,
            "people": [
              15509,
              17955
            ],
            "people names": [
              "Claward",
              "Rembrandus"
            ],
            "people ages": [
              1,
              0
            ],
            "label": "sibling",
            "committed": false
          }
        ],
        "1203": [
          {
            "topic": "update",
            "update": "new friendship label",
            "relationship label": "sibling",
            "friendship label": "friend",
            "relationship": 17958
          }
        ],
        "1204": [
          {
            "topic": "new relationship",
            "key": 20827,
            "people": [
              17955,
              20822
            ],
            "people names": [
              "Rembrandus",
              "Liudburgis Hubrechtsdochter"
            ],
            "people ages": [
              1,
              0
            ],
            "label": "sibling",
            "committed": false
          }
        ],
        "1205": [
          {
            "topic": "update",
            "update": "new friendship label",
            "relationship label": "parentchild",
            "friendship label": "indifferent",
            "relationship": 17957
          },
          {
            "topic": "new relationship",
            "key": 24159,
            "people": [
              17955,
              24154
            ],
            "people names": [
              "Rembrandus",
              "Trove van Hubrecht"
            ],
            "people ages": [
              3,
              0
            ],
            "label": "sibling",
            "committed": false
          }
        ],
        "1206": [
          {
            "topic": "new relationship",
            "key": 25483,
            "people": [
              17955,
              25478
            ],
            "people names": [
              "Rembrandus",
              "Suaneka Hubrechtsdochter"
            ],
            "people ages": [
              3,
              0
            ],
            "label": "sibling",
            "committed": false
          },
          {
            "topic": "update",
            "update": "new friendship label",
            "relationship label": "sibling",
            "friendship label": "indifferent",
            "relationship": 17958
          }
        ],
        "1207": [
          {
            "topic": "new relationship",
            "key": 28748,
            "people": [
              17955,
              28743
            ],
            "people names": [
              "Rembrandus",
              "Wijfgode Hubrechtsdochter"
            ],
            "people ages": [
              5,
              0
            ],
            "label": "sibling",
            "committed": false
          }
        ],
        "1208": [
          {
            "topic": "update",
            "update": "new friendship label",
            "relationship label": "sibling",
            "friendship label": "friend",
            "relationship": 24159
          },
          {
            "topic": "new relationship",
            "key": 30289,
            "people": [
              17955,
              30284
            ],
            "people names": [
              "Rembrandus",
              "Marcibilia"
            ],
            "people ages": [
              6,
              0
            ],
            "label": "sibling",
            "committed": false
          },
          {
            "topic": "not enough income",
            "income": 0.733,