{
  "17999": {
    "alive": false,
    "name": "Winardus\u0430",
    "surname": "van Brun",
    "full name": "Winardus\u0430 van Brun",
    "born this way": {
      "sexuality label": "straight",
      "sexuality": 0.012,
      "romantic interest": 0.842,
      "sex interest": 0.639,
      "gender expression": 0.203,
      "sex": "m"
    },
    "age": 42,
    "birth year": 1206,
    "sex": "m",
    "faction": "No religion",
    "income class": [
      4,
      "nobility"
    ],
    "personality": {
      "lawful-chaotic": 0.721,
      "nice-nasty": 0.335,
      "honest-false": 0.861
    },
    "attitude": {
      "outgoing": 0.387,
      "dream": 0.598
    },
    "homsoc": {
      "means": {
        "independent": true,
        "taken_care_of": false,
        "caretaker": true,
        "needs_care": false,
        "flags": []
      },
      "expression": {
        "sexuality expression": 0.006,
        "gender expression expression": 0.023
      }
    },
    "network": {
      "parents": {
        "mother": "Sybillia (12407)",
        "father": "Brun (12406)"
      },
      "children": {},
      "relationship keys": {
        "parent": [
          18000,
          18001
        ],
        "sibling": [
          18002,
          18003,
          18004
        ],
        "spouse": [
          43528
        ]
      }
    },
    "occupation": {
      "has job": true,
      "income class": [
        4,
        "nobility"
      ],
      "income": 1.5990000000000002,
      "all_incomes": [
        0.919,
        0.964,
        1.0330000000000001,
        1.08,
        1.1680000000000001,
        1.1960000000000002,
        1.3900000000000001,
        1.4320000000000002,
        1.465,
        1.5990000000000002,
        1.5990000000000002,
        1.5990000000000002,
        1.5990000000000002,
        1.5990000000000002,
        1.5990000000000002,
        1.5990000000000002,
        1.5990000000000002,
        1.5990000000000002,
        1.5990000000000002,
        1.5990000000000002,
        1.5990000000000002,
        1.5990000000000002,
        1.5990000000000002,
        1.5990000000000002,
        1.5990000000000002
      ],
      "job": {
        "lawful": true,
        "honest": true
      }
    },
    "genetics": {
      "skin_color": 4,
      "eye_color": "green",
      "hair_color": "red",
      "hair_color_code": 3,
      "hair_type": [
        "C",
        "S"
      ],
      "health": 0.47,
      "fertility": 0.68,
      "communication_impaired": false,
      "mobility_impaired": false,
      "cognitive_impaired": false,
      "disabilities": []
    },
    "memory": {
      "health": {
        "1207": {
          "health": {
            "change": false,
            "value_change": 0.0,
            "new_health": 0.655
          },
          "death": false
        },
        "1242": {
          "health": {
            "change": true,
            "value_change": -0.185,
            "new_health": 0.47
          },
          "death": false
        },
        "1243": {
          "health": {
            "change": false,
            "value_change": 0.0,
            "new_health": 0.47
          },
          "death": false
        },
        "1248": {
          "health": {
            "change": false,
            "value_change": 0.0,
            "new_health": 0.47
          },
          "death": true
        }
      },
      "events": {
        "1206": [
          {
            "topic": "new home",
            "home": {
              "income class": 4,
              "income class label": "nobility",
              "section": "stOp Havick1.se1.c4",
              "street": "Op Havick1",
              "neighborhood": "cingelnoord",
              "unique id": 844
            }
          }
        ],
        "1212": [
          {
            "topic": "update",
            "update": "new friendship label",
            "relationship label": "sibling",
            "friendship label": "indifferent",
            "relationship": 18003
          }
        ],
        "1215": [
          {
            "topic": "event",
            "event": "plague",
            "year": 1215
          }
        ],
        "1216": [
          {
            "topic": "update",
            "update": "new friendship label",
            "relationship label": "parentchild",
            "friendship label": "indifferent",
            "relationship": 18001
          },
          {
            "topic": "person died",
            "person": {
              "key": 12406,
              "name": "Brun",
              "age": 55,
              "alive": false,
              "sex": "m",
              "parents": "firstgen"
            },
            "cause": "sickness",
            "label": "parent"
          }
        ],
        "1218": [
          {
            "topic": "new home",
            "home": {
              "income class": 3,
              "income class label": "upper middle class",
              "section": "stMuurhuysen2.se7.c3",
              "street": "Muurhuysen2",
              "neighborhood": "cingelnoord",
              "unique id": 821
            }
          },
          {
            "topic": "update",
            "update": "parent married",
            "parent": 12407,
            "new partner": 12340
          }
        ],
        "1221": [
          {
            "topic": "person died",
            "person": {
              "key": 13192,
              "name": "Lucas",
              "age": 21,
              "alive": false,
              "sex": "m",
              "parents": {
                "mother": "Sybillia (12407)",
                "father": "Brun (12406)"
              }
            },
            "cause": "illness",
            "label": "sibling"
          }
        ],
        "1222": [
          {
            "topic": "update",
            "update": "new friendship label",
            "relationship label": "sibling",
            "friendship label": "indifferent",
            "relationship": 18004
          }
        ],
        "1224": [
          {
            "topic": "job notice",
            "notice": "found job",
            "income": 0.919
          }
        ],
        "1225": [
          {
            "topic": "person died",
            "person": {
              "key": 16398,
              "name": "Sophia van Brun",
              "age": 21,
              "alive": false,
              "sex": "f",
              "parents": {
                "mother": "Sybillia (12407)",
                "father": "Brun (12406)"
              }
            },
            "cause": "illness",
            "label": "sibling"
          }
        ],
        "1226": [
          {
            "topic": "job notice",
            "notice": "comfortable earnings",
            "income": 1.0330000000000001
          }
        ],
        "1227": [
          {
            "topic": "update",
            "update": "new friendship label",
            "relationship label": "parentchild",
            "friendship label": "indifferent",
            "relationship": 18001
          },
          {
            "topic": "person died",
            "person": {
              "key": 12407,
              "name": "Sybillia",
              "age": 53,
              "alive": false,
              "sex": "f",
              "parents": "firstgen"
            },
            "cause": "sickness",
            "label": "parent"
          }
        ],
        "1232": [
          {
            "topic": "event",
            "event": "war",
            "year": 1232
          }
        ],
        "1236": [
          {
            "topic": "update",
            "update": "new friendship label",
            "relationship label": "sibling",
            "friendship label": "friend",
            "relationship": 18003
          }
        ],
        "1237": [
          {
            "topic": "update",
            "update": "new friendship label",
            "relationship label": "sibling",
            "friendship label": "friend",