{
  "18077": {
    "alive": false,
    "name": "Batten",
    "surname": "Snauel",
    "full name": "Batten Snauel",
    "born this way": {
      "sexuality label": "bi",
      "sexuality": 0.57,
      "romantic interest": 0.547,
      "sex interest": 0.648,
      "gender expression": 0.349,
      "sex": "m"
    },
    "age": 39,
    "birth year": 1202,
    "sex": "m",
    "faction": "Dogmatists",
    "income class": [
      4,
      "nobility"
    ],
    "personality": {
      "lawful-chaotic": 0.0,
      "nice-nasty": 0.999,
      "honest-false": 0.641,
      "dream": 0.468,
      "outgoing": 0.623
    },
    "attitude": {
      "dream": 0.468,
      "outgoing": 0.623
    },
    "homsoc": {
      "means": {
        "independent": true,
        "taken_care_of": false,
        "caretaker": true,
        "needs_care": false,
        "flags": [
          "starving"
        ]
      },
      "expression": {
        "sexuality expression": 0.317,
        "gender expression expression": 0.051
      }
    },
    "network": {
      "parents": {
        "mother": "Aleydis (12410)",
        "father": "Gherolf (12409)"
      },
      "children": {},
      "relationship keys": {
        "parent": [
          18078,
          18079
        ],
        "sibling": [
          20006
        ],
        "unrelated": [
          41411,
          42081,
          42751,
          44175,
          45411,
          46986,
          51967,
          58321,
          61568,
          68132
        ]
      }
    },
    "occupation": {
      "has job": true,
      "income class": [
        4,
        "nobility"
      ],
      "income": 1.5990000000000002,
      "all_incomes": [
        0.69,
        0.76,
        0.888,
        1.072,
        1.056,
        1.131,
        1.1960000000000002,
        1.203,
        1.431,
        1.4380000000000002,
        1.342,
        1.5110000000000001,
        1.5990000000000002,
        1.5990000000000002,
        1.5990000000000002,
        1.5990000000000002,
        1.5990000000000002,
        1.5990000000000002,
        1.445,
        1.2870000000000001,
        1.411,
        1.5990000000000002,
        1.5990000000000002,
        1.5990000000000002
      ],
      "job": {
        "lawful": false,
        "honest": true
      }
    },
    "genetics": {
      "skin_color": 7,
      "eye_color": "brown",
      "hair_color": "black",
      "hair_color_code": 0,
      "hair_type": [
        "S",
        "C"
      ],
      "health": 0.115,
      "fertility": 0.61,
      "communication_impaired": false,
      "mobility_impaired": false,
      "cognitive_impaired": false,
      "disabilities": []
    },
    "memory": {
      "health": {
        "1203": {
          "health": {
            "change": false,
            "value_change": 0.0,
            "new_health": 0.579
          },
          "death": false
        },
        "1204": {
          "health": {
            "change": true,
            "value_change": -0.234,
            "new_health": 0.345
          },
          "death": false
        },
        "1205": {
          "health": {
            "change": false,
            "value_change": 0.0,
            "new_health": 0.345
          },
          "death": false
        },
        "1225": {
          "health": {
            "change": true,
            "value_change": -0.23,
            "new_health": 0.115
          },
          "death": false
        },
        "1226": {
          "health": {
            "change": false,
            "value_change": 0.0,
            "new_health": 0.115
          },
          "death": false
        },
        "1241": {
          "health": {
            "change": false,
            "value_change": 0.0,
            "new_health": 0.115
          },
          "death": true
        }
      },
      "events": {
        "1202": [
          {
            "topic": "birth",
            "year": 1202
          },
          {
            "topic": "new relationship",
            "key": 18078,
            "people": [
              12409,
              18077
            ],
            "people names": [
              "Gherolf Snauel",
              "Batten Snauel"
            ],
            "people ages": [
              34,
              0
            ],
            "label": "parentchild",
            "committed": false
          },
          {
            "topic": "new relationship",
            "key": 18079,
            "people": [
              12410,
              18077
            ],
            "people names": [
              "Aleydis Vos",
              "Batten Snauel"
            ],
            "people ages": [
              29,
              0
            ],
            "label": "parentchild",
            "committed": false
          }
        ],
        "1203": [
          {
            "topic": "new relationship",
            "key": 20006,
            "people": [
              18077,
              20003
            ],
            "people names": [
              "Batten Snauel",
              "Thedwi Snauel"
            ],
            "people ages": [
              1,
              0
            ],
            "label": "sibling",
            "committed": false
          }
        ],
        "1204": [
          {
            "topic": "update",
            "update": "new friendship label",
            "relationship label": "parentchild",
            "friendship label": "indifferent",
            "relationship": 18079
          },
          {
            "topic": "person died",
            "person": {
              "key": 12410,
              "name": "Aleydis Vos",
              "age": 32,
              "alive": false,
              "sex": "f",
              "parents": "firstgen"
            },
            "cause": "illness",
            "friendship label": "indifferent",
            "label": "parent"
          }
        ],
        "1205": [
          {
            "topic": "update",
            "update": "new friendship label",
            "relationship label": "sibling",
            "friendship label": "indifferent",
            "relationship": 20006
          }
        ],
        "1209": [
          {
            "topic": "update",
            "update": "new friendship label",
            "relationship label": "sibling",
            "friendship label": "indifferent",
            "relationship": 20006
          }
        ],
        "1213": [
          {
            "topic": "update",
            "update": "new friendship label",
            "relationship label": "parentchild",
            "friendship label": "indifferent",
            "relationship": 18078
          },
          {
            "topic": "update",
            "update": "new friendship label",
            "relationship label": "sibling",
            "friendship label": "indifferent",
            "relationship": 20006
          }
        ],
        "1215": [
          {
            "topic": "event",
            "event": "plague",
            "year": 1215
          }
        ],
        "1216": [
          {
            "topic": "new relationship",
            "key": 41411,
            "people": [
              18077,
              18279
            ],
            "people names": [
              "Batten Snauel",
              "Rodolf"
            ],
            "people ages": [
              14,
              14
            ],
            "label": "unrelated",
            "committed": false
          }
        ],
        "1217": [
          {
            "topic": "new relationship",
            "key": 42081,
            "people": [
              18077,
              14008
            ],
            "people names": [
              "Batten Snauel",
              "Herman Kenode"
            ],
            "people ages": [
              15,
              17
            ],
            "label": "unrelated",
            "committed": false
          },
          {
            "topic": "person died",
            "person": {
              "key": 12409,