{
  "18342": {
    "alive": true,
    "name": "Wilmarus",
    "surname": "Bove",
    "full name": "Wilmarus Bove",
    "born this way": {
      "sexuality label": "straight",
      "sexuality": 0.068,
      "romantic interest": 0.479,
      "sex interest": 0.999,
      "gender expression": 0.155,
      "sex": "m"
    },
    "age": 47,
    "birth year": 1202,
    "sex": "m",
    "faction": "No religion",
    "income class": [
      3,
      "upper middle class"
    ],
    "personality": {
      "lawful-chaotic": 0.226,
      "nice-nasty": 0.218,
      "honest-false": 0.45,
      "dream": 0.363,
      "outgoing": 0.708
    },
    "attitude": {
      "dream": 0.363,
      "outgoing": 0.708
    },
    "homsoc": {
      "means": {
        "independent": true,
        "taken_care_of": false,
        "caretaker": true,
        "needs_care": false,
        "flags": [
          "starving"
        ]
      },
      "expression": {
        "sexuality expression": 0.041,
        "gender expression expression": 0.117
      }
    },
    "network": {
      "parents": {
        "mother": "Esa (11783)",
        "father": "Weitijn (11782)"
      },
      "children": {
        "74836": {
          "key": 74836,
          "name": "Ramont",
          "age": 2,
          "alive": true,
          "sex": "m",
          "parents": {
            "mother": "Lielde (26628)",
            "father": "Wilmarus (18342)"
          }
        }
      },
      "relationship keys": {
        "parent": [
          18343,
          18344
        ],
        "sibling": [
          18345,
          18346,
          21162
        ],
        "unrelated": [
          41417,
          61573,
          63157,
          75739,
          76388
        ],
        "spouse": [
          73199
        ],
        "child": {
          "birth": [
            74837
          ]
        }
      }
    },
    "occupation": {
      "has job": true,
      "income class": [
        3,
        "upper middle class"
      ],
      "income": 1.0,
      "all_incomes": [
        1.499,
        1.3940000000000001,
        1.5490000000000002,
        1.5490000000000002,
        1.5490000000000002,
        1.5490000000000002,
        1.489,
        1.5490000000000002,
        1.111,
        1.125,
        1.063,
        0.7200000000000001,
        1.187,
        1.399,
        1.1740000000000002,
        1.082,
        0.798,
        0.8220000000000001,
        0.665,
        0.8130000000000001,
        0.9850000000000001,
        1.5490000000000002,
        1.116,
        1.087,
        0.511,
        0.2,
        0.331,
        1.0
      ],
      "job": {
        "lawful": false,
        "honest": false
      }
    },
    "genetics": {
      "skin_color": 5,
      "eye_color": "brown",
      "hair_color": "brown",
      "hair_color_code": 2,
      "hair_type": [
        "S",
        "C"
      ],
      "health": 0.815,
      "fertility": 0.731,
      "communication_impaired": false,
      "mobility_impaired": false,
      "cognitive_impaired": false,
      "disabilities": []
    },
    "memory": {
      "health": {
        "1203": {
          "health": {
            "change": false,
            "value_change": 0.0,
            "new_health": 0.815
          },
          "death": false
        }
      },
      "events": {
        "1202": [
          {
            "topic": "birth",
            "year": 1202
          },
          {
            "topic": "new relationship",
            "key": 18343,
            "people": [
              11782,
              18342
            ],
            "people names": [
              "Weitijn Bove",
              "Wilmarus Bove"
            ],
            "people ages": [
              37,
              0
            ],
            "label": "parentchild",
            "committed": false
          },
          {
            "topic": "new relationship",
            "key": 18344,
            "people": [
              11783,
              18342
            ],
            "people names": [
              "Esa Zonne",
              "Wilmarus Bove"
            ],
            "people ages": [
              25,
              0
            ],
            "label": "parentchild",
            "committed": false
          },
          {
            "topic": "new relationship",
            "key": 18345,
            "people": [
              13243,
              18342
            ],
            "people names": [
              "Cecilia Bove",
              "Wilmarus Bove"
            ],
            "people ages": [
              2,
              0
            ],
            "label": "sibling",
            "committed": false
          },
          {
            "topic": "new relationship",
            "key": 18346,
            "people": [
              16406,
              18342
            ],
            "people names": [
              "Ghodelde Bove",
              "Wilmarus Bove"
            ],
            "people ages": [
              1,
              0
            ],
            "label": "sibling",
            "committed": false
          }
        ],
        "1203": [
          {
            "topic": "update",
            "update": "new friendship label",
            "relationship label": "parentchild",
            "friendship label": "indifferent",
            "relationship": 18344
          }
        ],
        "1204": [
          {
            "topic": "new relationship",
            "key": 21162,
            "people": [
              18342,
              21157
            ],
            "people names": [
              "Wilmarus Bove",
              "Clarebout Bove"
            ],
            "people ages": [
              1,
              0
            ],
            "label": "sibling",
            "committed": false
          },
          {
            "topic": "person died",
            "person": {
              "key": 11783,
              "name": "Esa Zonne",
              "age": 27,
              "alive": false,
              "sex": "f",
              "parents": "firstgen"
            },
            "cause": "illness",
            "friendship label": "indifferent",
            "label": "parent"
          }
        ],
        "1205": [
          {
            "topic": "update",
            "update": "new friendship label",
            "relationship label": "sibling",
            "friendship label": "indifferent",
            "relationship": 18346
          },
          {
            "topic": "update",
            "update": "new friendship label",
            "relationship label": "sibling",
            "friendship label": "friend",
            "relationship": 21162
          }
        ],
        "1207": [
          {
            "topic": "update",
            "update": "new friendship label",
            "relationship label": "parentchild",
            "friendship label": "friend",
            "relationship": 18343
          }
        ],
        "1209": [
          {
            "topic": "update",
            "update": "new friendship label",
            "relationship label": "parentchild",
            "friendship label": "good friend",
            "relationship": 18343
          }
        ],
        "1211": [
          {
            "topic": "update",
            "update": "new friendship label",
            "relationship label": "sibling",
            "friendship label": "indifferent",
            "relationship": 18345
          },
          {
            "topic": "update",
            "update": "new friendship label",
            "relationship label": "sibling",
            "friendship label": "friend",
            "relationship": 21162
          }
        ],
        "1212": [
          {
            "topic": "update",
            "update": "new friendship label",
            "relationship label": "sibling",
            "friendship label": "indifferent",
            "relationship": 18346
          }
        ],
        "1215": [
          {
            "topic": "event",