{
  "18653": {
    "alive": true,
    "name": "Sipper",
    "surname": "van Amisius",
    "full name": "Sipper van Amisius",
    "born this way": {
      "sexuality label": "straight",
      "sexuality": 0.085,
      "romantic interest": 0.449,
      "sex interest": 0.698,
      "gender expression": 0.091,
      "sex": "f"
    },
    "age": 46,
    "birth year": 1203,
    "sex": "f",
    "faction": "Dogmatists",
    "income class": [
      3,
      "upper middle class"
    ],
    "personality": {
      "lawful-chaotic": 0.78,
      "nice-nasty": 0.524,
      "honest-false": 0.152,
      "dream": 0.06,
      "outgoing": 0.411
    },
    "attitude": {
      "dream": 0.06,
      "outgoing": 0.411
    },
    "homsoc": {
      "means": {
        "independent": true,
        "taken_care_of": false,
        "caretaker": true,
        "needs_care": false,
        "flags": [
          "starving"
        ]
      },
      "expression": {
        "sexuality expression": 0.077,
        "gender expression expression": 0.007
      }
    },
    "network": {
      "parents": {
        "mother": "Hilduardis (11480)",
        "father": "Amisius (11479)"
      },
      "children": {},
      "relationship keys": {
        "parent": [
          18654,
          18655
        ],
        "sibling": [
          18656,
          18657,
          30614
        ],
        "unrelated": [
          32499,
          47995,
          49258,
          50511,
          71302
        ]
      }
    },
    "occupation": {
      "has job": true,
      "income class": [
        3,
        "upper middle class"
      ],
      "income": 1.5490000000000002,
      "all_incomes": [
        0.752,
        0.621,
        0.5640000000000001,
        0.791,
        1.006,
        1.173,
        1.339,
        1.5490000000000002,
        1.5490000000000002,
        1.5490000000000002,
        1.2550000000000001,
        1.478,
        1.5490000000000002,
        1.452,
        1.522,
        1.2810000000000001,
        1.344,
        1.5490000000000002,
        1.3980000000000001,
        1.5490000000000002,
        1.5490000000000002,
        1.5490000000000002,
        1.5490000000000002,
        1.5490000000000002
      ],
      "job": {
        "lawful": true,
        "honest": false
      }
    },
    "genetics": {
      "skin_color": 7,
      "eye_color": "blue",
      "hair_color": "black",
      "hair_color_code": 0,
      "hair_type": [
        "S",
        "C"
      ],
      "health": 0.543,
      "fertility": 0.666,
      "communication_impaired": false,
      "mobility_impaired": false,
      "cognitive_impaired": false,
      "disabilities": []
    },
    "memory": {
      "health": {
        "1204": {
          "health": {
            "change": false,
            "value_change": 0.0,
            "new_health": 0.692
          },
          "death": false
        },
        "1211": {
          "health": {
            "change": true,
            "value_change": -0.149,
            "new_health": 0.543
          },
          "death": false
        },
        "1212": {
          "health": {
            "change": false,
            "value_change": 0.0,
            "new_health": 0.543
          },
          "death": false
        }
      },
      "events": {
        "1203": [
          {
            "topic": "birth",
            "year": 1203
          },
          {
            "topic": "new relationship",
            "key": 18654,
            "people": [
              11479,
              18653
            ],
            "people names": [
              "Amisius",
              "Sipper van Amisius"
            ],
            "people ages": [
              40,
              0
            ],
            "label": "parentchild",
            "committed": false
          },
          {
            "topic": "new relationship",
            "key": 18655,
            "people": [
              11480,
              18653
            ],
            "people names": [
              "Hilduardis Wittebart",
              "Sipper van Amisius"
            ],
            "people ages": [
              20,
              0
            ],
            "label": "parentchild",
            "committed": false
          },
          {
            "topic": "new relationship",
            "key": 18656,
            "people": [
              15163,
              18653
            ],
            "people names": [
              "Agnes Amisiussdochter",
              "Sipper van Amisius"
            ],
            "people ages": [
              1,
              0
            ],
            "label": "sibling",
            "committed": false
          },
          {
            "topic": "new relationship",
            "key": 18657,
            "people": [
              16945,
              18653
            ],
            "people names": [
              "Gherelm",
              "Sipper van Amisius"
            ],
            "people ages": [
              0,
              0
            ],
            "label": "sibling",
            "committed": false
          }
        ],
        "1208": [
          {
            "topic": "new relationship",
            "key": 30614,
            "people": [
              18653,
              30609
            ],
            "people names": [
              "Sipper van Amisius",
              "Leanne"
            ],
            "people ages": [
              5,
              0
            ],
            "label": "sibling",
            "committed": false
          }
        ],
        "1209": [
          {
            "topic": "new relationship",
            "key": 32499,
            "people": [
              19875,
              18653
            ],
            "people names": [
              "Wissen Voet",
              "Sipper van Amisius"
            ],
            "people ages": [
              6,
              6
            ],
            "label": "unrelated",
            "committed": false
          },
          {
            "topic": "person died",
            "person": {
              "key": 11480,
              "name": "Hilduardis Wittebart",
              "age": 27,
              "alive": false,
              "sex": "f",
              "parents": "firstgen"
            },
            "cause": "childbirth",
            "friendship label": "indifferent",
            "label": "parent"
          }
        ],
        "1213": [
          {
            "topic": "person died",
            "person": {
              "key": 15163,
              "name": "Agnes Amisiussdochter",
              "age": 12,
              "alive": false,
              "sex": "f",
              "parents": {
                "mother": "Hilduardis (11480)",
                "father": "Amisius (11479)"
              }
            },
            "cause": "illness",
            "friendship label": "indifferent",
            "label": "sibling"
          }
        ],
        "1215": [
          {
            "topic": "event",
            "event": "plague",
            "year": 1215
          },
          {
            "topic": "person died",
            "person": {
              "key": 16945,
              "name": "Gherelm",
              "age": 13,
              "alive": false,
              "sex": "m",
              "parents": {
                "mother": "Hilduardis (11480)",
                "father": "Amisius (11479)"
              }
            },
            "cause": "illness",
            "friendship label": "good friend",
            "label": "sibling"
          }
        ],
        "1216": [
          {
            "topic": "update",
            "update": "new friendship label",
            "relationship label": "unrelated",
            "friendship label": "good friend",
            "relationship": 32499
          }
        ],
        "1219": [
          {
            "topic": "person died",
            "person": {
              "key": 11479,
              "name": "Amisius",
              "age": 57,