{
  "18811": {
    "alive": true,
    "name": "Iacobus",
    "surname": "Cleine",
    "full name": "Iacobus Cleine",
    "born this way": {
      "sexuality label": "straight",
      "sexuality": 0.0,
      "romantic interest": 0.911,
      "sex interest": 0.712,
      "gender expression": 0.18,
      "sex": "m"
    },
    "age": 46,
    "birth year": 1203,
    "sex": "m",
    "faction": "Dogmatists",
    "income class": [
      2,
      "middle class"
    ],
    "personality": {
      "lawful-chaotic": 0.806,
      "nice-nasty": 0.112,
      "honest-false": 0.455,
      "dream": 0.515,
      "outgoing": 0.61
    },
    "attitude": {
      "dream": 0.515,
      "outgoing": 0.61
    },
    "homsoc": {
      "means": {
        "independent": false,
        "taken_care_of": false,
        "caretaker": true,
        "needs_care": false,
        "flags": []
      },
      "expression": {
        "sexuality expression": -0.001,
        "gender expression expression": 0.06
      }
    },
    "network": {
      "parents": {
        "mother": "Meynseth (12635)",
        "father": "Herman (12634)"
      },
      "children": {},
      "relationship keys": {
        "parent": [
          18812,
          18813
        ],
        "sibling": [
          18814,
          18815,
          23498,
          31224,
          32810,
          36270,
          40486
        ]
      }
    },
    "occupation": {
      "has job": true,
      "income class": [
        2,
        "middle class"
      ],
      "income": 0.466,
      "all_incomes": [
        0.811,
        0.9610000000000001,
        0.8320000000000001,
        1.1749999999999998,
        1.0619999999999998,
        1.424,
        1.4069999999999998,
        1.3459999999999999,
        1.464,
        1.524,
        1.4149999999999998,
        1.4029999999999998,
        1.3099999999999998,
        1.109,
        1.345,
        1.341,
        1.4509999999999998,
        1.524,
        1.524,
        1.097,
        0.935,
        0.718,
        0.7060000000000001,
        0.717,
        0.681,
        0.759,
        0.528,
        0.40700000000000003,
        0.224,
        0.466
      ],
      "job": {
        "lawful": true,
        "honest": false
      }
    },
    "genetics": {
      "skin_color": 3,
      "eye_color": "green",
      "hair_color": "brown",
      "hair_color_code": 2,
      "hair_type": [
        "S",
        "S"
      ],
      "health": 0.398,
      "fertility": 0.541,
      "communication_impaired": false,
      "mobility_impaired": false,
      "cognitive_impaired": false,
      "disabilities": []
    },
    "memory": {
      "health": {
        "1204": {
          "health": {
            "change": false,
            "value_change": 0.0,
            "new_health": 0.58
          },
          "death": false
        },
        "1227": {
          "health": {
            "change": true,
            "value_change": -0.182,
            "new_health": 0.398
          },
          "death": false
        },
        "1228": {
          "health": {
            "change": false,
            "value_change": 0.0,
            "new_health": 0.398
          },
          "death": false
        }
      },
      "events": {
        "1203": [
          {
            "topic": "birth",
            "year": 1203
          },
          {
            "topic": "new relationship",
            "key": 18812,
            "people": [
              12634,
              18811
            ],
            "people names": [
              "Herman Cleine",
              "Iacobus Cleine"
            ],
            "people ages": [
              42,
              0
            ],
            "label": "parentchild",
            "committed": false
          },
          {
            "topic": "new relationship",
            "key": 18813,
            "people": [
              12635,
              18811
            ],
            "people names": [
              "Meynseth Durcant",
              "Iacobus Cleine"
            ],
            "people ages": [
              20,
              0
            ],
            "label": "parentchild",
            "committed": false
          },
          {
            "topic": "new relationship",
            "key": 18814,
            "people": [
              13639,
              18811
            ],
            "people names": [
              "Barwoud Cleine",
              "Iacobus Cleine"
            ],
            "people ages": [
              2,
              0
            ],
            "label": "sibling",
            "committed": false
          },
          {
            "topic": "new relationship",
            "key": 18815,
            "people": [
              17445,
              18811
            ],
            "people names": [
              "Siwa Cleine",
              "Iacobus Cleine"
            ],
            "people ages": [
              0,
              0
            ],
            "label": "sibling",
            "committed": false
          }
        ],
        "1205": [
          {
            "topic": "new relationship",
            "key": 23498,
            "people": [
              18811,
              23493
            ],
            "people names": [
              "Iacobus Cleine",
              "Euffemia Hermansdochter"
            ],
            "people ages": [
              1,
              0
            ],
            "label": "sibling",
            "committed": false
          }
        ],
        "1206": [
          {
            "topic": "update",
            "update": "new friendship label",
            "relationship label": "sibling",
            "friendship label": "indifferent",
            "relationship": 18815
          }
        ],
        "1207": [
          {
            "topic": "update",
            "update": "new friendship label",
            "relationship label": "sibling",
            "friendship label": "indifferent",
            "relationship": 23498
          }
        ],
        "1208": [
          {
            "topic": "update",
            "update": "new friendship label",
            "relationship label": "sibling",
            "friendship label": "indifferent",
            "relationship": 18814
          }
        ],
        "1209": [
          {
            "topic": "new relationship",
            "key": 31224,
            "people": [
              18811,
              31219
            ],
            "people names": [
              "Iacobus Cleine",
              "Mense Cleine"
            ],
            "people ages": [
              5,
              0
            ],
            "label": "sibling",
            "committed": false
          }
        ],
        "1210": [
          {
            "topic": "new relationship",
            "key": 32810,
            "people": [
              18811,
              32805
            ],
            "people names": [
              "Iacobus Cleine",
              "Tiuri Cleine"
            ],
            "people ages": [
              6,
              0
            ],
            "label": "sibling",
            "committed": false
          }
        ],
        "1211": [
          {
            "topic": "update",
            "update": "new friendship label",
            "relationship label": "parentchild",
            "friendship label": "indifferent",
            "relationship": 18813
          }
        ],
        "1212": [
          {
            "topic": "new relationship",
            "key": 36270,
            "people": [
              18811,
              36265
            ],
            "people names": [
              "Iacobus Cleine",
              "Abelkijn Cleine"
            ],
            "people ages": [
              8,
              0
            ],
            "label": "sibling",
            "committed": false
          },
          {
            "topic": "person died",
            "person": {
              "key": 13639,
              "name": "Barwoud Cleine",
              "age": 12,