{
  "19008": {
    "alive": false,
    "name": "Alard",
    "surname": "Vaken",
    "full name": "Alard Vaken",
    "born this way": {
      "sexuality label": "straight",
      "sexuality": 0.016,
      "romantic interest": 0.596,
      "sex interest": 0.866,
      "gender expression": 0.05,
      "sex": "m"
    },
    "age": 32,
    "birth year": 1203,
    "sex": "m",
    "faction": "No religion",
    "income class": [
      3,
      "upper middle class"
    ],
    "personality": {
      "lawful-chaotic": 0.441,
      "nice-nasty": 0.381,
      "honest-false": 0.689,
      "dream": 0.393,
      "outgoing": 0.611
    },
    "attitude": {
      "dream": 0.393,
      "outgoing": 0.611
    },
    "homsoc": {
      "means": {
        "independent": true,
        "taken_care_of": false,
        "caretaker": true,
        "needs_care": false,
        "flags": [
          "starving"
        ]
      },
      "expression": {
        "sexuality expression": 0.013,
        "gender expression expression": 0.011
      }
    },
    "network": {
      "parents": {
        "mother": "Brundonis (11864)",
        "father": "Batten (11863)"
      },
      "children": {},
      "relationship keys": {
        "parent": [
          19009,
          19010
        ],
        "sibling": [
          19011,
          19012,
          19013,
          23891,
          28098
        ],
        "unrelated": [
          43738,
          45364,
          48007,
          49141,
          50467,
          53479,
          58340
        ]
      }
    },
    "occupation": {
      "has job": true,
      "income class": [
        3,
        "upper middle class"
      ],
      "income": 1.5490000000000002,
      "all_incomes": [
        1.123,
        1.1480000000000001,
        1.493,
        1.5490000000000002,
        1.5230000000000001,
        1.5490000000000002,
        1.5490000000000002,
        1.5490000000000002,
        1.338,
        1.441,
        1.5490000000000002,
        1.5490000000000002,
        1.5490000000000002,
        1.5490000000000002,
        1.5490000000000002,
        1.5490000000000002,
        1.5490000000000002
      ],
      "job": {
        "lawful": true,
        "honest": false
      }
    },
    "genetics": {
      "skin_color": 7,
      "eye_color": "brown",
      "hair_color": "black",
      "hair_color_code": 0,
      "hair_type": [
        "C",
        "S"
      ],
      "health": 0.541,
      "fertility": 0.761,
      "communication_impaired": false,
      "mobility_impaired": false,
      "cognitive_impaired": false,
      "disabilities": []
    },
    "memory": {
      "health": {
        "1204": {
          "health": {
            "change": false,
            "value_change": 0.0,
            "new_health": 0.77
          },
          "death": false
        },
        "1232": {
          "health": {
            "change": true,
            "value_change": -0.229,
            "new_health": 0.541
          },
          "death": false
        },
        "1233": {
          "health": {
            "change": false,
            "value_change": 0.0,
            "new_health": 0.541
          },
          "death": false
        },
        "1235": {
          "health": {
            "change": false,
            "value_change": 0.0,
            "new_health": 0.541
          },
          "death": true
        }
      },
      "events": {
        "1203": [
          {
            "topic": "birth",
            "year": 1203
          },
          {
            "topic": "new relationship",
            "key": 19009,
            "people": [
              11863,
              19008
            ],
            "people names": [
              "Batten Vaken",
              "Alard Vaken"
            ],
            "people ages": [
              43,
              0
            ],
            "label": "parentchild",
            "committed": false
          },
          {
            "topic": "new relationship",
            "key": 19010,
            "people": [
              11864,
              19008
            ],
            "people names": [
              "Brundonis Mulart",
              "Alard Vaken"
            ],
            "people ages": [
              31,
              0
            ],
            "label": "parentchild",
            "committed": false
          },
          {
            "topic": "new relationship",
            "key": 19011,
            "people": [
              14083,
              19008
            ],
            "people names": [
              "Kolekinus Vaken",
              "Alard Vaken"
            ],
            "people ages": [
              2,
              0
            ],
            "label": "sibling",
            "committed": false
          },
          {
            "topic": "new relationship",
            "key": 19012,
            "people": [
              15277,
              19008
            ],
            "people names": [
              "Berta Vaken",
              "Alard Vaken"
            ],
            "people ages": [
              1,
              0
            ],
            "label": "sibling",
            "committed": false
          },
          {
            "topic": "new relationship",
            "key": 19013,
            "people": [
              18021,
              19008
            ],
            "people names": [
              "Godino Vaken",
              "Alard Vaken"
            ],
            "people ages": [
              0,
              0
            ],
            "label": "sibling",
            "committed": false
          }
        ],
        "1205": [
          {
            "topic": "new relationship",
            "key": 23891,
            "people": [
              19008,
              23885
            ],
            "people names": [
              "Alard Vaken",
              "Oliuerus Vaken"
            ],
            "people ages": [
              2,
              0
            ],
            "label": "sibling",
            "committed": false
          }
        ],
        "1207": [
          {
            "topic": "new relationship",
            "key": 28098,
            "people": [
              19008,
              28092
            ],
            "people names": [
              "Alard Vaken",
              "Yda Vaken"
            ],
            "people ages": [
              4,
              0
            ],
            "label": "sibling",
            "committed": false
          }
        ],
        "1209": [
          {
            "topic": "person died",
            "person": {
              "key": 11864,
              "name": "Brundonis Mulart",
              "age": 38,
              "alive": false,
              "sex": "f",
              "parents": "firstgen"
            },
            "cause": "illness",
            "friendship label": "indifferent",
            "label": "parent"
          }
        ],
        "1211": [
          {
            "topic": "person died",
            "person": {
              "key": 11863,
              "name": "Batten Vaken",
              "age": 52,
              "alive": false,
              "sex": "m",
              "parents": "firstgen"
            },
            "cause": "old age",
            "friendship label": "indifferent",
            "label": "parent"
          }
        ],
        "1212": [
          {
            "topic": "not enough income",
            "income": 0,
            "inhabitants": [
              15277,
              57588,
              59267
            ]
          }
        ],
        "1213": [
          {
            "topic": "not enough income",
            "income": 0,
            "inhabitants": [
              15277,
              57588,
              59267
            ]
          }
        ],
        "1214": [
          {
            "topic": "update",
            "update": "new friendship label",
            "relationship label": "sibling",
            "friendship label": "friend",