{
  "19064": {
    "alive": false,
    "name": "Reymar",
    "surname": "Bigordel",
    "full name": "Reymar Bigordel",
    "born this way": {
      "sexuality label": "straight",
      "sexuality": 0.078,
      "romantic interest": 0.757,
      "sex interest": 0.875,
      "gender expression": 0.166,
      "sex": "m"
    },
    "age": 38,
    "birth year": 1203,
    "sex": "m",
    "faction": "No religion",
    "income class": [
      2,
      "middle class"
    ],
    "personality": {
      "lawful-chaotic": 0.774,
      "nice-nasty": 0.444,
      "honest-false": 0.999,
      "dream": 0.308,
      "outgoing": 0.452
    },
    "attitude": {
      "dream": 0.308,
      "outgoing": 0.452
    },
    "homsoc": {
      "means": {
        "independent": true,
        "taken_care_of": false,
        "caretaker": true,
        "needs_care": false,
        "flags": []
      },
      "expression": {
        "sexuality expression": 0.04,
        "gender expression expression": 0.08
      }
    },
    "network": {
      "parents": {
        "mother": "Atghardis (12509)",
        "father": "Woubbrecht (12508)"
      },
      "children": {},
      "relationship keys": {
        "parent": [
          19065,
          19066
        ],
        "sibling": [
          19067,
          19068,
          24632,
          28269,
          29257,
          34052,
          36491,
          37471
        ],
        "nibling": [
          50957,
          52417
        ],
        "unrelated": [
          51904,
          58379,
          61599
        ]
      }
    },
    "occupation": {
      "has job": true,
      "income class": [
        2,
        "middle class"
      ],
      "income": 1.4809999999999999,
      "all_incomes": [
        1.12,
        1.1909999999999998,
        1.305,
        1.234,
        1.277,
        1.265,
        1.253,
        1.261,
        1.2329999999999999,
        1.295,
        1.4249999999999998,
        1.4269999999999998,
        1.4809999999999999,
        1.524,
        1.4769999999999999,
        1.524,
        1.4929999999999999,
        1.509,
        1.524,
        1.4689999999999999,
        1.524,
        1.426,
        1.4809999999999999
      ],
      "job": {
        "lawful": true,
        "honest": true
      }
    },
    "genetics": {
      "skin_color": 2,
      "eye_color": "brown",
      "hair_color": "dark brown",
      "hair_color_code": 1,
      "hair_type": [
        "C",
        "C"
      ],
      "health": 0.836,
      "fertility": 0.818,
      "communication_impaired": false,
      "mobility_impaired": false,
      "cognitive_impaired": false,
      "disabilities": []
    },
    "memory": {
      "health": {
        "1204": {
          "health": {
            "change": false,
            "value_change": 0.0,
            "new_health": 0.836
          },
          "death": false
        },
        "1241": {
          "health": {
            "change": false,
            "value_change": 0.0,
            "new_health": 0.836
          },
          "death": true
        }
      },
      "events": {
        "1203": [
          {
            "topic": "birth",
            "year": 1203
          },
          {
            "topic": "new relationship",
            "key": 19065,
            "people": [
              12508,
              19064
            ],
            "people names": [
              "Woubbrecht Bigordel",
              "Reymar Bigordel"
            ],
            "people ages": [
              23,
              0
            ],
            "label": "parentchild",
            "committed": false
          },
          {
            "topic": "new relationship",
            "key": 19066,
            "people": [
              12509,
              19064
            ],
            "people names": [
              "Atghardis",
              "Reymar Bigordel"
            ],
            "people ages": [
              22,
              0
            ],
            "label": "parentchild",
            "committed": false
          },
          {
            "topic": "new relationship",
            "key": 19067,
            "people": [
              14682,
              19064
            ],
            "people names": [
              "Berta Bigordel",
              "Reymar Bigordel"
            ],
            "people ages": [
              1,
              0
            ],
            "label": "sibling",
            "committed": false
          },
          {
            "topic": "new relationship",
            "key": 19068,
            "people": [
              16684,
              19064
            ],
            "people names": [
              "Dauid Bigordel",
              "Reymar Bigordel"
            ],
            "people ages": [
              0,
              0
            ],
            "label": "sibling",
            "committed": false
          }
        ],
        "1204": [
          {
            "topic": "update",
            "update": "new friendship label",
            "relationship label": "sibling",
            "friendship label": "indifferent",
            "relationship": 19067
          }
        ],
        "1205": [
          {
            "topic": "new relationship",
            "key": 24632,
            "people": [
              19064,
              24627
            ],
            "people names": [
              "Reymar Bigordel",
              "Lutghardis Bigordel"
            ],
            "people ages": [
              2,
              0
            ],
            "label": "sibling",
            "committed": false
          }
        ],
        "1207": [
          {
            "topic": "new relationship",
            "key": 28269,
            "people": [
              19064,
              28264
            ],
            "people names": [
              "Reymar Bigordel",
              "Thidboldus Bigordel"
            ],
            "people ages": [
              3,
              0
            ],
            "label": "sibling",
            "committed": false
          }
        ],
        "1208": [
          {
            "topic": "new relationship",
            "key": 29257,
            "people": [
              19064,
              29252
            ],
            "people names": [
              "Reymar Bigordel",
              "Jute"
            ],
            "people ages": [
              4,
              0
            ],
            "label": "sibling",
            "committed": false
          }
        ],
        "1210": [
          {
            "topic": "new relationship",
            "key": 34052,
            "people": [
              19064,
              34047
            ],
            "people names": [
              "Reymar Bigordel",
              "Swegero Bigordel"
            ],
            "people ages": [
              7,
              0
            ],
            "label": "sibling",
            "committed": false
          }
        ],
        "1212": [
          {
            "topic": "new relationship",
            "key": 36491,
            "people": [
              19064,
              36486
            ],
            "people names": [
              "Reymar Bigordel",
              "Tarun Bigordel"
            ],
            "people ages": [
              8,
              0
            ],
            "label": "sibling",
            "committed": false
          },
          {
            "topic": "update",
            "update": "new friendship label",
            "relationship label": "sibling",
            "friendship label": "friend",
            "relationship": 34052
          }
        ],
        "1213": [
          {
            "topic": "update",
            "update": "new friendship label",
            "relationship label": "sibling",
            "friendship label": "disliked",
            "relationship": 29257
          },
          {
            "topic": "new relationship",
            "key": 37471,