{
  "19117": {
    "alive": true,
    "name": "Radwardo",
    "surname": "Anselmiszoon",
    "full name": "Radwardo Anselmiszoon",
    "born this way": {
      "sexuality label": "straight",
      "sexuality": 0.037,
      "romantic interest": 0.815,
      "sex interest": 0.894,
      "gender expression": 0.223,
      "sex": "m"
    },
    "age": 46,
    "birth year": 1203,
    "sex": "m",
    "faction": "No religion",
    "income class": [
      3,
      "upper middle class"
    ],
    "personality": {
      "lawful-chaotic": 0.082,
      "nice-nasty": 0.302,
      "honest-false": 0.189,
      "dream": 0.526,
      "outgoing": 0.672
    },
    "attitude": {
      "dream": 0.526,
      "outgoing": 0.672
    },
    "homsoc": {
      "means": {
        "independent": true,
        "taken_care_of": false,
        "caretaker": true,
        "needs_care": false,
        "flags": []
      },
      "expression": {
        "sexuality expression": 0.02,
        "gender expression expression": 0.074
      }
    },
    "network": {
      "parents": {
        "mother": "Lielde (12656)",
        "father": "Anselmi (12655)"
      },
      "children": {
        "73063": {
          "key": 73063,
          "name": "Lieuin van Radwardo",
          "age": 4,
          "alive": true,
          "sex": "m",
          "parents": {
            "mother": "Sipper (21245)",
            "father": "Radwardo (19117)"
          }
        }
      },
      "relationship keys": {
        "parent": [
          19118,
          19119
        ],
        "sibling": [
          19120
        ],
        "unrelated": [
          38157,
          43291,
          47962,
          56817,
          60009
        ],
        "spouse": [
          66871
        ],
        "child": {
          "birth": [
            73064
          ]
        }
      }
    },
    "occupation": {
      "has job": true,
      "income class": [
        3,
        "upper middle class"
      ],
      "income": 1.5490000000000002,
      "all_incomes": [
        0.809,
        0.741,
        0.876,
        0.991,
        1.212,
        1.478,
        1.5490000000000002,
        1.5490000000000002,
        1.399,
        1.395,
        1.487,
        1.5490000000000002,
        1.409,
        1.5490000000000002,
        1.5490000000000002,
        1.5410000000000001,
        1.48,
        1.5490000000000002,
        1.5490000000000002,
        1.5490000000000002,
        1.387,
        1.5490000000000002,
        1.5490000000000002,
        1.5490000000000002,
        1.5490000000000002,
        1.477,
        1.377,
        1.436,
        1.495,
        1.5490000000000002,
        1.5490000000000002
      ],
      "job": {
        "lawful": false,
        "honest": true
      }
    },
    "genetics": {
      "skin_color": 4,
      "eye_color": "blue",
      "hair_color": "brown",
      "hair_color_code": 2,
      "hair_type": [
        "S",
        "C"
      ],
      "health": 0.749,
      "fertility": 0.729,
      "communication_impaired": false,
      "mobility_impaired": false,
      "cognitive_impaired": false,
      "disabilities": []
    },
    "memory": {
      "health": {
        "1204": {
          "health": {
            "change": false,
            "value_change": 0.0,
            "new_health": 0.749
          },
          "death": false
        }
      },
      "events": {
        "1203": [
          {
            "topic": "birth",
            "year": 1203
          },
          {
            "topic": "new relationship",
            "key": 19118,
            "people": [
              12655,
              19117
            ],
            "people names": [
              "Anselmi",
              "Radwardo Anselmiszoon"
            ],
            "people ages": [
              38,
              0
            ],
            "label": "parentchild",
            "committed": false
          },
          {
            "topic": "new relationship",
            "key": 19119,
            "people": [
              12656,
              19117
            ],
            "people names": [
              "Lielde",
              "Radwardo Anselmiszoon"
            ],
            "people ages": [
              31,
              0
            ],
            "label": "parentchild",
            "committed": false
          },
          {
            "topic": "new relationship",
            "key": 19120,
            "people": [
              14635,
              19117
            ],
            "people names": [
              "Liudburgis",
              "Radwardo Anselmiszoon"
            ],
            "people ages": [
              1,
              0
            ],
            "label": "sibling",
            "committed": false
          }
        ],
        "1206": [
          {
            "topic": "person died",
            "person": {
              "key": 12656,
              "name": "Lielde",
              "age": 34,
              "alive": false,
              "sex": "f",
              "parents": "firstgen"
            },
            "cause": "illness",
            "friendship label": "indifferent",
            "label": "parent"
          }
        ],
        "1213": [
          {
            "topic": "new relationship",
            "key": 38157,
            "people": [
              19202,
              19117
            ],
            "people names": [
              "Segherarden Auonde",
              "Radwardo Anselmiszoon"
            ],
            "people ages": [
              10,
              10
            ],
            "label": "unrelated",
            "committed": false
          }
        ],
        "1215": [
          {
            "topic": "event",
            "event": "plague",
            "year": 1215
          }
        ],
        "1217": [
          {
            "topic": "update",
            "update": "new friendship label",
            "relationship label": "parentchild",
            "friendship label": "friend",
            "relationship": 19118
          }
        ],
        "1219": [
          {
            "topic": "job notice",
            "notice": "found job",
            "income": 0.809
          },
          {
            "topic": "new relationship",
            "key": 43291,
            "people": [
              19117,
              22165
            ],
            "people names": [
              "Radwardo Anselmiszoon",
              "Gheldekin"
            ],
            "people ages": [
              16,
              15
            ],
            "label": "unrelated",
            "committed": false
          }
        ],
        "1220": [
          {
            "topic": "job notice",
            "notice": "low income",
            "income": 0.741
          }
        ],
        "1221": [
          {
            "topic": "update",
            "update": "new friendship label",
            "relationship label": "unrelated",
            "friendship label": "friend",
            "relationship": 38157
          }
        ],
        "1222": [
          {
            "topic": "person died",
            "person": {
              "key": 12655,
              "name": "Anselmi",
              "age": 58,
              "alive": false,
              "sex": "m",
              "parents": "firstgen"
            },
            "cause": "sickness",
            "friendship label": "friend",
            "label": "parent"
          }
        ],
        "1223": [
          {
            "topic": "event",
            "event": "plague",
            "year": 1223
          },
          {
            "topic": "job notice",
            "notice": "comfortable earnings",
            "income": 1.212
          }
        ],
        "1224": [
          {
            "topic": "update",
            "update": "new friendship label",
            "relationship label": "sibling",
            "friendship label": "friend",
            "relationship": 19120
          }
        ],