{
  "19168": {
    "alive": false,
    "name": "Batten",
    "surname": "Svarten",
    "full name": "Batten Svarten",
    "born this way": {
      "sexuality label": "straight",
      "sexuality": 0.039,
      "romantic interest": 0.942,
      "sex interest": 0.811,
      "gender expression": 0.104,
      "sex": "m"
    },
    "age": 38,
    "birth year": 1203,
    "sex": "m",
    "faction": "Dogmatists",
    "income class": [
      3,
      "upper middle class"
    ],
    "personality": {
      "lawful-chaotic": 0.27,
      "nice-nasty": 0.392,
      "honest-false": 0.507,
      "dream": 0.02,
      "outgoing": 0.619
    },
    "attitude": {
      "dream": 0.02,
      "outgoing": 0.619
    },
    "homsoc": {
      "means": {
        "independent": true,
        "taken_care_of": false,
        "caretaker": true,
        "needs_care": false,
        "flags": []
      },
      "expression": {
        "sexuality expression": 0.021,
        "gender expression expression": 0.066
      }
    },
    "network": {
      "parents": {
        "mother": "Godeweris (11684)",
        "father": "Cats (11683)"
      },
      "children": {},
      "relationship keys": {
        "parent": [
          19169,
          19170
        ],
        "sibling": [
          19171
        ],
        "unrelated": [
          39543,
          61550,
          65726
        ],
        "nibling": [
          49484,
          50795,
          52243,
          57104
        ]
      }
    },
    "occupation": {
      "has job": true,
      "income class": [
        3,
        "upper middle class"
      ],
      "income": 1.4120000000000001,
      "all_incomes": [
        1.094,
        0.989,
        1.099,
        1.118,
        0.8130000000000001,
        0.9500000000000001,
        0.885,
        1.009,
        0.929,
        0.889,
        0.9850000000000001,
        0.909,
        1.077,
        1.5490000000000002,
        1.5490000000000002,
        1.5490000000000002,
        1.48,
        1.51,
        1.5490000000000002,
        1.5490000000000002,
        1.5490000000000002,
        1.4140000000000001,
        1.4120000000000001
      ],
      "job": {
        "lawful": true,
        "honest": false
      }
    },
    "genetics": {
      "skin_color": 1,
      "eye_color": "brown",
      "hair_color": "strawberry blonde",
      "hair_color_code": 5,
      "hair_type": [
        "S",
        "C"
      ],
      "health": 0.691,
      "fertility": 0.723,
      "communication_impaired": false,
      "mobility_impaired": false,
      "cognitive_impaired": false,
      "disabilities": []
    },
    "memory": {
      "health": {
        "1204": {
          "health": {
            "change": false,
            "value_change": 0.0,
            "new_health": 0.691
          },
          "death": false
        },
        "1241": {
          "health": {
            "change": false,
            "value_change": 0.0,
            "new_health": 0.691
          },
          "death": true
        }
      },
      "events": {
        "1203": [
          {
            "topic": "birth",
            "year": 1203
          },
          {
            "topic": "new relationship",
            "key": 19169,
            "people": [
              11683,
              19168
            ],
            "people names": [
              "Cats Svarten",
              "Batten Svarten"
            ],
            "people ages": [
              49,
              0
            ],
            "label": "parentchild",
            "committed": false
          },
          {
            "topic": "new relationship",
            "key": 19170,
            "people": [
              11684,
              19168
            ],
            "people names": [
              "Godeweris",
              "Batten Svarten"
            ],
            "people ages": [
              21,
              0
            ],
            "label": "parentchild",
            "committed": false
          },
          {
            "topic": "new relationship",
            "key": 19171,
            "people": [
              16363,
              19168
            ],
            "people names": [
              "Ermerut Svarten",
              "Batten Svarten"
            ],
            "people ages": [
              1,
              0
            ],
            "label": "sibling",
            "committed": false
          }
        ],
        "1205": [
          {
            "topic": "person died",
            "person": {
              "key": 11683,
              "name": "Cats Svarten",
              "age": 51,
              "alive": false,
              "sex": "m",
              "parents": "firstgen"
            },
            "cause": "old age",
            "friendship label": "friend",
            "label": "parent"
          }
        ],
        "1207": [
          {
            "topic": "update",
            "update": "new friendship label",
            "relationship label": "sibling",
            "friendship label": "disliked",
            "relationship": 19171
          }
        ],
        "1211": [
          {
            "topic": "update",
            "update": "new friendship label",
            "relationship label": "sibling",
            "friendship label": "indifferent",
            "relationship": 19171
          }
        ],
        "1214": [
          {
            "topic": "new relationship",
            "key": 39543,
            "people": [
              19730,
              19168
            ],
            "people names": [
              "Cecilia Groete",
              "Batten Svarten"
            ],
            "people ages": [
              11,
              11
            ],
            "label": "unrelated",
            "committed": false
          }
        ],
        "1215": [
          {
            "topic": "event",
            "event": "plague",
            "year": 1215
          }
        ],
        "1219": [
          {
            "topic": "job notice",
            "notice": "found job",
            "income": 1.094
          },
          {
            "topic": "update",
            "update": "new friendship label",
            "relationship label": "unrelated",
            "friendship label": "friend",
            "relationship": 39543
          }
        ],
        "1220": [
          {
            "topic": "update",
            "update": "new friendship label",
            "relationship label": "sibling",
            "friendship label": "indifferent",
            "relationship": 19171
          }
        ],
        "1221": [
          {
            "topic": "job notice",
            "notice": "comfortable earnings",
            "income": 1.099
          }
        ],
        "1223": [
          {
            "topic": "event",
            "event": "plague",
            "year": 1223
          },
          {
            "topic": "update",
            "update": "new friendship label",
            "relationship label": "sibling",
            "friendship label": "indifferent",
            "relationship": 19171
          }
        ],
        "1226": [
          {
            "topic": "job notice",
            "notice": "comfortable earnings",
            "income": 1.009
          }
        ],
        "1227": [
          {
            "topic": "new relationship",
            "key": 49484,
            "people": [
              19168,
              47739
            ],
            "people names": [
              "Batten Svarten",
              "Lammekin Rouvoet"
            ],
            "people ages": [
              24,
              1
            ],
            "label": "nibling",
            "committed": false
          }
        ],
        "1228": [
          {
            "topic": "new relationship",
            "key": 50795,
            "people": [
              19168,
              48943
            ],
            "people names": [
              "Batten Svarten",
              "Reynerus Rouvoet"
            ],