{
  "19208": {
    "alive": false,
    "name": "Boidin",
    "surname": "",
    "full name": "Boidin",
    "born this way": {
      "sexuality label": "straight",
      "sexuality": 0.177,
      "romantic interest": 0.421,
      "sex interest": 0.619,
      "gender expression": 0.441,
      "sex": "m"
    },
    "age": 41,
    "birth year": 1203,
    "sex": "m",
    "faction": "No religion",
    "income class": [
      4,
      "nobility"
    ],
    "personality": {
      "lawful-chaotic": 0.225,
      "nice-nasty": 0.164,
      "honest-false": 0.0,
      "dream": 0.524,
      "outgoing": 0.453
    },
    "attitude": {
      "dream": 0.524,
      "outgoing": 0.453
    },
    "homsoc": {
      "means": {
        "independent": false,
        "taken_care_of": false,
        "caretaker": true,
        "needs_care": false,
        "flags": []
      },
      "expression": {
        "sexuality expression": 0.084,
        "gender expression expression": 0.282
      }
    },
    "network": {
      "parents": {
        "mother": "Victoria (12380)",
        "father": "Bodekine (12379)"
      },
      "children": {},
      "relationship keys": {
        "parent": [
          19209,
          19210
        ],
        "sibling": [
          19211,
          24268
        ],
        "unrelated": [
          27021,
          48120,
          62885,
          66254,
          67939,
          75357,
          76361
        ],
        "spouse": [
          75301
        ]
      }
    },
    "occupation": {
      "has job": true,
      "income class": [
        4,
        "nobility"
      ],
      "income": 0.7889999999999999,
      "all_incomes": [
        1.308,
        1.512,
        1.5990000000000002,
        1.584,
        1.4520000000000002,
        1.586,
        1.5990000000000002,
        1.364,
        1.352,
        1.2060000000000002,
        1.113,
        1.5990000000000002,
        1.5990000000000002,
        1.5990000000000002,
        1.5990000000000002,
        1.52,
        1.5990000000000002,
        1.338,
        1.324,
        1.5990000000000002,
        1.3090000000000002,
        1.149,
        0.746,
        0.7889999999999999
      ],
      "job": {
        "lawful": false,
        "honest": false
      }
    },
    "genetics": {
      "skin_color": 3,
      "eye_color": "green",
      "hair_color": "brown",
      "hair_color_code": 2,
      "hair_type": [
        "C",
        "C"
      ],
      "health": 0.127,
      "fertility": 0.618,
      "communication_impaired": false,
      "mobility_impaired": false,
      "cognitive_impaired": false,
      "disabilities": []
    },
    "memory": {
      "health": {
        "1204": {
          "health": {
            "change": false,
            "value_change": 0.0,
            "new_health": 0.636
          },
          "death": false
        },
        "1206": {
          "health": {
            "change": true,
            "value_change": -0.273,
            "new_health": 0.363
          },
          "death": false
        },
        "1207": {
          "health": {
            "change": false,
            "value_change": 0.0,
            "new_health": 0.363
          },
          "death": false
        },
        "1238": {
          "health": {
            "change": true,
            "value_change": -0.236,
            "new_health": 0.127
          },
          "death": false
        },
        "1239": {
          "health": {
            "change": false,
            "value_change": 0.0,
            "new_health": 0.127
          },
          "death": false
        },
        "1244": {
          "health": {
            "change": false,
            "value_change": 0.0,
            "new_health": 0.127
          },
          "death": true
        }
      },
      "events": {
        "1203": [
          {
            "topic": "birth",
            "year": 1203
          },
          {
            "topic": "new relationship",
            "key": 19209,
            "people": [
              12379,
              19208
            ],
            "people names": [
              "Bodekine",
              "Boidin"
            ],
            "people ages": [
              49,
              0
            ],
            "label": "parentchild",
            "committed": false
          },
          {
            "topic": "new relationship",
            "key": 19210,
            "people": [
              12380,
              19208
            ],
            "people names": [
              "Victoria",
              "Boidin"
            ],
            "people ages": [
              23,
              0
            ],
            "label": "parentchild",
            "committed": false
          },
          {
            "topic": "new relationship",
            "key": 19211,
            "people": [
              13813,
              19208
            ],
            "people names": [
              "Agota van Bodekine",
              "Boidin"
            ],
            "people ages": [
              2,
              0
            ],
            "label": "sibling",
            "committed": false
          }
        ],
        "1205": [
          {
            "topic": "new relationship",
            "key": 24268,
            "people": [
              19208,
              24264
            ],
            "people names": [
              "Boidin",
              "Folqui van Bodekine"
            ],
            "people ages": [
              1,
              0
            ],
            "label": "sibling",
            "committed": false
          },
          {
            "topic": "person died",
            "person": {
              "key": 12379,
              "name": "Bodekine",
              "age": 52,
              "alive": false,
              "sex": "m",
              "parents": "firstgen"
            },
            "cause": "old age",
            "friendship label": "friend",
            "label": "parent"
          },
          {
            "topic": "personality change",
            "change": true,
            "trait": "lawful-chaotic",
            "trigger": "grief",
            "mod": 0.08
          }
        ],
        "1206": [
          {
            "topic": "new relationship",
            "key": 27021,
            "people": [
              19208,
              18645
            ],
            "people names": [
              "Boidin",
              "Rampe Vlieghe"
            ],
            "people ages": [
              3,
              3
            ],
            "label": "unrelated",
            "committed": false
          }
        ],
        "1207": [
          {
            "topic": "update",
            "update": "new friendship label",
            "relationship label": "sibling",
            "friendship label": "indifferent",
            "relationship": 24268
          }
        ],
        "1208": [
          {
            "topic": "event",
            "event": "faction upheaval",
            "faction": "No religion",
            "year": 1208
          }
        ],
        "1210": [
          {
            "topic": "update",
            "update": "new friendship label",
            "relationship label": "parentchild",
            "friendship label": "indifferent",
            "relationship": 19210
          }
        ],
        "1215": [
          {
            "topic": "event",
            "event": "plague",
            "year": 1215
          }
        ],
        "1221": [
          {
            "topic": "job notice",
            "notice": "found job",
            "income": 1.308
          }
        ],
        "1225": [
          {
            "topic": "new relationship",
            "key": 48120,
            "people": [
              26052,
              19208
            ],
            "people names": [
              "Huwardo Crudepen",
              "Boidin"
            ],
            "people ages": [
              19,
              22
            ],
            "label": "unrelated",