{
  "19224": {
    "alive": true,
    "name": "Strom",
    "surname": "Durcant",
    "full name": "Strom Durcant",
    "born this way": {
      "sexuality label": "straight",
      "sexuality": 0.048,
      "romantic interest": 0.964,
      "sex interest": 0.574,
      "gender expression": 0.25,
      "sex": "m"
    },
    "age": 46,
    "birth year": 1203,
    "sex": "m",
    "faction": "Zealots",
    "income class": [
      3,
      "upper middle class"
    ],
    "personality": {
      "lawful-chaotic": 0.545,
      "nice-nasty": 0.983,
      "honest-false": 0.999,
      "dream": 0.523,
      "outgoing": 0.812
    },
    "attitude": {
      "dream": 0.523,
      "outgoing": 0.812
    },
    "homsoc": {
      "means": {
        "independent": true,
        "taken_care_of": false,
        "caretaker": true,
        "needs_care": false,
        "flags": [
          "starving"
        ]
      },
      "expression": {
        "sexuality expression": 0.014,
        "gender expression expression": 0.105
      }
    },
    "network": {
      "parents": {
        "mother": "Victoria (12737)",
        "father": "Hetselo (12736)"
      },
      "children": {},
      "relationship keys": {
        "parent": [
          19225,
          19226
        ],
        "sibling": [
          19227,
          23087,
          26448
        ],
        "unrelated": [
          51887,
          73264,
          74995
        ]
      }
    },
    "occupation": {
      "has job": true,
      "income class": [
        3,
        "upper middle class"
      ],
      "income": 1.5490000000000002,
      "all_incomes": [
        0.993,
        1.02,
        1.084,
        1.093,
        1.187,
        1.2530000000000001,
        1.374,
        1.4020000000000001,
        1.5010000000000001,
        1.5490000000000002,
        1.5490000000000002,
        1.5490000000000002,
        1.5490000000000002,
        1.512,
        1.5490000000000002,
        1.443,
        1.455,
        1.5490000000000002,
        1.5490000000000002,
        1.5490000000000002,
        1.5490000000000002,
        1.522,
        1.5490000000000002,
        1.5490000000000002,
        1.5490000000000002,
        1.5490000000000002,
        1.5490000000000002,
        1.5490000000000002,
        1.5490000000000002,
        1.514,
        1.5490000000000002
      ],
      "job": {
        "lawful": true,
        "honest": true
      }
    },
    "genetics": {
      "skin_color": 5,
      "eye_color": "brown",
      "hair_color": "red",
      "hair_color_code": 3,
      "hair_type": [
        "S",
        "C"
      ],
      "health": 0.722,
      "fertility": 0.667,
      "communication_impaired": false,
      "mobility_impaired": false,
      "cognitive_impaired": false,
      "disabilities": []
    },
    "memory": {
      "health": {
        "1204": {
          "health": {
            "change": false,
            "value_change": 0.0,
            "new_health": 0.722
          },
          "death": false
        }
      },
      "events": {
        "1203": [
          {
            "topic": "birth",
            "year": 1203
          },
          {
            "topic": "new relationship",
            "key": 19225,
            "people": [
              12736,
              19224
            ],
            "people names": [
              "Hetselo Durcant",
              "Strom Durcant"
            ],
            "people ages": [
              28,
              0
            ],
            "label": "parentchild",
            "committed": false
          },
          {
            "topic": "new relationship",
            "key": 19226,
            "people": [
              12737,
              19224
            ],
            "people names": [
              "Victoria Capoen",
              "Strom Durcant"
            ],
            "people ages": [
              20,
              0
            ],
            "label": "parentchild",
            "committed": false
          },
          {
            "topic": "new relationship",
            "key": 19227,
            "people": [
              17271,
              19224
            ],
            "people names": [
              "Wlfarde Durcant",
              "Strom Durcant"
            ],
            "people ages": [
              0,
              0
            ],
            "label": "sibling",
            "committed": false
          }
        ],
        "1204": [
          {
            "topic": "update",
            "update": "new friendship label",
            "relationship label": "parentchild",
            "friendship label": "indifferent",
            "relationship": 19225
          }
        ],
        "1205": [
          {
            "topic": "new relationship",
            "key": 23087,
            "people": [
              19224,
              23083
            ],
            "people names": [
              "Strom Durcant",
              "Everocker Durcant"
            ],
            "people ages": [
              1,
              0
            ],
            "label": "sibling",
            "committed": false
          }
        ],
        "1206": [
          {
            "topic": "new relationship",
            "key": 26448,
            "people": [
              19224,
              26444
            ],
            "people names": [
              "Strom Durcant",
              "Menoldis Durcant"
            ],
            "people ages": [
              3,
              0
            ],
            "label": "sibling",
            "committed": false
          },
          {
            "topic": "person died",
            "person": {
              "key": 12737,
              "name": "Victoria Capoen",
              "age": 24,
              "alive": false,
              "sex": "f",
              "parents": "firstgen"
            },
            "cause": "childbirth",
            "friendship label": "indifferent",
            "label": "parent"
          }
        ],
        "1208": [
          {
            "topic": "update",
            "update": "new friendship label",
            "relationship label": "sibling",
            "friendship label": "friend",
            "relationship": 19227
          }
        ],
        "1209": [
          {
            "topic": "update",
            "update": "new friendship label",
            "relationship label": "sibling",
            "friendship label": "friend",
            "relationship": 23087
          }
        ],
        "1212": [
          {
            "topic": "update",
            "update": "new friendship label",
            "relationship label": "sibling",
            "friendship label": "friend",
            "relationship": 19227
          }
        ],
        "1213": [
          {
            "topic": "update",
            "update": "new friendship label",
            "relationship label": "sibling",
            "friendship label": "indifferent",
            "relationship": 19227
          },
          {
            "topic": "update",
            "update": "new friendship label",
            "relationship label": "parentchild",
            "friendship label": "friend",
            "relationship": 19225
          }
        ],
        "1214": [
          {
            "topic": "person died",
            "person": {
              "key": 12736,
              "name": "Hetselo Durcant",
              "age": 40,
              "alive": false,
              "sex": "m",
              "parents": "firstgen"
            },
            "cause": "illness",
            "friendship label": "friend",
            "label": "parent"
          },
          {
            "topic": "personality change",
            "change": true,
            "trait": "honest-false",
            "trigger": "grief",
            "mod": 0.166
          }
        ],
        "1215": [
          {
            "topic": "event",
            "event": "plague",
            "year": 1215
          },
          {
            "topic": "not enough income",