{
  "19337": {
    "alive": true,
    "name": "Diewiven",
    "surname": "Bein",
    "full name": "Diewiven Bein",
    "born this way": {
      "sexuality label": "straight",
      "sexuality": 0.072,
      "romantic interest": 0.636,
      "sex interest": 0.89,
      "gender expression": 0.078,
      "sex": "f"
    },
    "age": 46,
    "birth year": 1203,
    "sex": "f",
    "faction": "No religion",
    "income class": [
      3,
      "upper middle class"
    ],
    "personality": {
      "lawful-chaotic": 0.388,
      "nice-nasty": 0.161,
      "honest-false": 0.515,
      "dream": 0.444,
      "outgoing": 0.828
    },
    "attitude": {
      "dream": 0.444,
      "outgoing": 0.828
    },
    "homsoc": {
      "means": {
        "independent": true,
        "taken_care_of": false,
        "caretaker": true,
        "needs_care": false,
        "flags": [
          "neglected"
        ]
      },
      "expression": {
        "sexuality expression": 0.058,
        "gender expression expression": 0.022
      }
    },
    "network": {
      "parents": {
        "mother": {
          "key": 10877,
          "name": "Hille Pannekins",
          "age": 27,
          "alive": false,
          "sex": "f",
          "parents": "firstgen"
        },
        "father": {
          "key": 10876,
          "name": "Justaes Bein",
          "age": 54,
          "alive": false,
          "sex": "m",
          "parents": "firstgen"
        }
      },
      "children": {},
      "relationship keys": {
        "parent": [
          19338,
          19339
        ],
        "sibling": [
          19340,
          19341,
          19342,
          26009
        ],
        "unrelated": [
          43347,
          47983,
          54468
        ]
      }
    },
    "occupation": {
      "has job": true,
      "income class": [
        3,
        "upper middle class"
      ],
      "income": 1.433,
      "all_incomes": [
        0.855,
        0.807,
        0.937,
        1.365,
        1.546,
        1.5150000000000001,
        1.473,
        1.455,
        1.5490000000000002,
        1.5490000000000002,
        1.429,
        1.2970000000000002,
        1.119,
        1.355,
        1.5490000000000002,
        1.5490000000000002,
        1.5490000000000002,
        1.5490000000000002,
        1.5490000000000002,
        1.5490000000000002,
        1.5490000000000002,
        1.5490000000000002,
        1.5490000000000002,
        1.5490000000000002,
        1.433
      ],
      "job": {
        "lawful": false,
        "honest": true
      }
    },
    "genetics": {
      "skin_color": 2,
      "eye_color": "brown",
      "hair_color": "dark brown",
      "hair_color_code": 1,
      "hair_length": "short",
      "beauty": 0.658,
      "hair_type": [
        "C",
        "C"
      ],
      "health": 0.665,
      "fertility": 0.655,
      "communication_impaired": false,
      "mobility_impaired": false,
      "cognitive_impaired": false,
      "disabilities": []
    },
    "memory": {
      "health": {
        "1204": {
          "health": {
            "change": false,
            "value_change": 0.0,
            "new_health": 0.665
          },
          "death": false
        }
      },
      "homsoc": {
        "1204": {
          "independent": false,
          "needs_care": true,
          "taken_care_of": true,
          "caretaker": true
        },
        "1205": {
          "independent": false,
          "needs_care": true,
          "taken_care_of": false,
          "caretaker": true
        },
        "1218": {
          "independent": false,
          "needs_care": true,
          "taken_care_of": true,
          "caretaker": true
        },
        "1219": {
          "independent": false,
          "needs_care": false,
          "taken_care_of": false,
          "caretaker": true
        },
        "1226": {
          "independent": true,
          "needs_care": false,
          "taken_care_of": false,
          "caretaker": true
        }
      },
      "ocupation": {
        "1204": {
          "has job": false,
          "income": 0
        },
        "1205": {
          "has job": false,
          "income": 0
        },
        "1206": {
          "has job": false,
          "income": 0
        },
        "1207": {
          "has job": false,
          "income": 0
        },
        "1208": {
          "has job": false,
          "income": 0
        },
        "1209": {
          "has job": false,
          "income": 0
        },
        "1210": {
          "has job": false,
          "income": 0
        },
        "1211": {
          "has job": false,
          "income": 0
        },
        "1212": {
          "has job": false,
          "income": 0
        },
        "1213": {
          "has job": false,
          "income": 0
        },
        "1214": {
          "has job": false,
          "income": 0
        },
        "1215": {
          "has job": false,
          "income": 0
        },
        "1216": {
          "has job": false,
          "income": 0
        },
        "1217": {
          "has job": false,
          "income": 0
        },
        "1218": {
          "has job": false,
          "income": 0
        },
        "1219": {
          "has job": false,
          "income": 0
        },
        "1220": {
          "has job": false,
          "income": 0
        },
        "1221": {
          "has job": false,
          "income": 0
        },
        "1222": {
          "has job": false,
          "income": 0
        },
        "1223": {
          "has job": false,
          "income": 0
        },
        "1224": {
          "has job": false,
          "income": 0
        },
        "1225": {
          "has job": false,
          "income": 0
        },
        "1226": {
          "has job": true,
          "income": 0.807
        },
        "1227": {
          "has job": true,
          "income": 0.937
        },
        "1228": {
          "has job": true,
          "income": 1.365
        },
        "1229": {
          "has job": true,
          "income": 1.546
        },
        "1230": {
          "has job": true,
          "income": 1.5150000000000001
        },
        "1231": {
          "has job": true,
          "income": 1.473
        },
        "1232": {
          "has job": true,
          "income": 1.455
        },
        "1233": {
          "has job": true,
          "income": 1.5490000000000002
        },
        "1234": {
          "has job": true,
          "income": 1.5490000000000002
        },
        "1235": {
          "has job": true,
          "income": 1.429
        },
        "1236": {
          "has job": true,
          "income": 1.2970000000000002
        },
        "1237": {
          "has job": true,
          "income": 1.119
        },
        "1238": {
          "has job": true,
          "income": 1.355
        },
        "1239": {
          "has job": true,
          "income": 1.5490000000000002
        },
        "1240": {
          "has job": true,
          "income": 1.5490000000000002
        },
        "1241": {
          "has job": true,
          "income": 1.5490000000000002
        },
        "1242": {
          "has job": true,
          "income": 1.5490000000000002
        },
        "1243": {
          "has job": true,
          "income": 1.5490000000000002
        },
        "1244": {
          "has job": true,
          "income": 1.5490000000000002
        },
        "1245": {
          "has job": true,
          "income": 1.5490000000000002
        },
        "1246": {
          "has job": true,
          "income": 1.5490000000000002
        },
        "1247": {
          "has job": true,
          "income": 1.5490000000000002
        },
        "1248": {
          "has job": true,
          "income": 1.5490000000000002
        },
        "1249": {
          "has job": true,
          "income": 1.433
        }
      },