{
  "19667": {
    "alive": false,
    "name": "Willem",
    "surname": "Crulleboye",
    "full name": "Willem Crulleboye",
    "born this way": {
      "sexuality label": "bi",
      "sexuality": 0.526,
      "romantic interest": 0.633,
      "sex interest": 0.755,
      "gender expression": 0.204,
      "sex": "m"
    },
    "age": 51,
    "birth year": 1209,
    "sex": "m",
    "faction": "No religion",
    "income class": [
      3,
      "upper middle class"
    ],
    "personality": {
      "lawful-chaotic": 0.477,
      "nice-nasty": 0.479,
      "honest-false": 0.96
    },
    "attitude": {
      "outgoing": 0.693,
      "dream": 0.295
    },
    "homsoc": {
      "means": {
        "independent": true,
        "taken_care_of": false,
        "caretaker": true,
        "needs_care": false,
        "flags": [
          "starving"
        ]
      },
      "expression": {
        "sexuality expression": 0.228,
        "gender expression expression": 0.047
      }
    },
    "network": {
      "parents": {
        "mother": "Lenildis (11750)",
        "father": "Wilbord (11749)"
      },
      "children": {},
      "relationship keys": {
        "parent": [
          19668,
          19669
        ],
        "sibling": [
          19670,
          19671,
          19672,
          19673,
          20316
        ],
        "spouse": [
          44416
        ]
      }
    },
    "occupation": {
      "has job": true,
      "income class": [
        3,
        "upper middle class"
      ],
      "income": 1.528,
      "all_incomes": [
        1.036,
        1.117,
        1.207,
        1.26,
        1.373,
        1.4060000000000001,
        1.52,
        1.5490000000000002,
        1.5490000000000002,
        1.5490000000000002,
        1.5490000000000002,
        1.5490000000000002,
        1.5490000000000002,
        1.5490000000000002,
        1.5490000000000002,
        1.5490000000000002,
        1.5490000000000002,
        1.5490000000000002,
        1.5490000000000002,
        1.5490000000000002,
        1.5490000000000002,
        1.5490000000000002,
        1.5490000000000002,
        1.5050000000000001,
        1.5490000000000002,
        1.5490000000000002,
        1.5490000000000002,
        1.5110000000000001,
        1.5490000000000002,
        1.5490000000000002,
        1.5490000000000002,
        1.5490000000000002,
        1.5490000000000002,
        1.5490000000000002,
        1.528
      ],
      "job": {
        "lawful": true,
        "honest": true
      }
    },
    "genetics": {
      "skin_color": 7,
      "eye_color": "blue",
      "hair_color": "dark brown",
      "hair_color_code": 1,
      "hair_type": [
        "C",
        "C"
      ],
      "health": 0.28,
      "fertility": 0.473,
      "communication_impaired": false,
      "mobility_impaired": false,
      "cognitive_impaired": false,
      "disabilities": []
    },
    "memory": {
      "health": {
        "1210": {
          "health": {
            "change": false,
            "value_change": 0.0,
            "new_health": 0.564
          },
          "death": false
        },
        "1260": {
          "health": {
            "change": true,
            "value_change": -0.284,
            "new_health": 0.28
          },
          "death": true
        }
      },
      "events": {
        "1209": [
          {
            "topic": "new home",
            "home": {
              "income class": 3,
              "income class label": "upper middle class",
              "section": "stDie lange straet1.se3.c3",
              "street": "Die lange straet1",
              "neighborhood": "olvbuurt",
              "unique id": 615
            }
          }
        ],
        "1210": [
          {
            "topic": "new relationship",
            "key": 20316,
            "people": [
              19667,
              20309
            ],
            "people names": [
              "Willem Crulleboye",
              "Otger Crulleboye"
            ],
            "people ages": [
              0,
              0
            ],
            "label": "sibling",
            "committed": false
          },
          {
            "topic": "update",
            "update": "new friendship label",
            "relationship label": "sibling",
            "friendship label": "indifferent",
            "relationship": 19672
          }
        ],
        "1211": [
          {
            "topic": "update",
            "update": "new friendship label",
            "relationship label": "sibling",
            "friendship label": "friend",
            "relationship": 19671
          }
        ],
        "1212": [
          {
            "topic": "update",
            "update": "new friendship label",
            "relationship label": "sibling",
            "friendship label": "enemy",
            "relationship": 19672
          }
        ],
        "1214": [
          {
            "topic": "update",
            "update": "new friendship label",
            "relationship label": "parentchild",
            "friendship label": "indifferent",
            "relationship": 19669
          }
        ],
        "1215": [
          {
            "topic": "event",
            "event": "plague",
            "year": 1215
          },
          {
            "topic": "update",
            "update": "new friendship label",
            "relationship label": "sibling",
            "friendship label": "disliked",
            "relationship": 19673
          }
        ],
        "1216": [
          {
            "topic": "update",
            "update": "new friendship label",
            "relationship label": "parentchild",
            "friendship label": "indifferent",
            "relationship": 19668
          }
        ],
        "1218": [
          {
            "topic": "update",
            "update": "new friendship label",
            "relationship label": "parentchild",
            "friendship label": "indifferent",
            "relationship": 19669
          },
          {
            "topic": "person died",
            "person": {
              "key": 11749,
              "name": "Wilbord Crulleboye",
              "age": 54,
              "alive": false,
              "sex": "m",
              "parents": "firstgen"
            },
            "cause": "sickness",
            "label": "parent"
          }
        ],
        "1219": [
          {
            "topic": "not enough income",
            "income": 0,
            "inhabitants": [
              32668,
              29832,
              58445,
              73195,
              81086
            ]
          }
        ],
        "1220": [
          {
            "topic": "not enough income",
            "income": 0,
            "inhabitants": [
              32668,
              29832,
              58445,
              73195,
              81086
            ]
          }
        ],
        "1221": [
          {
            "topic": "update",
            "update": "new friendship label",
            "relationship label": "sibling",
            "friendship label": "disliked",
            "relationship": 19673
          },
          {
            "topic": "person died",
            "person": {
              "key": 11750,
              "name": "Lenildis",
              "age": 41,
              "alive": false,
              "sex": "f",
              "parents": "firstgen"
            },
            "cause": "illness",
            "label": "parent"
          },
          {
            "topic": "person died",
            "person": {
              "key": 17148,
              "name": "Gherolf Crulleboye",
              "age": 16,
              "alive": false,
              "sex": "m",
              "parents": {
                "mother": "Lenildis (11750)",
                "father": "Wilbord (11749)"
              }
            },
            "cause": "illness",
            "label": "sibling"
          }
        ],