{
  "19681": {
    "alive": false,
    "name": "Bertoldus",
    "surname": "Criec",
    "full name": "Bertoldus Criec",
    "born this way": {
      "sexuality label": "gay",
      "sexuality": 0.788,
      "romantic interest": 0.18,
      "sex interest": 0.889,
      "gender expression": 0.465,
      "sex": "m"
    },
    "age": 53,
    "birth year": 1209,
    "sex": "m",
    "faction": "Dogmatists",
    "income class": [
      4,
      "nobility"
    ],
    "personality": {
      "lawful-chaotic": 0.731,
      "nice-nasty": 0.999,
      "honest-false": 0.645
    },
    "attitude": {
      "outgoing": 0.724,
      "dream": 0.404
    },
    "homsoc": {
      "means": {
        "independent": true,
        "taken_care_of": false,
        "caretaker": true,
        "needs_care": false,
        "flags": []
      },
      "expression": {
        "sexuality expression": 0.627,
        "gender expression expression": 0.291
      }
    },
    "network": {
      "parents": {
        "mother": "Clara (12401)",
        "father": "Ghiselijn (12400)"
      },
      "children": {},
      "relationship keys": {
        "parent": [
          19682,
          19683
        ],
        "sibling": [
          19684,
          19685,
          19686,
          19687,
          19688,
          20504,
          20837
        ],
        "spouse": [
          29890,
          46106
        ],
        "nibling": [
          30206
        ]
      }
    },
    "occupation": {
      "has job": true,
      "income class": [
        4,
        "nobility"
      ],
      "income": 1.358,
      "all_incomes": [
        1.151,
        1.5690000000000002,
        1.5990000000000002,
        1.4700000000000002,
        1.5990000000000002,
        1.5990000000000002,
        1.5990000000000002,
        1.488,
        1.5990000000000002,
        1.5990000000000002,
        1.5990000000000002,
        1.5990000000000002,
        1.2000000000000002,
        1.043,
        1.059,
        1.002,
        1.11,
        1.014,
        1.2670000000000001,
        1.51,
        1.439,
        1.266,
        1.3470000000000002,
        1.5510000000000002,
        1.5990000000000002,
        1.5990000000000002,
        1.5990000000000002,
        1.5990000000000002,
        1.5990000000000002,
        1.5990000000000002,
        1.514,
        1.5990000000000002,
        1.5990000000000002,
        1.387,
        1.5990000000000002,
        1.437,
        1.443,
        1.358
      ],
      "job": {
        "lawful": true,
        "honest": false
      }
    },
    "genetics": {
      "skin_color": 6,
      "eye_color": "brown",
      "hair_color": "brown",
      "hair_color_code": 2,
      "hair_type": [
        "C",
        "C"
      ],
      "health": 0.0,
      "fertility": 0.75,
      "communication_impaired": false,
      "mobility_impaired": false,
      "cognitive_impaired": false,
      "disabilities": []
    },
    "memory": {
      "health": {
        "1210": {
          "health": {
            "change": false,
            "value_change": 0.0,
            "new_health": 0.776
          },
          "death": false
        },
        "1213": {
          "health": {
            "change": true,
            "value_change": -0.081,
            "new_health": 0.695
          },
          "death": false
        },
        "1214": {
          "health": {
            "change": false,
            "value_change": 0.0,
            "new_health": 0.695
          },
          "death": false
        },
        "1237": {
          "health": {
            "change": true,
            "value_change": -0.316,
            "new_health": 0.379
          },
          "death": false
        },
        "1238": {
          "health": {
            "change": false,
            "value_change": 0.0,
            "new_health": 0.379
          },
          "death": false
        },
        "1260": {
          "health": {
            "change": true,
            "value_change": -0.249,
            "new_health": 0.13
          },
          "death": false
        },
        "1261": {
          "health": {
            "change": true,
            "value_change": -0.088,
            "new_health": 0.042
          },
          "death": false
        },
        "1262": {
          "health": {
            "change": true,
            "value_change": -0.042,
            "new_health": 0.0
          },
          "death": true
        }
      },
      "events": {
        "1209": [
          {
            "topic": "new home",
            "home": {
              "income class": 4,
              "income class label": "nobility",
              "section": "stOp Havick1.se1.c4",
              "street": "Op Havick1",
              "neighborhood": "cingelnoord",
              "unique id": 842
            }
          }
        ],
        "1210": [
          {
            "topic": "new relationship",
            "key": 20504,
            "people": [
              19681,
              20496
            ],
            "people names": [
              "Bertoldus Criec",
              "Maelkin"
            ],
            "people ages": [
              1,
              0
            ],
            "label": "sibling",
            "committed": false
          }
        ],
        "1211": [
          {
            "topic": "new relationship",
            "key": 20837,
            "people": [
              19681,
              20829
            ],
            "people names": [
              "Bertoldus Criec",
              "Aleydis Criec"
            ],
            "people ages": [
              1,
              0
            ],
            "label": "sibling",
            "committed": false
          },
          {
            "topic": "update",
            "update": "new friendship label",
            "relationship label": "sibling",
            "friendship label": "indifferent",
            "relationship": 20504
          }
        ],
        "1213": [
          {
            "topic": "person died",
            "person": {
              "key": 12401,
              "name": "Clara Coquus",
              "age": 34,
              "alive": false,
              "sex": "f",
              "parents": "firstgen"
            },
            "cause": "illness",
            "label": "parent"
          }
        ],
        "1215": [
          {
            "topic": "event",
            "event": "plague",
            "year": 1215
          }
        ],
        "1216": [
          {
            "topic": "update",
            "update": "parent married",
            "parent": 12400,
            "new partner": 11828
          }
        ],
        "1217": [
          {
            "topic": "update",
            "update": "new friendship label",
            "relationship label": "sibling",
            "friendship label": "indifferent",
            "relationship": 19688
          }
        ],
        "1218": [
          {
            "topic": "update",
            "update": "new friendship label",
            "relationship label": "sibling",
            "friendship label": "indifferent",
            "relationship": 19686
          }
        ],
        "1219": [
          {
            "topic": "update",
            "update": "new friendship label",
            "relationship label": "parentchild",
            "friendship label": "disliked",
            "relationship": 19682
          }
        ],
        "1225": [
          {
            "topic": "job notice",
            "notice": "found job",
            "income": 1.151
          },
          {
            "topic": "update",
            "update": "new friendship label",
            "relationship label": "sibling",
            "friendship label": "indifferent",
            "relationship": 20504
          }
        ],
        "1228": [
          {
            "topic": "update",
            "update": "new friendship label",
            "relationship label": "sibling",
            "friendship label": "indifferent",