{
  "19931": {
    "alive": true,
    "name": "Reynwi",
    "surname": "Thuin",
    "full name": "Reynwi Thuin",
    "born this way": {
      "sexuality label": "straight",
      "sexuality": 0.0,
      "romantic interest": 0.524,
      "sex interest": 0.814,
      "gender expression": 0.108,
      "sex": "f"
    },
    "age": 46,
    "birth year": 1203,
    "sex": "f",
    "faction": "Zealots",
    "income class": [
      2,
      "middle class"
    ],
    "personality": {
      "lawful-chaotic": 0.997,
      "nice-nasty": 0.812,
      "honest-false": 0.654,
      "dream": 0.171,
      "outgoing": 0.575
    },
    "attitude": {
      "dream": 0.171,
      "outgoing": 0.575
    },
    "homsoc": {
      "means": {
        "independent": true,
        "taken_care_of": false,
        "caretaker": true,
        "needs_care": false,
        "flags": [
          "starving"
        ]
      },
      "expression": {
        "sexuality expression": -0.001,
        "gender expression expression": 0.0
      }
    },
    "network": {
      "parents": {
        "mother": "Verthwi (11633)",
        "father": "Rampe (11632)"
      },
      "children": {},
      "relationship keys": {
        "parent": [
          19932,
          19933
        ],
        "sibling": [
          19934,
          19935,
          19936,
          21281,
          26061,
          27783,
          29915,
          32491
        ]
      }
    },
    "occupation": {
      "has job": true,
      "income class": [
        2,
        "middle class"
      ],
      "income": 1.432,
      "all_incomes": [
        1.092,
        1.081,
        1.097,
        1.1589999999999998,
        1.1589999999999998,
        1.149,
        1.204,
        1.204,
        1.216,
        1.254,
        1.299,
        1.2309999999999999,
        1.236,
        1.166,
        1.1019999999999999,
        1.127,
        1.1569999999999998,
        1.146,
        1.2209999999999999,
        1.2879999999999998,
        1.357,
        1.3299999999999998,
        1.4029999999999998,
        1.4009999999999998,
        1.4489999999999998,
        1.432
      ],
      "job": {
        "lawful": true,
        "honest": true
      }
    },
    "genetics": {
      "skin_color": 4,
      "eye_color": "blue",
      "hair_color": "brown",
      "hair_color_code": 2,
      "hair_type": [
        "C",
        "C"
      ],
      "health": 0.701,
      "fertility": 0.684,
      "communication_impaired": false,
      "mobility_impaired": false,
      "cognitive_impaired": false,
      "disabilities": []
    },
    "memory": {
      "health": {
        "1204": {
          "health": {
            "change": false,
            "value_change": 0.0,
            "new_health": 0.701
          },
          "death": false
        }
      },
      "events": {
        "1203": [
          {
            "topic": "birth",
            "year": 1203
          },
          {
            "topic": "new relationship",
            "key": 19932,
            "people": [
              11632,
              19931
            ],
            "people names": [
              "Rampe Thuin",
              "Reynwi Thuin"
            ],
            "people ages": [
              31,
              0
            ],
            "label": "parentchild",
            "committed": false
          },
          {
            "topic": "new relationship",
            "key": 19933,
            "people": [
              11633,
              19931
            ],
            "people names": [
              "Verthwi Mey",
              "Reynwi Thuin"
            ],
            "people ages": [
              29,
              0
            ],
            "label": "parentchild",
            "committed": false
          },
          {
            "topic": "new relationship",
            "key": 19934,
            "people": [
              14221,
              19931
            ],
            "people names": [
              "Hadewigis Thuin",
              "Reynwi Thuin"
            ],
            "people ages": [
              3,
              0
            ],
            "label": "sibling",
            "committed": false
          },
          {
            "topic": "new relationship",
            "key": 19935,
            "people": [
              15205,
              19931
            ],
            "people names": [
              "Maelkin",
              "Reynwi Thuin"
            ],
            "people ages": [
              1,
              0
            ],
            "label": "sibling",
            "committed": false
          },
          {
            "topic": "new relationship",
            "key": 19936,
            "people": [
              18055,
              19931
            ],
            "people names": [
              "Oliuerus Thuin",
              "Reynwi Thuin"
            ],
            "people ages": [
              1,
              0
            ],
            "label": "sibling",
            "committed": false
          },
          {
            "topic": "not enough income",
            "income": 0.42200000000000004,
            "inhabitants": [
              19931,
              54865
            ]
          }
        ],
        "1204": [
          {
            "topic": "new relationship",
            "key": 21281,
            "people": [
              19931,
              21275
            ],
            "people names": [
              "Reynwi Thuin",
              "Stephanus Thuin"
            ],
            "people ages": [
              1,
              0
            ],
            "label": "sibling",
            "committed": false
          },
          {
            "topic": "update",
            "update": "new friendship label",
            "relationship label": "sibling",
            "friendship label": "friend",
            "relationship": 19936
          },
          {
            "topic": "not enough income",
            "income": 0.262,
            "inhabitants": [
              19931,
              54865
            ]
          }
        ],
        "1205": [
          {
            "topic": "not enough income",
            "income": 0.241,
            "inhabitants": [
              19931,
              54865
            ]
          }
        ],
        "1206": [
          {
            "topic": "new relationship",
            "key": 26061,
            "people": [
              19931,
              26055
            ],
            "people names": [
              "Reynwi Thuin",
              "Berta Thuin"
            ],
            "people ages": [
              3,
              0
            ],
            "label": "sibling",
            "committed": false
          },
          {
            "topic": "not enough income",
            "income": 0.10400000000000001,
            "inhabitants": [
              19931,
              54865
            ]
          }
        ],
        "1207": [
          {
            "topic": "new relationship",
            "key": 27783,
            "people": [
              19931,
              27777
            ],
            "people names": [
              "Reynwi Thuin",
              "Paradanus Thuin"
            ],
            "people ages": [
              4,
              0
            ],
            "label": "sibling",
            "committed": false
          }
        ],
        "1208": [
          {
            "topic": "event",
            "event": "faction upheaval",
            "faction": "No religion",
            "year": 1208
          },
          {
            "topic": "new relationship",
            "key": 29915,
            "people": [
              19931,
              29909
            ],
            "people names": [
              "Reynwi Thuin",
              "Gosuinus Thuin"
            ],
            "people ages": [
              4,
              0
            ],
            "label": "sibling",
            "committed": false
          },
          {
            "topic": "update",