{
  "20309": {
    "alive": false,
    "name": "Wasseliin",
    "surname": "",
    "full name": "Wasseliin",
    "born this way": {
      "sexuality label": "straight",
      "sexuality": 0.122,
      "romantic interest": 0.781,
      "sex interest": 0.806,
      "gender expression": 0.163,
      "sex": "m"
    },
    "age": 36,
    "birth year": 1203,
    "sex": "m",
    "faction": "Zealots",
    "income class": [
      4,
      "nobility"
    ],
    "personality": {
      "lawful-chaotic": 0.765,
      "nice-nasty": 0.0,
      "honest-false": 0.573,
      "dream": 0.022,
      "outgoing": 0.258
    },
    "attitude": {
      "dream": 0.022,
      "outgoing": 0.258
    },
    "homsoc": {
      "means": {
        "independent": true,
        "taken_care_of": false,
        "caretaker": true,
        "needs_care": false,
        "flags": [
          "neglected",
          "starving"
        ]
      },
      "expression": {
        "sexuality expression": 0.058,
        "gender expression expression": 0.123
      }
    },
    "network": {
      "parents": {
        "mother": {
          "key": 11684,
          "name": "Auesoete",
          "age": 44,
          "alive": false,
          "sex": "f",
          "parents": "firstgen"
        },
        "father": {
          "key": 11683,
          "name": "Reymbernus",
          "age": 50,
          "alive": false,
          "sex": "m",
          "parents": "firstgen"
        }
      },
      "children": {},
      "relationship keys": {
        "parent": [
          20310,
          20311
        ],
        "sibling": [
          20312,
          20313,
          23898
        ],
        "unrelated": [
          44368,
          59342
        ]
      }
    },
    "occupation": {
      "has job": true,
      "income class": [
        4,
        "nobility"
      ],
      "income": 1.514,
      "all_incomes": [
        1.026,
        1.083,
        1.314,
        1.2930000000000001,
        1.193,
        1.3230000000000002,
        1.512,
        1.5990000000000002,
        1.5990000000000002,
        1.5990000000000002,
        1.5990000000000002,
        1.445,
        1.5990000000000002,
        1.5990000000000002,
        1.5990000000000002,
        1.5990000000000002,
        1.5990000000000002,
        1.5990000000000002,
        1.5990000000000002,
        1.5990000000000002,
        1.514
      ],
      "job": {
        "lawful": false,
        "honest": true
      }
    },
    "genetics": {
      "skin_color": 6,
      "eye_color": "blue",
      "hair_color": "black",
      "hair_color_code": 0,
      "hair_length": "long",
      "beauty": 0.795,
      "hair_type": [
        "S",
        "C"
      ],
      "health": 0.664,
      "fertility": 0.609,
      "communication_impaired": false,
      "mobility_impaired": false,
      "cognitive_impaired": false,
      "disabilities": []
    },
    "memory": {
      "health": {
        "1204": {
          "health": {
            "change": false,
            "value_change": 0.0,
            "new_health": 0.664
          },
          "death": false
        },
        "1239": {
          "health": {
            "change": false,
            "value_change": 0.0,
            "new_health": 0.664
          },
          "death": true
        }
      },
      "homsoc": {
        "1204": {
          "independent": false,
          "needs_care": true,
          "taken_care_of": true,
          "caretaker": true
        },
        "1205": {
          "independent": false,
          "needs_care": true,
          "taken_care_of": false,
          "caretaker": true
        },
        "1209": {
          "independent": false,
          "needs_care": true,
          "taken_care_of": true,
          "caretaker": true
        },
        "1219": {
          "independent": false,
          "needs_care": false,
          "taken_care_of": false,
          "caretaker": true
        },
        "1220": {
          "independent": true,
          "needs_care": false,
          "taken_care_of": false,
          "caretaker": true
        }
      },
      "ocupation": {
        "1204": {
          "has job": false,
          "income": 0
        },
        "1205": {
          "has job": false,
          "income": 0
        },
        "1206": {
          "has job": false,
          "income": 0
        },
        "1207": {
          "has job": false,
          "income": 0
        },
        "1208": {
          "has job": false,
          "income": 0
        },
        "1209": {
          "has job": false,
          "income": 0
        },
        "1210": {
          "has job": false,
          "income": 0
        },
        "1211": {
          "has job": false,
          "income": 0
        },
        "1212": {
          "has job": false,
          "income": 0
        },
        "1213": {
          "has job": false,
          "income": 0
        },
        "1214": {
          "has job": false,
          "income": 0
        },
        "1215": {
          "has job": false,
          "income": 0
        },
        "1216": {
          "has job": false,
          "income": 0
        },
        "1217": {
          "has job": false,
          "income": 0
        },
        "1218": {
          "has job": false,
          "income": 0
        },
        "1219": {
          "has job": false,
          "income": 0
        },
        "1220": {
          "has job": true,
          "income": 1.083
        },
        "1221": {
          "has job": true,
          "income": 1.314
        },
        "1222": {
          "has job": true,
          "income": 1.2930000000000001
        },
        "1223": {
          "has job": true,
          "income": 1.193
        },
        "1224": {
          "has job": true,
          "income": 1.3230000000000002
        },
        "1225": {
          "has job": true,
          "income": 1.512
        },
        "1226": {
          "has job": true,
          "income": 1.5990000000000002
        },
        "1227": {
          "has job": true,
          "income": 1.5990000000000002
        },
        "1228": {
          "has job": true,
          "income": 1.5990000000000002
        },
        "1229": {
          "has job": true,
          "income": 1.5990000000000002
        },
        "1230": {
          "has job": true,
          "income": 1.445
        },
        "1231": {
          "has job": true,
          "income": 1.5990000000000002
        },
        "1232": {
          "has job": true,
          "income": 1.5990000000000002
        },
        "1233": {
          "has job": true,
          "income": 1.5990000000000002
        },
        "1234": {
          "has job": true,
          "income": 1.5990000000000002
        },
        "1235": {
          "has job": true,
          "income": 1.5990000000000002
        },
        "1236": {
          "has job": true,
          "income": 1.5990000000000002
        },
        "1237": {
          "has job": true,
          "income": 1.5990000000000002
        },
        "1238": {
          "has job": true,
          "income": 1.5990000000000002
        },
        "1239": {
          "has job": true,
          "income": 1.514
        }
      },
      "events": {
        "1203": [
          {
            "topic": "birth",
            "year": 1203
          },
          {
            "topic": "new relationship",
            "key": 20310,
            "people": [
              11683,
              20309
            ],
            "people names": [
              "Reymbernus",
              "Wasseliin"
            ],
            "people ages": [
              45,
              0
            ],
            "label": "parentchild",
            "committed": false
          },
          {
            "topic": "new relationship",
            "key": 20311,
            "people": [
              11684,
              20309
            ],
            "people names": [
              "Auesoete",
              "Wasseliin"
            ],