{
  "20323": {
    "alive": true,
    "name": "Lutbrandus",
    "surname": "Putocke",
    "full name": "Lutbrandus Putocke",
    "born this way": {
      "sexuality label": "straight",
      "sexuality": 0.026,
      "romantic interest": 0.787,
      "sex interest": 0.653,
      "gender expression": 0.033,
      "sex": "m"
    },
    "age": 46,
    "birth year": 1203,
    "sex": "m",
    "faction": "No religion",
    "income class": [
      3,
      "upper middle class"
    ],
    "personality": {
      "lawful-chaotic": 0.0,
      "nice-nasty": 0.883,
      "honest-false": 0.349,
      "dream": 0.666,
      "outgoing": 0.385
    },
    "attitude": {
      "dream": 0.666,
      "outgoing": 0.385
    },
    "homsoc": {
      "means": {
        "independent": true,
        "taken_care_of": false,
        "caretaker": true,
        "needs_care": false,
        "flags": []
      },
      "expression": {
        "sexuality expression": 0.015,
        "gender expression expression": 0.012
      }
    },
    "network": {
      "parents": {
        "mother": "Mette (10886)",
        "father": "Hugheman (10885)"
      },
      "children": {},
      "relationship keys": {
        "parent": [
          20324,
          20325
        ],
        "sibling": [
          20326,
          20327
        ],
        "unrelated": [
          53408,
          61593
        ]
      }
    },
    "occupation": {
      "has job": true,
      "income class": [
        3,
        "upper middle class"
      ],
      "income": 1.5490000000000002,
      "all_incomes": [
        0.696,
        0.516,
        0.449,
        0.6000000000000001,
        1.183,
        0.804,
        1.173,
        1.5490000000000002,
        1.5490000000000002,
        1.086,
        0.6100000000000001,
        0.928,
        1.1620000000000001,
        1.247,
        1.329,
        1.5490000000000002,
        1.5490000000000002,
        1.5490000000000002,
        1.5490000000000002,
        1.5490000000000002,
        1.5490000000000002,
        1.428,
        1.245,
        1.5490000000000002,
        1.5490000000000002,
        1.5490000000000002,
        1.5490000000000002,
        1.301,
        1.5490000000000002,
        1.5490000000000002,
        1.5490000000000002
      ],
      "job": {
        "lawful": false,
        "honest": false
      }
    },
    "genetics": {
      "skin_color": 5,
      "eye_color": "brown",
      "hair_color": "brown",
      "hair_color_code": 2,
      "hair_type": [
        "S",
        "S"
      ],
      "health": 0.795,
      "fertility": 0.828,
      "communication_impaired": false,
      "mobility_impaired": false,
      "cognitive_impaired": false,
      "disabilities": []
    },
    "memory": {
      "health": {
        "1204": {
          "health": {
            "change": false,
            "value_change": 0.0,
            "new_health": 0.795
          },
          "death": false
        }
      },
      "events": {
        "1203": [
          {
            "topic": "birth",
            "year": 1203
          },
          {
            "topic": "new relationship",
            "key": 20324,
            "people": [
              10885,
              20323
            ],
            "people names": [
              "Hugheman Putocke",
              "Lutbrandus Putocke"
            ],
            "people ages": [
              30,
              0
            ],
            "label": "parentchild",
            "committed": false
          },
          {
            "topic": "new relationship",
            "key": 20325,
            "people": [
              10886,
              20323
            ],
            "people names": [
              "Mette Visc",
              "Lutbrandus Putocke"
            ],
            "people ages": [
              29,
              0
            ],
            "label": "parentchild",
            "committed": false
          },
          {
            "topic": "new relationship",
            "key": 20326,
            "people": [
              14164,
              20323
            ],
            "people names": [
              "Wernerus Putocke",
              "Lutbrandus Putocke"
            ],
            "people ages": [
              3,
              0
            ],
            "label": "sibling",
            "committed": false
          },
          {
            "topic": "new relationship",
            "key": 20327,
            "people": [
              17577,
              20323
            ],
            "people names": [
              "Hille Putocke",
              "Lutbrandus Putocke"
            ],
            "people ages": [
              1,
              0
            ],
            "label": "sibling",
            "committed": false
          }
        ],
        "1213": [
          {
            "topic": "update",
            "update": "new friendship label",
            "relationship label": "parentchild",
            "friendship label": "disliked",
            "relationship": 20325
          }
        ],
        "1215": [
          {
            "topic": "event",
            "event": "plague",
            "year": 1215
          },
          {
            "topic": "update",
            "update": "new friendship label",
            "relationship label": "sibling",
            "friendship label": "friend",
            "relationship": 20326
          }
        ],
        "1219": [
          {
            "topic": "job notice",
            "notice": "found job",
            "income": 0.696
          }
        ],
        "1221": [
          {
            "topic": "job notice",
            "notice": "earning very little",
            "income": 0.449
          },
          {
            "topic": "person died",
            "person": {
              "key": 10885,
              "name": "Hugheman Putocke",
              "age": 48,
              "alive": false,
              "sex": "m",
              "parents": "firstgen"
            },
            "cause": "illness",
            "friendship label": "indifferent",
            "label": "parent"
          }
        ],
        "1222": [
          {
            "topic": "update",
            "update": "new friendship label",
            "relationship label": "sibling",
            "friendship label": "friend",
            "relationship": 20326
          }
        ],
        "1223": [
          {
            "topic": "event",
            "event": "plague",
            "year": 1223
          },
          {
            "topic": "job notice",
            "notice": "comfortable earnings",
            "income": 1.183
          }
        ],
        "1224": [
          {
            "topic": "update",
            "update": "new friendship label",
            "relationship label": "sibling",
            "friendship label": "friend",
            "relationship": 20326
          }
        ],
        "1225": [
          {
            "topic": "job notice",
            "notice": "comfortable earnings",
            "income": 1.173
          }
        ],
        "1229": [
          {
            "topic": "job notice",
            "notice": "low income",
            "income": 0.6100000000000001
          }
        ],
        "1230": [
          {
            "topic": "new relationship",
            "key": 53408,
            "people": [
              18939,
              20323
            ],
            "people names": [
              "Willai",
              "Lutbrandus Putocke"
            ],
            "people ages": [
              27,
              27
            ],
            "label": "unrelated",
            "committed": false
          }
        ],
        "1231": [
          {
            "topic": "job notice",
            "notice": "comfortable earnings",
            "income": 1.1620000000000001
          }
        ],
        "1232": [
          {
            "topic": "event",
            "event": "war",
            "year": 1232
          }
        ],