{
  "20468": {
    "alive": true,
    "name": "Segherarden",
    "surname": "Hanen",
    "full name": "Segherarden Hanen",
    "born this way": {
      "sexuality label": "straight",
      "sexuality": 0.066,
      "romantic interest": 0.42,
      "sex interest": 0.84,
      "gender expression": 0.0,
      "sex": "f"
    },
    "age": 46,
    "birth year": 1203,
    "sex": "f",
    "faction": "Dogmatists",
    "income class": [
      3,
      "upper middle class"
    ],
    "personality": {
      "lawful-chaotic": 0.324,
      "nice-nasty": 0.716,
      "honest-false": 0.688,
      "dream": 0.15,
      "outgoing": 0.477
    },
    "attitude": {
      "dream": 0.15,
      "outgoing": 0.477
    },
    "homsoc": {
      "means": {
        "independent": true,
        "taken_care_of": false,
        "caretaker": true,
        "needs_care": false,
        "flags": []
      },
      "expression": {
        "sexuality expression": 0.044,
        "gender expression expression": -0.001
      }
    },
    "network": {
      "parents": {
        "mother": "Saswe (11672)",
        "father": "Arnekin (11671)"
      },
      "children": {},
      "relationship keys": {
        "parent": [
          20469,
          20470
        ],
        "sibling": [
          20471,
          20472,
          24153,
          30991
        ],
        "unrelated": [
          49151,
          61556,
          70321,
          72367
        ]
      }
    },
    "occupation": {
      "has job": true,
      "income class": [
        3,
        "upper middle class"
      ],
      "income": 1.5490000000000002,
      "all_incomes": [
        1.025,
        0.995,
        1.086,
        1.075,
        1.177,
        1.223,
        1.274,
        1.2970000000000002,
        1.358,
        1.47,
        1.5490000000000002,
        1.5130000000000001,
        1.5490000000000002,
        1.528,
        1.5490000000000002,
        1.5490000000000002,
        1.5490000000000002,
        1.5490000000000002,
        1.497,
        1.5490000000000002,
        1.5490000000000002,
        1.5490000000000002
      ],
      "job": {
        "lawful": true,
        "honest": true
      }
    },
    "genetics": {
      "skin_color": 3,
      "eye_color": "blue",
      "hair_color": "red",
      "hair_color_code": 3,
      "hair_type": [
        "C",
        "S"
      ],
      "health": 0.699,
      "fertility": 0.677,
      "communication_impaired": false,
      "mobility_impaired": false,
      "cognitive_impaired": false,
      "disabilities": []
    },
    "memory": {
      "health": {
        "1204": {
          "health": {
            "change": false,
            "value_change": 0.0,
            "new_health": 0.699
          },
          "death": false
        }
      },
      "events": {
        "1203": [
          {
            "topic": "birth",
            "year": 1203
          },
          {
            "topic": "new relationship",
            "key": 20469,
            "people": [
              11671,
              20468
            ],
            "people names": [
              "Arnekin Hanen",
              "Segherarden Hanen"
            ],
            "people ages": [
              39,
              0
            ],
            "label": "parentchild",
            "committed": false
          },
          {
            "topic": "new relationship",
            "key": 20470,
            "people": [
              11672,
              20468
            ],
            "people names": [
              "Saswe Iude",
              "Segherarden Hanen"
            ],
            "people ages": [
              34,
              0
            ],
            "label": "parentchild",
            "committed": false
          },
          {
            "topic": "new relationship",
            "key": 20471,
            "people": [
              13378,
              20468
            ],
            "people names": [
              "Wissen Hanen",
              "Segherarden Hanen"
            ],
            "people ages": [
              3,
              0
            ],
            "label": "sibling",
            "committed": false
          },
          {
            "topic": "new relationship",
            "key": 20472,
            "people": [
              14738,
              20468
            ],
            "people names": [
              "Auesoete Hanen",
              "Segherarden Hanen"
            ],
            "people ages": [
              2,
              0
            ],
            "label": "sibling",
            "committed": false
          }
        ],
        "1205": [
          {
            "topic": "new relationship",
            "key": 24153,
            "people": [
              20468,
              24148
            ],
            "people names": [
              "Segherarden Hanen",
              "Emgelberna Hanen"
            ],
            "people ages": [
              2,
              0
            ],
            "label": "sibling",
            "committed": false
          }
        ],
        "1209": [
          {
            "topic": "new relationship",
            "key": 30991,
            "people": [
              20468,
              30986
            ],
            "people names": [
              "Segherarden Hanen",
              "Soeten Hanen"
            ],
            "people ages": [
              5,
              0
            ],
            "label": "sibling",
            "committed": false
          }
        ],
        "1214": [
          {
            "topic": "update",
            "update": "new friendship label",
            "relationship label": "sibling",
            "friendship label": "friend",
            "relationship": 30991
          }
        ],
        "1215": [
          {
            "topic": "event",
            "event": "plague",
            "year": 1215
          }
        ],
        "1216": [
          {
            "topic": "update",
            "update": "new friendship label",
            "relationship label": "sibling",
            "friendship label": "enemy",
            "relationship": 30991
          }
        ],
        "1218": [
          {
            "topic": "person died",
            "person": {
              "key": 11672,
              "name": "Saswe Iude",
              "age": 49,
              "alive": false,
              "sex": "f",
              "parents": "firstgen"
            },
            "cause": "illness",
            "friendship label": "indifferent",
            "label": "parent"
          },
          {
            "topic": "person died",
            "person": {
              "key": 24148,
              "name": "Emgelberna Hanen",
              "age": 13,
              "alive": false,
              "sex": "f",
              "parents": {
                "mother": "Saswe (11672)",
                "father": "Arnekin (11671)"
              }
            },
            "cause": "illness",
            "friendship label": "good friend",
            "label": "sibling"
          }
        ],
        "1219": [
          {
            "topic": "update",
            "update": "new friendship label",
            "relationship label": "parentchild",
            "friendship label": "indifferent",
            "relationship": 20469
          },
          {
            "topic": "person died",
            "person": {
              "key": 11671,
              "name": "Arnekin Hanen",
              "age": 55,
              "alive": false,
              "sex": "m",
              "parents": "firstgen"
            },
            "cause": "old age",
            "friendship label": "indifferent",
            "label": "parent"
          }
        ],
        "1223": [
          {
            "topic": "event",
            "event": "plague",
            "year": 1223
          }
        ],
        "1227": [
          {
            "topic": "new relationship",
            "key": 49151,