{
  "20515": {
    "alive": false,
    "name": "Maelkin",
    "surname": "",
    "full name": "Maelkin",
    "born this way": {
      "sexuality label": "straight",
      "sexuality": 0.071,
      "romantic interest": 0.823,
      "sex interest": 0.841,
      "gender expression": 0.0,
      "sex": "m"
    },
    "age": 55,
    "birth year": 1210,
    "sex": "m",
    "faction": "Dogmatists",
    "income class": [
      2,
      "middle class"
    ],
    "personality": {
      "lawful-chaotic": 0.073,
      "nice-nasty": 0.53,
      "honest-false": 0.071
    },
    "attitude": {
      "outgoing": 0.485,
      "dream": 0.28
    },
    "homsoc": {
      "means": {
        "independent": false,
        "taken_care_of": false,
        "caretaker": true,
        "needs_care": false,
        "flags": [
          "starving"
        ]
      },
      "expression": {
        "sexuality expression": 0.042,
        "gender expression expression": -0.001
      }
    },
    "network": {
      "parents": {
        "mother": "Zuanelt (12521)",
        "father": "Hubrecht (12520)"
      },
      "children": {},
      "relationship keys": {
        "parent": [
          20516,
          20517
        ],
        "sibling": [
          20518
        ],
        "spouse": [
          50518
        ]
      }
    },
    "occupation": {
      "has job": true,
      "income class": [
        2,
        "middle class"
      ],
      "income": 0.764,
      "all_incomes": [
        0.613,
        0.192,
        0.17099999999999999,
        0.379,
        0.29100000000000004,
        0.23399999999999999,
        0.22899999999999998,
        0.192,
        0.093,
        0.435,
        0.39,
        0.323,
        0.025,
        0.145,
        0.025,
        0.08,
        0.025,
        0.29200000000000004,
        0.504,
        0.713,
        0.518,
        0.504,
        0.639,
        0.401,
        0.597,
        0.525,
        0.522,
        1.232,
        1.0539999999999998,
        0.68,
        1.021,
        1.1609999999999998,
        1.524,
        1.524,
        1.524,
        1.059,
        1.158,
        1.0739999999999998,
        0.976,
        0.764
      ],
      "job": {
        "lawful": false,
        "honest": false
      }
    },
    "genetics": {
      "skin_color": 2,
      "eye_color": "blue",
      "hair_color": "dark brown",
      "hair_color_code": 1,
      "hair_type": [
        "C",
        "S"
      ],
      "health": 0.0,
      "fertility": 0.709,
      "communication_impaired": false,
      "mobility_impaired": false,
      "cognitive_impaired": false,
      "disabilities": []
    },
    "memory": {
      "health": {
        "1211": {
          "health": {
            "change": false,
            "value_change": 0.0,
            "new_health": 0.645
          },
          "death": false
        },
        "1261": {
          "health": {
            "change": true,
            "value_change": -0.14,
            "new_health": 0.505
          },
          "death": false
        },
        "1262": {
          "health": {
            "change": true,
            "value_change": -0.226,
            "new_health": 0.279
          },
          "death": false
        },
        "1263": {
          "health": {
            "change": true,
            "value_change": -0.169,
            "new_health": 0.11
          },
          "death": false
        },
        "1264": {
          "health": {
            "change": true,
            "value_change": -0.102,
            "new_health": 0.008
          },
          "death": false
        },
        "1265": {
          "health": {
            "change": true,
            "value_change": -0.008,
            "new_health": 0.0
          },
          "death": true
        }
      },
      "events": {
        "1210": [
          {
            "topic": "new home",
            "home": {
              "income class": 2,
              "income class label": "middle class",
              "section": "stCromme straet.se3.c2",
              "street": "Cromme straet",
              "neighborhood": "denhof",
              "unique id": 884
            }
          }
        ],
        "1215": [
          {
            "topic": "event",
            "event": "plague",
            "year": 1215
          }
        ],
        "1217": [
          {
            "topic": "person died",
            "person": {
              "key": 12520,
              "name": "Hubrecht",
              "age": 48,
              "alive": false,
              "sex": "m",
              "parents": "firstgen"
            },
            "cause": "illness",
            "label": "parent"
          }
        ],
        "1218": [
          {
            "topic": "update",
            "update": "new friendship label",
            "relationship label": "sibling",
            "friendship label": "indifferent",
            "relationship": 20518
          }
        ],
        "1225": [
          {
            "topic": "person died",
            "person": {
              "key": 12521,
              "name": "Zuanelt",
              "age": 53,
              "alive": false,
              "sex": "f",
              "parents": "firstgen"
            },
            "cause": "sickness",
            "label": "parent"
          }
        ],
        "1226": [
          {
            "topic": "job notice",
            "notice": "found job",
            "income": 0.613
          },
          {
            "topic": "not enough income",
            "income": 0,
            "inhabitants": []
          }
        ],
        "1227": [
          {
            "topic": "job notice",
            "notice": "hardly any income",
            "income": 0.192
          }
        ],
        "1230": [
          {
            "topic": "job notice",
            "notice": "earning very little",
            "income": 0.29100000000000004
          }
        ],
        "1231": [
          {
            "topic": "job notice",
            "notice": "hardly any income",
            "income": 0.23399999999999999
          }
        ],
        "1232": [
          {
            "topic": "event",
            "event": "war",
            "year": 1232
          }
        ],
        "1234": [
          {
            "topic": "not enough income",
            "income": 0.093,
            "inhabitants": []
          }
        ],
        "1236": [
          {
            "topic": "job notice",
            "notice": "earning very little",
            "income": 0.39
          }
        ],
        "1237": [
          {
            "topic": "job notice",
            "notice": "earning very little",
            "income": 0.323
          }
        ],
        "1238": [
          {
            "topic": "job notice",
            "notice": "hardly any income",
            "income": 0.025
          },
          {
            "topic": "not enough income",
            "income": 0.025,
            "inhabitants": []
          }
        ],
        "1239": [
          {
            "topic": "update",
            "update": "new friendship label",
            "relationship label": "sibling",
            "friendship label": "indifferent",
            "relationship": 20518
          }
        ],
        "1240": [
          {
            "topic": "not enough income",
            "income": 0.025,
            "inhabitants": []
          }
        ],
        "1241": [
          {
            "topic": "not enough income",
            "income": 0.08,
            "inhabitants": []
          }
        ],
        "1242": [
          {
            "topic": "not enough income",
            "income": 0.025,
            "inhabitants": []
          }
        ],
        "1244": [
          {
            "topic": "update",
            "update": "new friendship label",
            "relationship label": "sibling",
            "friendship label": "disliked",
            "relationship": 20518
          }
        ],