{
  "20668": {
    "alive": false,
    "name": "Harderico",
    "surname": "Longus",
    "full name": "Harderico Longus",
    "born this way": {
      "sexuality label": "straight",
      "sexuality": 0.109,
      "romantic interest": 0.754,
      "sex interest": 0.549,
      "gender expression": 0.174,
      "sex": "m"
    },
    "age": 38,
    "birth year": 1203,
    "sex": "m",
    "faction": "Dogmatists",
    "income class": [
      4,
      "nobility"
    ],
    "personality": {
      "lawful-chaotic": 0.258,
      "nice-nasty": 0.226,
      "honest-false": 0.032,
      "dream": 0.449,
      "outgoing": 0.776
    },
    "attitude": {
      "dream": 0.449,
      "outgoing": 0.776
    },
    "homsoc": {
      "means": {
        "independent": true,
        "taken_care_of": false,
        "caretaker": true,
        "needs_care": false,
        "flags": [
          "starving"
        ]
      },
      "expression": {
        "sexuality expression": 0.047,
        "gender expression expression": 0.144
      }
    },
    "network": {
      "parents": {
        "mother": "Ghoudekinen (11711)",
        "father": "Richolfus (11710)"
      },
      "children": {},
      "relationship keys": {
        "parent": [
          20669,
          20670
        ],
        "sibling": [
          20671,
          24840,
          27297
        ],
        "unrelated": [
          44178,
          46075,
          47965,
          49243,
          53410,
          58306,
          60084,
          64543,
          66909,
          68073
        ]
      }
    },
    "occupation": {
      "has job": true,
      "income class": [
        4,
        "nobility"
      ],
      "income": 1.453,
      "all_incomes": [
        0.895,
        1.2930000000000001,
        1.1740000000000002,
        1.3250000000000002,
        1.1520000000000001,
        1.3430000000000002,
        1.4360000000000002,
        1.5990000000000002,
        1.23,
        1.1740000000000002,
        1.544,
        1.5970000000000002,
        1.5990000000000002,
        1.5990000000000002,
        1.5390000000000001,
        1.5990000000000002,
        1.5990000000000002,
        1.02,
        1.075,
        0.757,
        1.076,
        1.5990000000000002,
        1.453
      ],
      "job": {
        "lawful": false,
        "honest": false
      }
    },
    "genetics": {
      "skin_color": 3,
      "eye_color": "brown",
      "hair_color": "brown",
      "hair_color_code": 2,
      "hair_type": [
        "C",
        "C"
      ],
      "health": 0.616,
      "fertility": 0.719,
      "communication_impaired": false,
      "mobility_impaired": false,
      "cognitive_impaired": false,
      "disabilities": []
    },
    "memory": {
      "health": {
        "1204": {
          "health": {
            "change": false,
            "value_change": 0.0,
            "new_health": 0.616
          },
          "death": false
        },
        "1241": {
          "health": {
            "change": false,
            "value_change": 0.0,
            "new_health": 0.616
          },
          "death": true
        }
      },
      "events": {
        "1203": [
          {
            "topic": "birth",
            "year": 1203
          },
          {
            "topic": "new relationship",
            "key": 20669,
            "people": [
              11710,
              20668
            ],
            "people names": [
              "Richolfus Longus",
              "Harderico Longus"
            ],
            "people ages": [
              31,
              0
            ],
            "label": "parentchild",
            "committed": false
          },
          {
            "topic": "new relationship",
            "key": 20670,
            "people": [
              11711,
              20668
            ],
            "people names": [
              "Ghoudekinen",
              "Harderico Longus"
            ],
            "people ages": [
              30,
              0
            ],
            "label": "parentchild",
            "committed": false
          },
          {
            "topic": "new relationship",
            "key": 20671,
            "people": [
              14374,
              20668
            ],
            "people names": [
              "Ryccie Longus",
              "Harderico Longus"
            ],
            "people ages": [
              3,
              0
            ],
            "label": "sibling",
            "committed": false
          }
        ],
        "1205": [
          {
            "topic": "new relationship",
            "key": 24840,
            "people": [
              20668,
              24836
            ],
            "people names": [
              "Harderico Longus",
              "Henric Longus"
            ],
            "people ages": [
              2,
              0
            ],
            "label": "sibling",
            "committed": false
          }
        ],
        "1207": [
          {
            "topic": "new relationship",
            "key": 27297,
            "people": [
              20668,
              27293
            ],
            "people names": [
              "Harderico Longus",
              "Folqui van Richolfus"
            ],
            "people ages": [
              3,
              0
            ],
            "label": "sibling",
            "committed": false
          }
        ],
        "1208": [
          {
            "topic": "update",
            "update": "new friendship label",
            "relationship label": "parentchild",
            "friendship label": "indifferent",
            "relationship": 20669
          }
        ],
        "1210": [
          {
            "topic": "person died",
            "person": {
              "key": 11711,
              "name": "Ghoudekinen",
              "age": 37,
              "alive": false,
              "sex": "f",
              "parents": "firstgen"
            },
            "cause": "illness",
            "friendship label": "indifferent",
            "label": "parent"
          }
        ],
        "1214": [
          {
            "topic": "update",
            "update": "new friendship label",
            "relationship label": "sibling",
            "friendship label": "indifferent",
            "relationship": 20671
          }
        ],
        "1215": [
          {
            "topic": "event",
            "event": "plague",
            "year": 1215
          }
        ],
        "1216": [
          {
            "topic": "not enough income",
            "income": 0.123,
            "inhabitants": [
              14374
            ]
          }
        ],
        "1219": [
          {
            "topic": "job notice",
            "notice": "found job",
            "income": 0.895
          }
        ],
        "1220": [
          {
            "topic": "job notice",
            "notice": "comfortable earnings",
            "income": 1.2930000000000001
          }
        ],
        "1221": [
          {
            "topic": "update",
            "update": "new friendship label",
            "relationship label": "sibling",
            "friendship label": "indifferent",
            "relationship": 20671
          },
          {
            "topic": "new relationship",
            "key": 44178,
            "people": [
              16348,
              20668
            ],
            "people names": [
              "Margareta",
              "Harderico Longus"
            ],
            "people ages": [
              20,
              18
            ],
            "label": "unrelated",
            "committed": false
          }
        ],
        "1222": [
          {
            "topic": "person died",
            "person": {
              "key": 11710,
              "name": "Richolfus Longus",
              "age": 50,
              "alive": false,
              "sex": "m",
              "parents": "firstgen"
            },