{
  "20796": {
    "alive": false,
    "name": "Helpriko",
    "surname": "Snauel",
    "full name": "Helpriko Snauel",
    "born this way": {
      "sexuality label": "straight",
      "sexuality": 0.045,
      "romantic interest": 0.256,
      "sex interest": 0.889,
      "gender expression": 0.092,
      "sex": "m"
    },
    "age": 54,
    "birth year": 1211,
    "sex": "m",
    "faction": "No religion",
    "income class": [
      2,
      "middle class"
    ],
    "personality": {
      "lawful-chaotic": 0.204,
      "nice-nasty": 0.0,
      "honest-false": 0.999
    },
    "attitude": {
      "outgoing": 0.266,
      "dream": 0.325
    },
    "homsoc": {
      "means": {
        "independent": true,
        "taken_care_of": false,
        "caretaker": true,
        "needs_care": false,
        "flags": []
      },
      "expression": {
        "sexuality expression": 0.035,
        "gender expression expression": 0.071
      }
    },
    "network": {
      "parents": {
        "mother": "Reynwi (10562)",
        "father": "Cats (10561)"
      },
      "children": {},
      "relationship keys": {
        "parent": [
          20797,
          20798
        ],
        "sibling": [
          20799,
          21385,
          22033
        ],
        "spouse": [
          48070
        ]
      }
    },
    "occupation": {
      "has job": true,
      "income class": [
        2,
        "middle class"
      ],
      "income": 1.524,
      "all_incomes": [
        1.079,
        1.1079999999999999,
        1.0579999999999998,
        1.188,
        1.1239999999999999,
        1.0419999999999998,
        1.0499999999999998,
        1.02,
        1.02,
        1.0659999999999998,
        1.033,
        1.0819999999999999,
        1.105,
        1.1989999999999998,
        1.1589999999999998,
        1.149,
        1.1689999999999998,
        1.222,
        1.263,
        1.3319999999999999,
        1.347,
        1.4049999999999998,
        1.42,
        1.43,
        1.523,
        1.524,
        1.524,
        1.524,
        1.494,
        1.524,
        1.524,
        1.524,
        1.524,
        1.4989999999999999,
        1.524,
        1.524,
        1.524,
        1.524,
        1.524
      ],
      "job": {
        "lawful": true,
        "honest": true
      }
    },
    "genetics": {
      "skin_color": 3,
      "eye_color": "brown",
      "hair_color": "black",
      "hair_color_code": 0,
      "hair_type": [
        "S",
        "S"
      ],
      "health": 0.0,
      "fertility": 0.725,
      "communication_impaired": false,
      "mobility_impaired": false,
      "cognitive_impaired": false,
      "disabilities": []
    },
    "memory": {
      "health": {
        "1212": {
          "health": {
            "change": false,
            "value_change": 0.0,
            "new_health": 0.711
          },
          "death": false
        },
        "1263": {
          "health": {
            "change": true,
            "value_change": -0.259,
            "new_health": 0.452
          },
          "death": false
        },
        "1264": {
          "health": {
            "change": true,
            "value_change": -0.226,
            "new_health": 0.226
          },
          "death": false
        },
        "1265": {
          "health": {
            "change": true,
            "value_change": -0.226,
            "new_health": 0.0
          },
          "death": true
        }
      },
      "events": {
        "1211": [
          {
            "topic": "new home",
            "home": {
              "income class": 2,
              "income class label": "middle class",
              "section": "stOp 't Speuy.se1.c2",
              "street": "Op 't Speuy",
              "neighborhood": "jorisbuurt",
              "unique id": 198
            }
          }
        ],
        "1212": [
          {
            "topic": "new relationship",
            "key": 21385,
            "people": [
              20796,
              21381
            ],
            "people names": [
              "Helpriko Snauel",
              "Reynold Snauel"
            ],
            "people ages": [
              0,
              0
            ],
            "label": "sibling",
            "committed": false
          }
        ],
        "1213": [
          {
            "topic": "new relationship",
            "key": 22033,
            "people": [
              20796,
              22029
            ],
            "people names": [
              "Helpriko Snauel",
              "Marisseis Snauel"
            ],
            "people ages": [
              2,
              0
            ],
            "label": "sibling",
            "committed": false
          }
        ],
        "1214": [
          {
            "topic": "update",
            "update": "new friendship label",
            "relationship label": "sibling",
            "friendship label": "indifferent",
            "relationship": 20799
          },
          {
            "topic": "person died",
            "person": {
              "key": 10562,
              "name": "Reynwi",
              "age": 36,
              "alive": false,
              "sex": "f",
              "parents": "firstgen"
            },
            "cause": "illness",
            "label": "parent"
          },
          {
            "topic": "person died",
            "person": {
              "key": 22029,
              "name": "Marisseis Snauel",
              "age": 1,
              "alive": false,
              "sex": "f",
              "parents": {
                "mother": "Reynwi (10562)",
                "father": "Cats (10561)"
              }
            },
            "cause": "childhood illness",
            "label": "sibling"
          }
        ],
        "1215": [
          {
            "topic": "event",
            "event": "plague",
            "year": 1215
          },
          {
            "topic": "new home",
            "home": {
              "income class": 2,
              "income class label": "middle class",
              "section": "stUterechse straet.se3.c2",
              "street": "Uterechse straet",
              "neighborhood": "varkensbuurt",
              "unique id": 12
            }
          },
          {
            "topic": "update",
            "update": "parent married",
            "parent": 10561,
            "new partner": 11525
          }
        ],
        "1216": [
          {
            "topic": "person died",
            "person": {
              "key": 10561,
              "name": "Cats Snauel",
              "age": 49,
              "alive": false,
              "sex": "m",
              "parents": "firstgen"
            },
            "cause": "illness",
            "label": "parent"
          }
        ],
        "1218": [
          {
            "topic": "update",
            "update": "new friendship label",
            "relationship label": "sibling",
            "friendship label": "indifferent",
            "relationship": 21385
          }
        ],
        "1227": [
          {
            "topic": "job notice",
            "notice": "found job",
            "income": 1.079
          },
          {
            "topic": "update",
            "update": "new friendship label",
            "relationship label": "sibling",
            "friendship label": "indifferent",
            "relationship": 21385
          }
        ],
        "1232": [
          {
            "topic": "event",
            "event": "war",
            "year": 1232
          }
        ],
        "1234": [
          {
            "topic": "person died",
            "person": {
              "key": 19299,
              "name": "Woltwigis van Cats",
              "age": 26,
              "alive": false,
              "sex": "f",
              "parents": {
                "mother": "Reynwi (10562)",
                "father": "Cats (10561)"
              }
            },