{
  "20874": {
    "alive": true,
    "name": "Rase",
    "surname": "Sluke",
    "full name": "Rase Sluke",
    "born this way": {
      "sexuality label": "bi",
      "sexuality": 0.366,
      "romantic interest": 0.61,
      "sex interest": 0.719,
      "gender expression": 0.482,
      "sex": "m"
    },
    "age": 45,
    "birth year": 1204,
    "sex": "m",
    "faction": "Zealots",
    "income class": [
      2,
      "middle class"
    ],
    "personality": {
      "lawful-chaotic": 0.603,
      "nice-nasty": 0.214,
      "honest-false": 0.411,
      "dream": 0.536,
      "outgoing": 0.664
    },
    "attitude": {
      "dream": 0.536,
      "outgoing": 0.664
    },
    "homsoc": {
      "means": {
        "independent": true,
        "taken_care_of": false,
        "caretaker": true,
        "needs_care": false,
        "flags": [
          "starving"
        ]
      },
      "expression": {
        "sexuality expression": 0.162,
        "gender expression expression": 0.349
      }
    },
    "network": {
      "parents": {
        "mother": "Machtilden (10043)",
        "father": "Trove (10042)"
      },
      "children": {
        "68284": {
          "key": 68284,
          "name": "Wigherus Sluke",
          "age": 8,
          "alive": true,
          "sex": "m",
          "parents": {
            "mother": "Flore (18446)",
            "father": "Rase (20874)"
          }
        }
      },
      "relationship keys": {
        "parent": [
          20875,
          20876
        ],
        "sibling": [
          20877,
          23316
        ],
        "unrelated": [
          46951,
          63174,
          74182,
          74998
        ],
        "spouse": [
          64438
        ],
        "child": {
          "birth": [
            68285
          ]
        }
      }
    },
    "occupation": {
      "has job": true,
      "income class": [
        2,
        "middle class"
      ],
      "income": 1.269,
      "all_incomes": [
        0.908,
        0.903,
        0.914,
        0.874,
        0.921,
        0.906,
        0.9410000000000001,
        0.928,
        0.915,
        0.899,
        0.893,
        0.922,
        0.998,
        0.868,
        0.906,
        0.898,
        0.993,
        1.003,
        1.0539999999999998,
        1.139,
        1.2129999999999999,
        1.2349999999999999,
        1.2939999999999998,
        1.3099999999999998,
        1.323,
        1.325,
        1.254,
        1.226,
        1.236,
        1.269
      ],
      "job": {
        "lawful": true,
        "honest": true
      }
    },
    "genetics": {
      "skin_color": 9,
      "eye_color": "green",
      "hair_color": "black",
      "hair_color_code": 0,
      "hair_type": [
        "S",
        "C"
      ],
      "health": 0.621,
      "fertility": 0.671,
      "communication_impaired": false,
      "mobility_impaired": false,
      "cognitive_impaired": false,
      "disabilities": []
    },
    "memory": {
      "health": {
        "1205": {
          "health": {
            "change": false,
            "value_change": 0.0,
            "new_health": 0.621
          },
          "death": false
        }
      },
      "events": {
        "1204": [
          {
            "topic": "birth",
            "year": 1204
          },
          {
            "topic": "new relationship",
            "key": 20875,
            "people": [
              10042,
              20874
            ],
            "people names": [
              "Trove Sluke",
              "Rase Sluke"
            ],
            "people ages": [
              26,
              0
            ],
            "label": "parentchild",
            "committed": false
          },
          {
            "topic": "new relationship",
            "key": 20876,
            "people": [
              10043,
              20874
            ],
            "people names": [
              "Machtilden Coram",
              "Rase Sluke"
            ],
            "people ages": [
              20,
              0
            ],
            "label": "parentchild",
            "committed": false
          },
          {
            "topic": "new relationship",
            "key": 20877,
            "people": [
              17884,
              20874
            ],
            "people names": [
              "Andreas Sluke",
              "Rase Sluke"
            ],
            "people ages": [
              1,
              0
            ],
            "label": "sibling",
            "committed": false
          }
        ],
        "1205": [
          {
            "topic": "new relationship",
            "key": 23316,
            "people": [
              20874,
              23312
            ],
            "people names": [
              "Rase Sluke",
              "Saxiardis Sluke"
            ],
            "people ages": [
              0,
              0
            ],
            "label": "sibling",
            "committed": false
          }
        ],
        "1207": [
          {
            "topic": "person died",
            "person": {
              "key": 10043,
              "name": "Machtilden Coram",
              "age": 24,
              "alive": false,
              "sex": "f",
              "parents": "firstgen"
            },
            "cause": "illness",
            "friendship label": "indifferent",
            "label": "parent"
          }
        ],
        "1210": [
          {
            "topic": "update",
            "update": "new friendship label",
            "relationship label": "sibling",
            "friendship label": "friend",
            "relationship": 23316
          },
          {
            "topic": "update",
            "update": "new friendship label",
            "relationship label": "sibling",
            "friendship label": "good friend",
            "relationship": 20877
          },
          {
            "topic": "person died",
            "person": {
              "key": 10042,
              "name": "Trove Sluke",
              "age": 33,
              "alive": false,
              "sex": "m",
              "parents": "firstgen"
            },
            "cause": "illness",
            "friendship label": "good friend",
            "label": "parent"
          }
        ],
        "1211": [
          {
            "topic": "not enough income",
            "income": 0,
            "inhabitants": [
              17884,
              20874,
              18446,
              68284
            ]
          }
        ],
        "1212": [
          {
            "topic": "not enough income",
            "income": 0,
            "inhabitants": [
              17884,
              20874,
              18446,
              68284
            ]
          }
        ],
        "1213": [
          {
            "topic": "update",
            "update": "new friendship label",
            "relationship label": "sibling",
            "friendship label": "good friend",
            "relationship": 23316
          },
          {
            "topic": "not enough income",
            "income": 0,
            "inhabitants": [
              17884,
              20874,
              18446,
              68284
            ]
          }
        ],
        "1214": [
          {
            "topic": "not enough income",
            "income": 0,
            "inhabitants": [
              17884,
              20874,
              18446,
              68284
            ]
          }
        ],
        "1215": [
          {
            "topic": "event",
            "event": "plague",
            "year": 1215
          },
          {
            "topic": "not enough income",
            "income": 0,
            "inhabitants": [
              17884,
              20874,
              18446,
              68284
            ]
          }
        ],
        "1216": [
          {
            "topic": "person died",
            "person": {
              "key": 23312,