{
  "21042": {
    "alive": false,
    "name": "Duker",
    "surname": "Iude",
    "full name": "Duker Iude",
    "born this way": {
      "sexuality label": "straight",
      "sexuality": 0.071,
      "romantic interest": 0.682,
      "sex interest": 0.817,
      "gender expression": 0.002,
      "sex": "m"
    },
    "age": 51,
    "birth year": 1211,
    "sex": "m",
    "faction": "No religion",
    "income class": [
      2,
      "middle class"
    ],
    "personality": {
      "lawful-chaotic": 0.504,
      "nice-nasty": 0.0,
      "honest-false": 0.275
    },
    "attitude": {
      "outgoing": 0.843,
      "dream": 0.313
    },
    "homsoc": {
      "means": {
        "independent": true,
        "taken_care_of": false,
        "caretaker": true,
        "needs_care": false,
        "flags": []
      },
      "expression": {
        "sexuality expression": 0.031,
        "gender expression expression": 0.001
      }
    },
    "network": {
      "parents": {
        "mother": "Salome (10559)",
        "father": "Walic (10558)"
      },
      "children": {},
      "relationship keys": {
        "parent": [
          21043,
          21044
        ],
        "sibling": [
          21045,
          21046,
          21047,
          22820,
          23306
        ],
        "nibling": [
          24353,
          26546,
          28937
        ],
        "spouse": [
          55112,
          65650
        ]
      }
    },
    "occupation": {
      "has job": true,
      "income class": [
        2,
        "middle class"
      ],
      "income": 1.522,
      "all_incomes": [
        0.938,
        0.9480000000000001,
        0.979,
        0.982,
        1.0459999999999998,
        1.053,
        1.0719999999999998,
        1.0519999999999998,
        1.129,
        1.222,
        1.273,
        1.2839999999999998,
        1.3099999999999998,
        1.303,
        1.327,
        1.4209999999999998,
        1.4349999999999998,
        1.484,
        1.524,
        1.524,
        1.5,
        1.523,
        1.524,
        1.524,
        1.524,
        1.524,
        1.524,
        1.524,
        1.524,
        1.524,
        1.524,
        1.524,
        1.524,
        1.524,
        1.522
      ],
      "job": {
        "lawful": true,
        "honest": true
      }
    },
    "genetics": {
      "skin_color": 1,
      "eye_color": "green",
      "hair_color": "strawberry blonde",
      "hair_color_code": 5,
      "hair_type": [
        "S",
        "S"
      ],
      "health": 0.493,
      "fertility": 0.666,
      "communication_impaired": false,
      "mobility_impaired": false,
      "cognitive_impaired": false,
      "disabilities": []
    },
    "memory": {
      "health": {
        "1212": {
          "health": {
            "change": false,
            "value_change": 0.0,
            "new_health": 0.69
          },
          "death": false
        },
        "1262": {
          "health": {
            "change": true,
            "value_change": -0.197,
            "new_health": 0.493
          },
          "death": true
        }
      },
      "events": {
        "1211": [
          {
            "topic": "new home",
            "home": {
              "income class": 2,
              "income class label": "middle class",
              "section": "stOp 't Speuy.se1.c2",
              "street": "Op 't Speuy",
              "neighborhood": "jorisbuurt",
              "unique id": 197
            }
          }
        ],
        "1215": [
          {
            "topic": "event",
            "event": "plague",
            "year": 1215
          },
          {
            "topic": "new relationship",
            "key": 22820,
            "people": [
              21042,
              22814
            ],
            "people names": [
              "Duker Iude",
              "Voghel Iude"
            ],
            "people ages": [
              3,
              0
            ],
            "label": "sibling",
            "committed": false
          }
        ],
        "1217": [
          {
            "topic": "new relationship",
            "key": 23306,
            "people": [
              21042,
              23300
            ],
            "people names": [
              "Duker Iude",
              "Remboldus Iude"
            ],
            "people ages": [
              6,
              0
            ],
            "label": "sibling",
            "committed": false
          }
        ],
        "1218": [
          {
            "topic": "update",
            "update": "new friendship label",
            "relationship label": "parentchild",
            "friendship label": "indifferent",
            "relationship": 21043
          }
        ],
        "1219": [
          {
            "topic": "update",
            "update": "new friendship label",
            "relationship label": "sibling",
            "friendship label": "friend",
            "relationship": 22820
          }
        ],
        "1220": [
          {
            "topic": "update",
            "update": "new friendship label",
            "relationship label": "parentchild",
            "friendship label": "indifferent",
            "relationship": 21044
          },
          {
            "topic": "new relationship",
            "key": 24353,
            "people": [
              21042,
              23903
            ],
            "people names": [
              "Duker Iude",
              "Batten Iude"
            ],
            "people ages": [
              9,
              1
            ],
            "label": "nibling",
            "committed": false
          }
        ],
        "1222": [
          {
            "topic": "update",
            "update": "new friendship label",
            "relationship label": "sibling",
            "friendship label": "indifferent",
            "relationship": 23306
          }
        ],
        "1224": [
          {
            "topic": "person died",
            "person": {
              "key": 10559,
              "name": "Salome",
              "age": 43,
              "alive": false,
              "sex": "f",
              "parents": "firstgen"
            },
            "cause": "illness",
            "label": "parent"
          },
          {
            "topic": "new relationship",
            "key": 26546,
            "people": [
              21042,
              25686
            ],
            "people names": [
              "Duker Iude",
              "Mabelie Iude"
            ],
            "people ages": [
              13,
              1
            ],
            "label": "nibling",
            "committed": false
          }
        ],
        "1225": [
          {
            "topic": "update",
            "update": "new friendship label",
            "relationship label": "sibling",
            "friendship label": "indifferent",
            "relationship": 21046
          }
        ],
        "1226": [
          {
            "topic": "update",
            "update": "new friendship label",
            "relationship label": "sibling",
            "friendship label": "indifferent",
            "relationship": 21045
          }
        ],
        "1227": [
          {
            "topic": "person died",
            "person": {
              "key": 13408,
              "name": "Reinardus Iude",
              "age": 27,
              "alive": false,
              "sex": "m",
              "parents": {
                "mother": "Salome (10559)",
                "father": "Walic (10558)"
              }
            },
            "cause": "illness",
            "label": "sibling"
          },
          {
            "topic": "new relationship",
            "key": 28937,
            "people": [
              21042,
              27579
            ],
            "people names": [
              "Duker Iude",
              "Franco"
            ],