{
  "21157": {
    "alive": true,
    "name": "Clarebout",
    "surname": "Bove",
    "full name": "Clarebout Bove",
    "born this way": {
      "sexuality label": "straight",
      "sexuality": 0.051,
      "romantic interest": 0.75,
      "sex interest": 0.677,
      "gender expression": 0.16,
      "sex": "m"
    },
    "age": 45,
    "birth year": 1204,
    "sex": "m",
    "faction": "No religion",
    "income class": [
      3,
      "upper middle class"
    ],
    "personality": {
      "lawful-chaotic": 0.407,
      "nice-nasty": 0.774,
      "honest-false": 0.999,
      "dream": 0.453,
      "outgoing": 0.933
    },
    "attitude": {
      "dream": 0.453,
      "outgoing": 0.933
    },
    "homsoc": {
      "means": {
        "independent": true,
        "taken_care_of": false,
        "caretaker": true,
        "needs_care": false,
        "flags": [
          "starving"
        ]
      },
      "expression": {
        "sexuality expression": 0.032,
        "gender expression expression": 0.065
      }
    },
    "network": {
      "parents": {
        "mother": "Esa (11783)",
        "father": "Weitijn (11782)"
      },
      "children": {},
      "relationship keys": {
        "parent": [
          21158,
          21159
        ],
        "sibling": [
          21160,
          21161,
          21162
        ],
        "unrelated": [
          40604,
          61564,
          64492,
          70338,
          71329
        ]
      }
    },
    "occupation": {
      "has job": true,
      "income class": [
        3,
        "upper middle class"
      ],
      "income": 1.5490000000000002,
      "all_incomes": [
        1.085,
        1.1,
        1.187,
        1.354,
        1.192,
        1.086,
        1.054,
        1.2590000000000001,
        1.476,
        1.493,
        1.5490000000000002,
        1.43,
        1.467,
        1.37,
        1.361,
        1.27,
        1.335,
        1.231,
        1.3760000000000001,
        1.368,
        1.472,
        1.5490000000000002,
        1.5270000000000001,
        1.5490000000000002,
        1.5490000000000002,
        1.5490000000000002,
        1.5490000000000002,
        1.483,
        1.5490000000000002
      ],
      "job": {
        "lawful": false,
        "honest": true
      }
    },
    "genetics": {
      "skin_color": 4,
      "eye_color": "brown",
      "hair_color": "brown",
      "hair_color_code": 2,
      "hair_type": [
        "S",
        "C"
      ],
      "health": 0.843,
      "fertility": 0.738,
      "communication_impaired": false,
      "mobility_impaired": false,
      "cognitive_impaired": false,
      "disabilities": []
    },
    "memory": {
      "health": {
        "1205": {
          "health": {
            "change": false,
            "value_change": 0.0,
            "new_health": 0.843
          },
          "death": false
        }
      },
      "events": {
        "1204": [
          {
            "topic": "birth",
            "year": 1204
          },
          {
            "topic": "new relationship",
            "key": 21158,
            "people": [
              11782,
              21157
            ],
            "people names": [
              "Weitijn Bove",
              "Clarebout Bove"
            ],
            "people ages": [
              38,
              0
            ],
            "label": "parentchild",
            "committed": false
          },
          {
            "topic": "new relationship",
            "key": 21159,
            "people": [
              11783,
              21157
            ],
            "people names": [
              "Esa Zonne",
              "Clarebout Bove"
            ],
            "people ages": [
              26,
              0
            ],
            "label": "parentchild",
            "committed": false
          },
          {
            "topic": "new relationship",
            "key": 21160,
            "people": [
              13243,
              21157
            ],
            "people names": [
              "Cecilia Bove",
              "Clarebout Bove"
            ],
            "people ages": [
              3,
              0
            ],
            "label": "sibling",
            "committed": false
          },
          {
            "topic": "new relationship",
            "key": 21161,
            "people": [
              16406,
              21157
            ],
            "people names": [
              "Ghodelde Bove",
              "Clarebout Bove"
            ],
            "people ages": [
              2,
              0
            ],
            "label": "sibling",
            "committed": false
          },
          {
            "topic": "new relationship",
            "key": 21162,
            "people": [
              18342,
              21157
            ],
            "people names": [
              "Wilmarus Bove",
              "Clarebout Bove"
            ],
            "people ages": [
              1,
              0
            ],
            "label": "sibling",
            "committed": false
          }
        ],
        "1205": [
          {
            "topic": "update",
            "update": "new friendship label",
            "relationship label": "sibling",
            "friendship label": "indifferent",
            "relationship": 21161
          },
          {
            "topic": "update",
            "update": "new friendship label",
            "relationship label": "sibling",
            "friendship label": "friend",
            "relationship": 21162
          }
        ],
        "1206": [
          {
            "topic": "update",
            "update": "new friendship label",
            "relationship label": "sibling",
            "friendship label": "indifferent",
            "relationship": 21161
          }
        ],
        "1211": [
          {
            "topic": "update",
            "update": "new friendship label",
            "relationship label": "sibling",
            "friendship label": "friend",
            "relationship": 21162
          }
        ],
        "1215": [
          {
            "topic": "event",
            "event": "plague",
            "year": 1215
          },
          {
            "topic": "new relationship",
            "key": 40604,
            "people": [
              22272,
              21157
            ],
            "people names": [
              "Oudrauen Ickbier",
              "Clarebout Bove"
            ],
            "people ages": [
              11,
              11
            ],
            "label": "unrelated",
            "committed": false
          },
          {
            "topic": "person died",
            "person": {
              "key": 11782,
              "name": "Weitijn Bove",
              "age": 50,
              "alive": false,
              "sex": "m",
              "parents": "firstgen"
            },
            "cause": "plague",
            "friendship label": "indifferent",
            "label": "parent"
          }
        ],
        "1216": [
          {
            "topic": "update",
            "update": "new friendship label",
            "relationship label": "sibling",
            "friendship label": "friend",
            "relationship": 21162
          },
          {
            "topic": "not enough income",
            "income": 0,
            "inhabitants": [
              18342,
              21157,
              26628,
              74836
            ]
          }
        ],
        "1217": [
          {
            "topic": "not enough income",
            "income": 0,
            "inhabitants": [
              18342,
              21157,
              26628,
              74836
            ]
          }
        ],
        "1221": [
          {
            "topic": "job notice",
            "notice": "found job",
            "income": 1.085
          }
        ],
        "1223": [
          {
            "topic": "event",