{
  "21322": {
    "alive": true,
    "name": "Sanse",
    "surname": "",
    "full name": "Sanse",
    "born this way": {
      "sexuality label": "straight",
      "sexuality": 0.079,
      "romantic interest": 0.617,
      "sex interest": 0.445,
      "gender expression": 0.272,
      "sex": "m"
    },
    "age": 45,
    "birth year": 1204,
    "sex": "m",
    "faction": "Zealots",
    "income class": [
      3,
      "upper middle class"
    ],
    "personality": {
      "lawful-chaotic": 0.277,
      "nice-nasty": 0.494,
      "honest-false": 0.847,
      "dream": 0.337,
      "outgoing": 0.409
    },
    "attitude": {
      "dream": 0.337,
      "outgoing": 0.409
    },
    "homsoc": {
      "means": {
        "independent": true,
        "taken_care_of": false,
        "caretaker": true,
        "needs_care": false,
        "flags": [
          "starving"
        ]
      },
      "expression": {
        "sexuality expression": 0.065,
        "gender expression expression": 0.102
      }
    },
    "network": {
      "parents": {
        "mother": "Aghete (11798)",
        "father": "Frethericus (11797)"
      },
      "children": {},
      "relationship keys": {
        "parent": [
          21323,
          21324
        ],
        "sibling": [
          21325,
          21326,
          23003,
          28167,
          33501
        ],
        "unrelated": [
          56760
        ]
      }
    },
    "occupation": {
      "has job": true,
      "income class": [
        3,
        "upper middle class"
      ],
      "income": 1.5490000000000002,
      "all_incomes": [
        0.976,
        0.9830000000000001,
        0.9700000000000001,
        1.032,
        1.084,
        1.125,
        1.2710000000000001,
        1.2690000000000001,
        1.274,
        1.215,
        1.25,
        1.296,
        1.357,
        1.395,
        1.381,
        1.498,
        1.493,
        1.5490000000000002,
        1.5470000000000002,
        1.5490000000000002,
        1.5490000000000002,
        1.5490000000000002,
        1.5490000000000002,
        1.5210000000000001,
        1.5390000000000001,
        1.5490000000000002,
        1.5490000000000002,
        1.5490000000000002
      ],
      "job": {
        "lawful": true,
        "honest": true
      }
    },
    "genetics": {
      "skin_color": 8,
      "eye_color": "brown",
      "hair_color": "black",
      "hair_color_code": 0,
      "hair_type": [
        "C",
        "C"
      ],
      "health": 0.82,
      "fertility": 0.888,
      "communication_impaired": false,
      "mobility_impaired": false,
      "cognitive_impaired": false,
      "disabilities": []
    },
    "memory": {
      "health": {
        "1205": {
          "health": {
            "change": false,
            "value_change": 0.0,
            "new_health": 0.886
          },
          "death": false
        },
        "1214": {
          "health": {
            "change": true,
            "value_change": -0.066,
            "new_health": 0.82
          },
          "death": false
        },
        "1215": {
          "health": {
            "change": false,
            "value_change": 0.0,
            "new_health": 0.82
          },
          "death": false
        }
      },
      "events": {
        "1204": [
          {
            "topic": "birth",
            "year": 1204
          },
          {
            "topic": "new relationship",
            "key": 21323,
            "people": [
              11797,
              21322
            ],
            "people names": [
              "Frethericus",
              "Sanse"
            ],
            "people ages": [
              47,
              0
            ],
            "label": "parentchild",
            "committed": false
          },
          {
            "topic": "new relationship",
            "key": 21324,
            "people": [
              11798,
              21322
            ],
            "people names": [
              "Aghete Hanen",
              "Sanse"
            ],
            "people ages": [
              28,
              0
            ],
            "label": "parentchild",
            "committed": false
          },
          {
            "topic": "new relationship",
            "key": 21325,
            "people": [
              14701,
              21322
            ],
            "people names": [
              "Diewiven",
              "Sanse"
            ],
            "people ages": [
              2,
              0
            ],
            "label": "sibling",
            "committed": false
          },
          {
            "topic": "new relationship",
            "key": 21326,
            "people": [
              18715,
              21322
            ],
            "people names": [
              "Nanne Frethericusszoon",
              "Sanse"
            ],
            "people ages": [
              0,
              0
            ],
            "label": "sibling",
            "committed": false
          }
        ],
        "1205": [
          {
            "topic": "new relationship",
            "key": 23003,
            "people": [
              21322,
              22998
            ],
            "people names": [
              "Sanse",
              "Sollen Frethericusszoon"
            ],
            "people ages": [
              0,
              0
            ],
            "label": "sibling",
            "committed": false
          },
          {
            "topic": "update",
            "update": "new friendship label",
            "relationship label": "sibling",
            "friendship label": "friend",
            "relationship": 21325
          },
          {
            "topic": "update",
            "update": "new friendship label",
            "relationship label": "parentchild",
            "friendship label": "enemy",
            "relationship": 21324
          }
        ],
        "1207": [
          {
            "topic": "new relationship",
            "key": 28167,
            "people": [
              21322,
              28162
            ],
            "people names": [
              "Sanse",
              "Huwardo van Aghete"
            ],
            "people ages": [
              2,
              0
            ],
            "label": "sibling",
            "committed": false
          }
        ],
        "1210": [
          {
            "topic": "new relationship",
            "key": 33501,
            "people": [
              21322,
              33496
            ],
            "people names": [
              "Sanse",
              "Agnes"
            ],
            "people ages": [
              6,
              0
            ],
            "label": "sibling",
            "committed": false
          },
          {
            "topic": "person died",
            "person": {
              "key": 11797,
              "name": "Frethericus",
              "age": 54,
              "alive": false,
              "sex": "m",
              "parents": "firstgen"
            },
            "cause": "old age",
            "friendship label": "friend",
            "label": "parent"
          },
          {
            "topic": "personality change",
            "change": true,
            "trait": "honest-false",
            "trigger": "grief",
            "mod": -0.02
          }
        ],
        "1211": [
          {
            "topic": "update",
            "update": "new friendship label",
            "relationship label": "sibling",
            "friendship label": "indifferent",
            "relationship": 33501
          },
          {
            "topic": "not enough income",
            "income": 0,
            "inhabitants": [
              18715,
              21322,
              33496,
              17672,
              66756,
              71079
            ]
          }
        ],
        "1212": [
          {
            "topic": "not enough income",