{
  "21461": {
    "alive": false,
    "name": "Helyana",
    "surname": "van Harlo",
    "full name": "Helyana van Harlo",
    "born this way": {
      "sexuality label": "straight",
      "sexuality": 0.027,
      "romantic interest": 0.908,
      "sex interest": 0.999,
      "gender expression": 0.27,
      "sex": "f"
    },
    "age": 54,
    "birth year": 1212,
    "sex": "f",
    "faction": "Zealots",
    "income class": [
      4,
      "nobility"
    ],
    "personality": {
      "lawful-chaotic": 0.36,
      "nice-nasty": 0.721,
      "honest-false": 0.63
    },
    "attitude": {
      "outgoing": 0.401,
      "dream": 0.505
    },
    "homsoc": {
      "means": {
        "independent": true,
        "taken_care_of": false,
        "caretaker": true,
        "needs_care": false,
        "flags": []
      },
      "expression": {
        "sexuality expression": 0.011,
        "gender expression expression": 0.059
      }
    },
    "network": {
      "parents": {
        "mother": "Gheesen (12314)",
        "father": "Harlo (12313)"
      },
      "children": {},
      "relationship keys": {
        "parent": [
          21462,
          21463
        ],
        "sibling": [
          21464,
          22151
        ]
      }
    },
    "occupation": {
      "has job": true,
      "income class": [
        4,
        "nobility"
      ],
      "income": 1.5990000000000002,
      "all_incomes": [
        1.026,
        1.1400000000000001,
        1.2040000000000002,
        1.292,
        1.421,
        1.54,
        1.5990000000000002,
        1.5990000000000002,
        1.5990000000000002,
        1.5990000000000002,
        1.5990000000000002,
        1.5990000000000002,
        1.5990000000000002,
        1.5990000000000002,
        1.5990000000000002,
        1.5990000000000002,
        1.5990000000000002,
        1.5990000000000002,
        1.5990000000000002,
        1.5990000000000002,
        1.5990000000000002,
        1.5990000000000002,
        1.5990000000000002,
        1.5990000000000002,
        1.5990000000000002,
        1.5990000000000002,
        1.5990000000000002,
        1.5990000000000002
      ],
      "job": {
        "lawful": true,
        "honest": true
      }
    },
    "genetics": {
      "skin_color": 0,
      "eye_color": "blue",
      "hair_color": "red",
      "hair_color_code": 3,
      "hair_type": [
        "C",
        "S"
      ],
      "health": 0.007,
      "fertility": 0.695,
      "communication_impaired": false,
      "mobility_impaired": false,
      "cognitive_impaired": false,
      "disabilities": []
    },
    "memory": {
      "health": {
        "1213": {
          "health": {
            "change": false,
            "value_change": 0.0,
            "new_health": 0.708
          },
          "death": false
        },
        "1235": {
          "health": {
            "change": true,
            "value_change": -0.202,
            "new_health": 0.506
          },
          "death": false
        },
        "1236": {
          "health": {
            "change": false,
            "value_change": 0.0,
            "new_health": 0.506
          },
          "death": false
        },
        "1263": {
          "health": {
            "change": true,
            "value_change": -0.282,
            "new_health": 0.224
          },
          "death": false
        },
        "1264": {
          "health": {
            "change": true,
            "value_change": -0.111,
            "new_health": 0.113
          },
          "death": false
        },
        "1265": {
          "health": {
            "change": true,
            "value_change": -0.086,
            "new_health": 0.027
          },
          "death": false
        },
        "1266": {
          "health": {
            "change": true,
            "value_change": -0.02,
            "new_health": 0.007
          },
          "death": true
        }
      },
      "events": {
        "1212": [
          {
            "topic": "new home",
            "home": {
              "income class": 4,
              "income class label": "nobility",
              "section": "stMuurhuysen2.se3.c4",
              "street": "Muurhuysen2",
              "neighborhood": "cingelnoord",
              "unique id": 810
            }
          }
        ],
        "1213": [
          {
            "topic": "new relationship",
            "key": 22151,
            "people": [
              21461,
              22147
            ],
            "people names": [
              "Helyana van Harlo",
              "Willibrando van Harlo"
            ],
            "people ages": [
              1,
              0
            ],
            "label": "sibling",
            "committed": false
          }
        ],
        "1214": [
          {
            "topic": "person died",
            "person": {
              "key": 12314,
              "name": "Gheesen",
              "age": 35,
              "alive": false,
              "sex": "f",
              "parents": "firstgen"
            },
            "cause": "illness",
            "label": "parent"
          }
        ],
        "1215": [
          {
            "topic": "event",
            "event": "plague",
            "year": 1215
          },
          {
            "topic": "new home",
            "home": {
              "income class": 3,
              "income class label": "upper middle class",
              "section": "stCromme straet.se7.c3",
              "street": "Cromme straet",
              "neighborhood": "denhof",
              "unique id": 910
            }
          },
          {
            "topic": "update",
            "update": "parent married",
            "parent": 12313,
            "new partner": 12596
          }
        ],
        "1217": [
          {
            "topic": "person died",
            "person": {
              "key": 22147,
              "name": "Willibrando van Harlo",
              "age": 4,
              "alive": false,
              "sex": "m",
              "parents": {
                "mother": "Gheesen (12314)",
                "father": "Harlo (12313)"
              }
            },
            "cause": "childhood illness",
            "label": "sibling"
          }
        ],
        "1231": [
          {
            "topic": "person died",
            "person": {
              "key": 12313,
              "name": "Harlo",
              "age": 55,
              "alive": false,
              "sex": "m",
              "parents": "firstgen"
            },
            "cause": "sickness",
            "label": "parent"
          }
        ],
        "1232": [
          {
            "topic": "event",
            "event": "war",
            "year": 1232
          }
        ],
        "1239": [
          {
            "topic": "job notice",
            "notice": "found job",
            "income": 1.026
          }
        ],
        "1254": [
          {
            "topic": "event",
            "event": "war",
            "year": 1254
          }
        ],
        "1265": [
          {
            "topic": "update",
            "update": "new friendship label",
            "relationship label": "sibling",
            "friendship label": "disliked",
            "relationship": 21464
          }
        ],
        "1266": [
          {
            "topic": "death",
            "cause": "old age"
          }
        ]
      }
    },
    "key": 21461,
    "home": {
      "income class": 3,
      "income class label": "upper middle class",
      "section": "stCromme straet.se7.c3",
      "street": "Cromme straet",
      "neighborhood": "denhof",
      "unique id": 910
    },
    "relationship status": {
      "taken": false,
      "married": false,
      "relationships": [
        21464,
        22151
      ]
    }
  }
}