{
  "21502": {
    "alive": false,
    "name": "Bobone",
    "surname": "",
    "full name": "Bobone",
    "born this way": {
      "sexuality label": "straight",
      "sexuality": 0.047,
      "romantic interest": 0.573,
      "sex interest": 0.658,
      "gender expression": 0.025,
      "sex": "m"
    },
    "age": 54,
    "birth year": 1212,
    "sex": "m",
    "faction": "No religion",
    "income class": [
      3,
      "upper middle class"
    ],
    "personality": {
      "lawful-chaotic": 0.0,
      "nice-nasty": 0.455,
      "honest-false": 0.921
    },
    "attitude": {
      "outgoing": 0.448,
      "dream": 0.425
    },
    "homsoc": {
      "means": {
        "independent": false,
        "taken_care_of": false,
        "caretaker": true,
        "needs_care": false,
        "flags": []
      },
      "expression": {
        "sexuality expression": 0.034,
        "gender expression expression": 0.015
      }
    },
    "network": {
      "parents": {
        "mother": "Heile (11906)",
        "father": "Geldmaro (11905)"
      },
      "children": {},
      "relationship keys": {
        "parent": [
          21503,
          21504
        ],
        "sibling": [
          21505,
          21506,
          21507,
          21508,
          21509,
          24499
        ],
        "nibling": [
          30165,
          33182,
          36274,
          37061
        ],
        "spouse": [
          48118
        ]
      }
    },
    "occupation": {
      "has job": true,
      "income class": [
        3,
        "upper middle class"
      ],
      "income": 0.478,
      "all_incomes": [
        1.499,
        1.5490000000000002,
        1.5490000000000002,
        1.387,
        1.47,
        1.5490000000000002,
        1.5490000000000002,
        1.5490000000000002,
        1.5490000000000002,
        1.5490000000000002,
        1.5490000000000002,
        1.5490000000000002,
        1.5310000000000001,
        1.5490000000000002,
        1.5490000000000002,
        1.5490000000000002,
        1.5490000000000002,
        1.249,
        1.5490000000000002,
        1.5490000000000002,
        1.5490000000000002,
        1.5490000000000002,
        1.5490000000000002,
        1.268,
        1.5490000000000002,
        1.207,
        0.9440000000000001,
        0.865,
        0.46099999999999997,
        0.8150000000000001,
        0.667,
        0.79,
        0.446,
        0.381,
        0.483,
        0.097,
        0.257,
        0.05,
        0.478
      ],
      "job": {
        "lawful": false,
        "honest": false
      }
    },
    "genetics": {
      "skin_color": 4,
      "eye_color": "blue",
      "hair_color": "brown",
      "hair_color_code": 2,
      "hair_type": [
        "C",
        "C"
      ],
      "health": 0.0,
      "fertility": 0.707,
      "communication_impaired": false,
      "mobility_impaired": false,
      "cognitive_impaired": false,
      "disabilities": []
    },
    "memory": {
      "health": {
        "1213": {
          "health": {
            "change": false,
            "value_change": 0.0,
            "new_health": 0.708
          },
          "death": false
        },
        "1263": {
          "health": {
            "change": true,
            "value_change": -0.173,
            "new_health": 0.535
          },
          "death": false
        },
        "1264": {
          "health": {
            "change": true,
            "value_change": -0.378,
            "new_health": 0.157
          },
          "death": false
        },
        "1265": {
          "health": {
            "change": true,
            "value_change": -0.119,
            "new_health": 0.038
          },
          "death": false
        },
        "1266": {
          "health": {
            "change": true,
            "value_change": -0.038,
            "new_health": 0.0
          },
          "death": true
        }
      },
      "events": {
        "1212": [
          {
            "topic": "new home",
            "home": {
              "income class": 3,
              "income class label": "upper middle class",
              "section": "stMuurhuysen1.se3.c3",
              "street": "Muurhuysen1",
              "neighborhood": "cingelzuid",
              "unique id": 669
            }
          }
        ],
        "1213": [
          {
            "topic": "person died",
            "person": {
              "key": 19009,
              "name": "Oderada",
              "age": 5,
              "alive": false,
              "sex": "f",
              "parents": {
                "mother": "Heile (11906)",
                "father": "Geldmaro (11905)"
              }
            },
            "cause": "childhood illness",
            "label": "sibling"
          }
        ],
        "1215": [
          {
            "topic": "event",
            "event": "plague",
            "year": 1215
          },
          {
            "topic": "update",
            "update": "new friendship label",
            "relationship label": "sibling",
            "friendship label": "enemy",
            "relationship": 21508
          }
        ],
        "1219": [
          {
            "topic": "update",
            "update": "new friendship label",
            "relationship label": "parentchild",
            "friendship label": "indifferent",
            "relationship": 21504
          }
        ],
        "1221": [
          {
            "topic": "new relationship",
            "key": 24499,
            "people": [
              21502,
              24492
            ],
            "people names": [
              "Bobone",
              "Liedelde van Geldmaro"
            ],
            "people ages": [
              8,
              0
            ],
            "label": "sibling",
            "committed": false
          }
        ],
        "1222": [
          {
            "topic": "update",
            "update": "new friendship label",
            "relationship label": "sibling",
            "friendship label": "friend",
            "relationship": 21505
          }
        ],
        "1223": [
          {
            "topic": "person died",
            "person": {
              "key": 11905,
              "name": "Geldmaro",
              "age": 54,
              "alive": false,
              "sex": "m",
              "parents": "firstgen"
            },
            "cause": "sickness",
            "label": "parent"
          }
        ],
        "1224": [
          {
            "topic": "update",
            "update": "new friendship label",
            "relationship label": "sibling",
            "friendship label": "friend",
            "relationship": 21505
          }
        ],
        "1225": [
          {
            "topic": "update",
            "update": "new friendship label",
            "relationship label": "parentchild",
            "friendship label": "indifferent",
            "relationship": 21504
          },
          {
            "topic": "update",
            "update": "new friendship label",
            "relationship label": "sibling",
            "friendship label": "enemy",
            "relationship": 21508
          }
        ],
        "1227": [
          {
            "topic": "person died",
            "person": {
              "key": 15846,
              "name": "Cesarius",
              "age": 24,
              "alive": false,
              "sex": "m",
              "parents": {
                "mother": "Heile (11906)",
                "father": "Geldmaro (11905)"
              }
            },
            "cause": "illness",
            "label": "sibling"
          }
        ],
        "1228": [
          {
            "topic": "job notice",
            "notice": "found job",
            "income": 1.499
          },
          {
            "topic": "new relationship",
            "key": 30165,
            "people": [
              21502,
              28834
            ],