{
  "21708": {
    "alive": false,
    "name": "Lieuin",
    "surname": "Onlost",
    "full name": "Lieuin Onlost",
    "born this way": {
      "sexuality label": "straight",
      "sexuality": 0.044,
      "romantic interest": 0.875,
      "sex interest": 0.382,
      "gender expression": 0.0,
      "sex": "m"
    },
    "age": 53,
    "birth year": 1212,
    "sex": "m",
    "faction": "No religion",
    "income class": [
      2,
      "middle class"
    ],
    "personality": {
      "lawful-chaotic": 0.221,
      "nice-nasty": 0.463,
      "honest-false": 0.868
    },
    "attitude": {
      "outgoing": 0.536,
      "dream": 0.041
    },
    "homsoc": {
      "means": {
        "independent": false,
        "taken_care_of": false,
        "caretaker": true,
        "needs_care": false,
        "flags": []
      },
      "expression": {
        "sexuality expression": 0.026,
        "gender expression expression": -0.001
      }
    },
    "network": {
      "parents": {
        "mother": "Diewiven (12545)",
        "father": "Eltetus (12544)"
      },
      "children": {},
      "relationship keys": {
        "parent": [
          21709,
          21710
        ],
        "sibling": [
          21711
        ],
        "nibling": [
          30247,
          31287,
          32246,
          33246
        ],
        "spouse": [
          40294,
          56978,
          67220,
          72162
        ]
      }
    },
    "occupation": {
      "has job": true,
      "income class": [
        2,
        "middle class"
      ],
      "income": 0.388,
      "all_incomes": [
        0.944,
        1.101,
        0.917,
        1.0439999999999998,
        0.989,
        1.208,
        1.353,
        1.1549999999999998,
        1.266,
        1.4569999999999999,
        1.2029999999999998,
        1.39,
        1.206,
        1.25,
        1.3359999999999999,
        1.3359999999999999,
        1.3539999999999999,
        1.107,
        1.24,
        1.125,
        1.264,
        1.48,
        1.148,
        1.1239999999999999,
        0.927,
        0.787,
        0.914,
        0.8160000000000001,
        0.92,
        1.152,
        1.156,
        0.9530000000000001,
        0.5700000000000001,
        0.29800000000000004,
        0.332,
        0.43000000000000005,
        0.36700000000000005,
        0.388
      ],
      "job": {
        "lawful": false,
        "honest": true
      }
    },
    "genetics": {
      "skin_color": 7,
      "eye_color": "brown",
      "hair_color": "brown",
      "hair_color_code": 2,
      "hair_type": [
        "C",
        "S"
      ],
      "health": 0.027,
      "fertility": 0.577,
      "communication_impaired": false,
      "mobility_impaired": false,
      "cognitive_impaired": false,
      "disabilities": []
    },
    "memory": {
      "health": {
        "1213": {
          "health": {
            "change": false,
            "value_change": 0.0,
            "new_health": 0.668
          },
          "death": false
        },
        "1263": {
          "health": {
            "change": true,
            "value_change": -0.177,
            "new_health": 0.491
          },
          "death": false
        },
        "1264": {
          "health": {
            "change": true,
            "value_change": -0.217,
            "new_health": 0.274
          },
          "death": false
        },
        "1265": {
          "health": {
            "change": true,
            "value_change": -0.247,
            "new_health": 0.027
          },
          "death": true
        }
      },
      "events": {
        "1212": [
          {
            "topic": "new home",
            "home": {
              "income class": 2,
              "income class label": "middle class",
              "section": "stCromme straet.se5.c2",
              "street": "Cromme straet",
              "neighborhood": "denhof",
              "unique id": 892
            }
          }
        ],
        "1215": [
          {
            "topic": "event",
            "event": "plague",
            "year": 1215
          }
        ],
        "1221": [
          {
            "topic": "update",
            "update": "new friendship label",
            "relationship label": "parentchild",
            "friendship label": "friend",
            "relationship": 21710
          }
        ],
        "1227": [
          {
            "topic": "update",
            "update": "new friendship label",
            "relationship label": "parentchild",
            "friendship label": "friend",
            "relationship": 21710
          },
          {
            "topic": "person died",
            "person": {
              "key": 12544,
              "name": "Eltetus Onlost",
              "age": 52,
              "alive": false,
              "sex": "m",
              "parents": "firstgen"
            },
            "cause": "old age",
            "label": "parent"
          }
        ],
        "1228": [
          {
            "topic": "job notice",
            "notice": "found job",
            "income": 0.944
          },
          {
            "topic": "update",
            "update": "new friendship label",
            "relationship label": "parentchild",
            "friendship label": "friend",
            "relationship": 21710
          },
          {
            "topic": "new relationship",
            "key": 30247,
            "people": [
              21708,
              28491
            ],
            "people names": [
              "Lieuin Onlost",
              "Emmelina Onlost"
            ],
            "people ages": [
              16,
              1
            ],
            "label": "nibling",
            "committed": false
          },
          {
            "topic": "update",
            "update": "parent married",
            "parent": 12545,
            "new partner": 11782
          }
        ],
        "1229": [
          {
            "topic": "job notice",
            "notice": "comfortable earnings",
            "income": 1.101
          },
          {
            "topic": "person died",
            "person": {
              "key": 28491,
              "name": "Emmelina Onlost",
              "age": 2,
              "alive": false,
              "sex": "f",
              "parents": {
                "mother": "Beatrice (17052)",
                "father": "Gheeneman (18520)"
              }
            },
            "cause": "childhood illness",
            "label": "aunclenibling"
          },
          {
            "topic": "new relationship",
            "key": 31287,
            "people": [
              21708,
              29561
            ],
            "people names": [
              "Lieuin Onlost",
              "Marie Onlost"
            ],
            "people ages": [
              17,
              1
            ],
            "label": "nibling",
            "committed": false
          }
        ],
        "1230": [
          {
            "topic": "new relationship",
            "key": 32246,
            "people": [
              21708,
              30484
            ],
            "people names": [
              "Lieuin Onlost",
              "Victoria Onlost"
            ],
            "people ages": [
              18,
              1
            ],
            "label": "nibling",
            "committed": false
          }
        ],
        "1231": [
          {
            "topic": "job notice",
            "notice": "comfortable earnings",
            "income": 1.0439999999999998
          },
          {
            "topic": "new relationship",
            "key": 33246,
            "people": [
              21708,
              31591
            ],
            "people names": [
              "Lieuin Onlost",
              "Sara Onlost"
            ],
            "people ages": [
              19,
              1
            ],
            "label": "nibling",