{
  "21934": {
    "alive": true,
    "name": "Conrado",
    "surname": "Steneken",
    "full name": "Conrado Steneken",
    "born this way": {
      "sexuality label": "straight",
      "sexuality": 0.065,
      "romantic interest": 0.652,
      "sex interest": 0.476,
      "gender expression": 0.114,
      "sex": "m"
    },
    "age": 45,
    "birth year": 1204,
    "sex": "m",
    "faction": "Dogmatists",
    "income class": [
      3,
      "upper middle class"
    ],
    "personality": {
      "lawful-chaotic": 0.973,
      "nice-nasty": 0.393,
      "honest-false": 0.065,
      "dream": 0.602,
      "outgoing": 0.828
    },
    "attitude": {
      "dream": 0.602,
      "outgoing": 0.828
    },
    "homsoc": {
      "means": {
        "independent": true,
        "taken_care_of": false,
        "caretaker": true,
        "needs_care": false,
        "flags": [
          "starving"
        ]
      },
      "expression": {
        "sexuality expression": 0.041,
        "gender expression expression": 0.044
      }
    },
    "network": {
      "parents": {
        "mother": "Ryccie (11624)",
        "father": "Gerlacus (11623)"
      },
      "children": {},
      "relationship keys": {
        "parent": [
          21935,
          21936
        ],
        "sibling": [
          21937,
          24141,
          25461,
          27644,
          30647,
          35327
        ],
        "unrelated": [
          43705,
          53488
        ]
      }
    },
    "occupation": {
      "has job": true,
      "income class": [
        3,
        "upper middle class"
      ],
      "income": 1.5490000000000002,
      "all_incomes": [
        1.035,
        0.5960000000000001,
        0.293,
        0.547,
        0.7260000000000001,
        0.7190000000000001,
        1.015,
        1.18,
        1.231,
        1.37,
        1.205,
        1.215,
        1.439,
        1.514,
        1.5490000000000002,
        1.528,
        1.203,
        1.256,
        1.247,
        1.431,
        1.4240000000000002,
        1.264,
        1.33,
        1.468,
        1.311,
        1.3800000000000001,
        1.5490000000000002,
        1.5490000000000002
      ],
      "job": {
        "lawful": true,
        "honest": false
      }
    },
    "genetics": {
      "skin_color": 8,
      "eye_color": "blue",
      "hair_color": "black",
      "hair_color_code": 0,
      "hair_type": [
        "C",
        "C"
      ],
      "health": 0.424,
      "fertility": 0.614,
      "communication_impaired": false,
      "mobility_impaired": false,
      "cognitive_impaired": false,
      "disabilities": []
    },
    "memory": {
      "health": {
        "1205": {
          "health": {
            "change": false,
            "value_change": 0.0,
            "new_health": 0.658
          },
          "death": false
        },
        "1214": {
          "health": {
            "change": true,
            "value_change": -0.234,
            "new_health": 0.424
          },
          "death": false
        },
        "1215": {
          "health": {
            "change": false,
            "value_change": 0.0,
            "new_health": 0.424
          },
          "death": false
        }
      },
      "events": {
        "1204": [
          {
            "topic": "birth",
            "year": 1204
          },
          {
            "topic": "new relationship",
            "key": 21935,
            "people": [
              11623,
              21934
            ],
            "people names": [
              "Gerlacus Steneken",
              "Conrado Steneken"
            ],
            "people ages": [
              30,
              0
            ],
            "label": "parentchild",
            "committed": false
          },
          {
            "topic": "new relationship",
            "key": 21936,
            "people": [
              11624,
              21934
            ],
            "people names": [
              "Ryccie Salm",
              "Conrado Steneken"
            ],
            "people ages": [
              28,
              0
            ],
            "label": "parentchild",
            "committed": false
          },
          {
            "topic": "new relationship",
            "key": 21937,
            "people": [
              13492,
              21934
            ],
            "people names": [
              "Ringot Steneken",
              "Conrado Steneken"
            ],
            "people ages": [
              3,
              0
            ],
            "label": "sibling",
            "committed": false
          }
        ],
        "1205": [
          {
            "topic": "new relationship",
            "key": 24141,
            "people": [
              21934,
              24137
            ],
            "people names": [
              "Conrado Steneken",
              "Saswe Steneken"
            ],
            "people ages": [
              0,
              0
            ],
            "label": "sibling",
            "committed": false
          }
        ],
        "1206": [
          {
            "topic": "new relationship",
            "key": 25461,
            "people": [
              21934,
              25457
            ],
            "people names": [
              "Conrado Steneken",
              "Aghete Steneken"
            ],
            "people ages": [
              1,
              0
            ],
            "label": "sibling",
            "committed": false
          },
          {
            "topic": "update",
            "update": "new friendship label",
            "relationship label": "parentchild",
            "friendship label": "indifferent",
            "relationship": 21936
          }
        ],
        "1207": [
          {
            "topic": "new relationship",
            "key": 27644,
            "people": [
              21934,
              27640
            ],
            "people names": [
              "Conrado Steneken",
              "Beatrice Steneken"
            ],
            "people ages": [
              2,
              0
            ],
            "label": "sibling",
            "committed": false
          }
        ],
        "1208": [
          {
            "topic": "new relationship",
            "key": 30647,
            "people": [
              21934,
              30643
            ],
            "people names": [
              "Conrado Steneken",
              "Eghenonis Steneken"
            ],
            "people ages": [
              4,
              0
            ],
            "label": "sibling",
            "committed": false
          }
        ],
        "1211": [
          {
            "topic": "new relationship",
            "key": 35327,
            "people": [
              21934,
              35323
            ],
            "people names": [
              "Conrado Steneken",
              "Saswe Steneken"
            ],
            "people ages": [
              7,
              0
            ],
            "label": "sibling",
            "committed": false
          },
          {
            "topic": "person died",
            "person": {
              "key": 11623,
              "name": "Gerlacus Steneken",
              "age": 37,
              "alive": false,
              "sex": "m",
              "parents": "firstgen"
            },
            "cause": "illness",
            "friendship label": "good friend",
            "label": "parent"
          }
        ],
        "1212": [
          {
            "topic": "update",
            "update": "new friendship label",
            "relationship label": "parentchild",
            "friendship label": "disliked",
            "relationship": 21936
          }
        ],
        "1214": [
          {
            "topic": "update",
            "update": "new friendship label",
            "relationship label": "sibling",
            "friendship label": "indifferent",