{
  "22014": {
    "alive": true,
    "name": "Lucas",
    "surname": "Radwardoszoon",
    "full name": "Lucas Radwardoszoon",
    "born this way": {
      "sexuality label": "straight",
      "sexuality": 0.042,
      "romantic interest": 0.713,
      "sex interest": 0.793,
      "gender expression": 0.0,
      "sex": "m"
    },
    "age": 45,
    "birth year": 1204,
    "sex": "m",
    "faction": "Zealots",
    "income class": [
      3,
      "upper middle class"
    ],
    "personality": {
      "lawful-chaotic": 0.781,
      "nice-nasty": 0.344,
      "honest-false": 0.559,
      "dream": 0.08,
      "outgoing": 0.475
    },
    "attitude": {
      "dream": 0.08,
      "outgoing": 0.475
    },
    "homsoc": {
      "means": {
        "independent": true,
        "taken_care_of": false,
        "caretaker": true,
        "needs_care": false,
        "flags": []
      },
      "expression": {
        "sexuality expression": 0.026,
        "gender expression expression": -0.001
      }
    },
    "network": {
      "parents": {
        "mother": "Tetta (12041)",
        "father": "Radwardo (12040)"
      },
      "children": {
        "74777": {
          "key": 74777,
          "name": "Didderic Lucasszoon",
          "age": 2,
          "alive": true,
          "sex": "m",
          "parents": {
            "mother": "Marie (33059)",
            "father": "Lucas (22014)"
          }
        }
      },
      "relationship keys": {
        "parent": [
          22015,
          22016
        ],
        "sibling": [
          22017,
          22018,
          22019,
          22020,
          24503
        ],
        "unrelated": [
          49278,
          53480
        ],
        "spouse": [
          71280
        ],
        "child": {
          "birth": [
            74778
          ]
        }
      }
    },
    "occupation": {
      "has job": true,
      "income class": [
        3,
        "upper middle class"
      ],
      "income": 1.5490000000000002,
      "all_incomes": [
        0.985,
        1.216,
        1.3760000000000001,
        1.4200000000000002,
        1.33,
        1.477,
        1.106,
        0.8310000000000001,
        0.9430000000000001,
        0.998,
        1.201,
        1.066,
        1.22,
        1.5090000000000001,
        1.5490000000000002,
        1.5490000000000002,
        1.5490000000000002,
        1.5490000000000002,
        1.522,
        1.497,
        1.522,
        1.411,
        1.306,
        1.5490000000000002,
        1.502,
        1.4140000000000001,
        1.473,
        1.46,
        1.5490000000000002
      ],
      "job": {
        "lawful": true,
        "honest": false
      }
    },
    "genetics": {
      "skin_color": 2,
      "eye_color": "brown",
      "hair_color": "dark brown",
      "hair_color_code": 1,
      "hair_type": [
        "S",
        "C"
      ],
      "health": 0.364,
      "fertility": 0.442,
      "communication_impaired": false,
      "mobility_impaired": false,
      "cognitive_impaired": false,
      "disabilities": []
    },
    "memory": {
      "health": {
        "1205": {
          "health": {
            "change": false,
            "value_change": 0.0,
            "new_health": 0.364
          },
          "death": false
        }
      },
      "events": {
        "1204": [
          {
            "topic": "birth",
            "year": 1204
          },
          {
            "topic": "new relationship",
            "key": 22015,
            "people": [
              12040,
              22014
            ],
            "people names": [
              "Radwardo",
              "Lucas Radwardoszoon"
            ],
            "people ages": [
              54,
              0
            ],
            "label": "parentchild",
            "committed": false
          },
          {
            "topic": "new relationship",
            "key": 22016,
            "people": [
              12041,
              22014
            ],
            "people names": [
              "Tetta Lecker",
              "Lucas Radwardoszoon"
            ],
            "people ages": [
              20,
              0
            ],
            "label": "parentchild",
            "committed": false
          },
          {
            "topic": "new relationship",
            "key": 22017,
            "people": [
              13657,
              22014
            ],
            "people names": [
              "Duker Radwardoszoon",
              "Lucas Radwardoszoon"
            ],
            "people ages": [
              3,
              0
            ],
            "label": "sibling",
            "committed": false
          },
          {
            "topic": "new relationship",
            "key": 22018,
            "people": [
              15339,
              22014
            ],
            "people names": [
              "Walwin",
              "Lucas Radwardoszoon"
            ],
            "people ages": [
              2,
              0
            ],
            "label": "sibling",
            "committed": false
          },
          {
            "topic": "new relationship",
            "key": 22019,
            "people": [
              18056,
              22014
            ],
            "people names": [
              "Rodolf van Radwardo",
              "Lucas Radwardoszoon"
            ],
            "people ages": [
              2,
              0
            ],
            "label": "sibling",
            "committed": false
          },
          {
            "topic": "new relationship",
            "key": 22020,
            "people": [
              18638,
              22014
            ],
            "people names": [
              "Salome",
              "Lucas Radwardoszoon"
            ],
            "people ages": [
              0,
              0
            ],
            "label": "sibling",
            "committed": false
          }
        ],
        "1205": [
          {
            "topic": "new relationship",
            "key": 24503,
            "people": [
              22014,
              24496
            ],
            "people names": [
              "Lucas Radwardoszoon",
              "Diewiven Radwardosdochter"
            ],
            "people ages": [
              0,
              0
            ],
            "label": "sibling",
            "committed": false
          },
          {
            "topic": "person died",
            "person": {
              "key": 12041,
              "name": "Tetta Lecker",
              "age": 22,
              "alive": false,
              "sex": "f",
              "parents": "firstgen"
            },
            "cause": "childbirth",
            "friendship label": "indifferent",
            "label": "parent"
          }
        ],
        "1206": [
          {
            "topic": "update",
            "update": "new friendship label",
            "relationship label": "sibling",
            "friendship label": "indifferent",
            "relationship": 22017
          },
          {
            "topic": "person died",
            "person": {
              "key": 24496,
              "name": "Diewiven Radwardosdochter",
              "age": 1,
              "alive": false,
              "sex": "f",
              "parents": {
                "mother": "Tetta (12041)",
                "father": "Radwardo (12040)"
              }
            },
            "cause": "childbirth",
            "friendship label": "friend",
            "label": "sibling"
          }
        ],
        "1207": [
          {
            "topic": "person died",
            "person": {
              "key": 12040,
              "name": "Radwardo",
              "age": 57,
              "alive": false,
              "sex": "m",
              "parents": "firstgen"
            },
            "cause": "sickness",
            "friendship label": "good friend",
            "label": "parent"
          }
        ],