{
  "22436": {
    "alive": false,
    "name": "Thedwi",
    "surname": "Ulf",
    "full name": "Thedwi Ulf",
    "born this way": {
      "sexuality label": "straight",
      "sexuality": 0.024,
      "romantic interest": 0.703,
      "sex interest": 0.929,
      "gender expression": 0.0,
      "sex": "f"
    },
    "age": 44,
    "birth year": 1204,
    "sex": "f",
    "faction": "Dogmatists",
    "income class": [
      4,
      "nobility"
    ],
    "personality": {
      "lawful-chaotic": 0.551,
      "nice-nasty": 0.183,
      "honest-false": 0.329,
      "dream": 0.241,
      "outgoing": 0.234
    },
    "attitude": {
      "dream": 0.241,
      "outgoing": 0.234
    },
    "homsoc": {
      "means": {
        "independent": true,
        "taken_care_of": false,
        "caretaker": true,
        "needs_care": false,
        "flags": [
          "starving"
        ]
      },
      "expression": {
        "sexuality expression": 0.01,
        "gender expression expression": -0.001
      }
    },
    "network": {
      "parents": {
        "mother": "Siwa (11720)",
        "father": "Rembrecht (11719)"
      },
      "children": {},
      "relationship keys": {
        "parent": [
          22437,
          22438
        ],
        "unrelated": [
          32525,
          43275,
          43709
        ]
      }
    },
    "occupation": {
      "has job": true,
      "income class": [
        4,
        "nobility"
      ],
      "income": 1.2100000000000002,
      "all_incomes": [
        1.092,
        1.11,
        1.106,
        0.865,
        1.12,
        1.01,
        0.9349999999999999,
        1.0170000000000001,
        0.991,
        1.5990000000000002,
        1.5990000000000002,
        1.453,
        1.5030000000000001,
        1.52,
        1.183,
        1.071,
        0.656,
        0.846,
        0.8089999999999999,
        1.3010000000000002,
        1.5990000000000002,
        1.5990000000000002,
        1.5990000000000002,
        1.5150000000000001,
        1.5990000000000002,
        1.2100000000000002
      ],
      "job": {
        "lawful": false,
        "honest": false
      }
    },
    "genetics": {
      "skin_color": 3,
      "eye_color": "brown",
      "hair_color": "dark brown",
      "hair_color_code": 1,
      "hair_type": [
        "S",
        "C"
      ],
      "health": 0.288,
      "fertility": 0.598,
      "communication_impaired": false,
      "mobility_impaired": false,
      "cognitive_impaired": false,
      "disabilities": []
    },
    "memory": {
      "health": {
        "1205": {
          "health": {
            "change": false,
            "value_change": 0.0,
            "new_health": 0.614
          },
          "death": false
        },
        "1224": {
          "health": {
            "change": true,
            "value_change": -0.326,
            "new_health": 0.288
          },
          "death": false
        },
        "1225": {
          "health": {
            "change": false,
            "value_change": 0.0,
            "new_health": 0.288
          },
          "death": false
        },
        "1248": {
          "health": {
            "change": false,
            "value_change": 0.0,
            "new_health": 0.288
          },
          "death": true
        }
      },
      "events": {
        "1204": [
          {
            "topic": "birth",
            "year": 1204
          },
          {
            "topic": "new relationship",
            "key": 22437,
            "people": [
              11719,
              22436
            ],
            "people names": [
              "Rembrecht Ulf",
              "Thedwi Ulf"
            ],
            "people ages": [
              52,
              0
            ],
            "label": "parentchild",
            "committed": false
          },
          {
            "topic": "new relationship",
            "key": 22438,
            "people": [
              11720,
              22436
            ],
            "people names": [
              "Siwa Vrie",
              "Thedwi Ulf"
            ],
            "people ages": [
              47,
              0
            ],
            "label": "parentchild",
            "committed": false
          }
        ],
        "1206": [
          {
            "topic": "person died",
            "person": {
              "key": 11719,
              "name": "Rembrecht Ulf",
              "age": 54,
              "alive": false,
              "sex": "m",
              "parents": "firstgen"
            },
            "cause": "sickness",
            "friendship label": "friend",
            "label": "parent"
          }
        ],
        "1207": [
          {
            "topic": "not enough income",
            "income": 0,
            "inhabitants": []
          }
        ],
        "1208": [
          {
            "topic": "not enough income",
            "income": 0,
            "inhabitants": []
          }
        ],
        "1209": [
          {
            "topic": "new relationship",
            "key": 32525,
            "people": [
              22436,
              21037
            ],
            "people names": [
              "Thedwi Ulf",
              "Segher Scenkel"
            ],
            "people ages": [
              5,
              5
            ],
            "label": "unrelated",
            "committed": false
          },
          {
            "topic": "not enough income",
            "income": 0,
            "inhabitants": []
          }
        ],
        "1210": [
          {
            "topic": "not enough income",
            "income": 0,
            "inhabitants": []
          }
        ],
        "1211": [
          {
            "topic": "person died",
            "person": {
              "key": 11720,
              "name": "Siwa Vrie",
              "age": 54,
              "alive": false,
              "sex": "f",
              "parents": "firstgen"
            },
            "cause": "old age",
            "friendship label": "friend",
            "label": "parent"
          },
          {
            "topic": "not enough income",
            "income": 0,
            "inhabitants": []
          }
        ],
        "1212": [
          {
            "topic": "not enough income",
            "income": 0,
            "inhabitants": []
          }
        ],
        "1213": [
          {
            "topic": "not enough income",
            "income": 0,
            "inhabitants": []
          }
        ],
        "1214": [
          {
            "topic": "not enough income",
            "income": 0,
            "inhabitants": []
          }
        ],
        "1215": [
          {
            "topic": "event",
            "event": "plague",
            "year": 1215
          },
          {
            "topic": "personality change",
            "change": true,
            "trait": "lawful-chaotic",
            "trigger": "trauma",
            "mod": -0.037
          },
          {
            "topic": "not enough income",
            "income": 0,
            "inhabitants": []
          }
        ],
        "1216": [
          {
            "topic": "update",
            "update": "new friendship label",
            "relationship label": "unrelated",
            "friendship label": "friend",
            "relationship": 32525
          },
          {
            "topic": "not enough income",
            "income": 0,
            "inhabitants": []
          }
        ],
        "1217": [
          {
            "topic": "not enough income",
            "income": 0,
            "inhabitants": []
          }
        ],
        "1218": [
          {
            "topic": "not enough income",
            "income": 0,
            "inhabitants": []
          }
        ],
        "1219": [
          {
            "topic": "update",
            "update": "new friendship label",
            "relationship label": "unrelated",