{
  "22577": {
    "alive": false,
    "name": "Wybel",
    "surname": "Ghisebrechtszoon",
    "full name": "Wybel Ghisebrechtszoon",
    "born this way": {
      "sexuality label": "straight",
      "sexuality": 0.12,
      "romantic interest": 0.854,
      "sex interest": 0.932,
      "gender expression": 0.014,
      "sex": "m"
    },
    "age": 42,
    "birth year": 1204,
    "sex": "m",
    "faction": "Dogmatists",
    "income class": [
      3,
      "upper middle class"
    ],
    "personality": {
      "lawful-chaotic": 0.811,
      "nice-nasty": 0.524,
      "honest-false": 0.008,
      "dream": 0.804,
      "outgoing": 0.681
    },
    "attitude": {
      "dream": 0.804,
      "outgoing": 0.681
    },
    "homsoc": {
      "means": {
        "independent": true,
        "taken_care_of": false,
        "caretaker": true,
        "needs_care": false,
        "flags": []
      },
      "expression": {
        "sexuality expression": 0.052,
        "gender expression expression": 0.008
      }
    },
    "network": {
      "parents": {
        "mother": "Margareta (12749)",
        "father": "Ghisebrecht (12748)"
      },
      "children": {
        "45251": {
          "key": 45251,
          "name": "Mabelie van Wybel",
          "age": 26,
          "alive": true,
          "sex": "f",
          "parents": {
            "mother": "Folqui (19247)",
            "father": "Wybel (22577)"
          }
        }
      },
      "relationship keys": {
        "parent": [
          22578,
          22579
        ],
        "sibling": [
          22580,
          22581,
          27822
        ],
        "half-sibling": [
          39593
        ],
        "spouse": [
          44614
        ],
        "child": {
          "birth": [
            45252
          ]
        },
        "unrelated": [
          46107,
          55090,
          64561
        ]
      }
    },
    "occupation": {
      "has job": true,
      "income class": [
        3,
        "upper middle class"
      ],
      "income": 1.5490000000000002,
      "all_incomes": [
        1.043,
        1.066,
        0.999,
        0.9570000000000001,
        1.147,
        1.061,
        1.232,
        1.373,
        1.4240000000000002,
        1.365,
        1.5490000000000002,
        1.399,
        1.5490000000000002,
        1.5490000000000002,
        1.5330000000000001,
        1.5490000000000002,
        1.391,
        1.5490000000000002,
        1.5490000000000002,
        1.5490000000000002,
        1.5490000000000002,
        1.5490000000000002,
        1.5490000000000002,
        1.338,
        1.175,
        1.348,
        1.5490000000000002
      ],
      "job": {
        "lawful": true,
        "honest": false
      }
    },
    "genetics": {
      "skin_color": 1,
      "eye_color": "green",
      "hair_color": "brown",
      "hair_color_code": 2,
      "hair_type": [
        "S",
        "S"
      ],
      "health": 0.766,
      "fertility": 0.771,
      "communication_impaired": false,
      "mobility_impaired": false,
      "cognitive_impaired": false,
      "disabilities": []
    },
    "memory": {
      "health": {
        "1205": {
          "health": {
            "change": false,
            "value_change": 0.0,
            "new_health": 0.766
          },
          "death": false
        },
        "1246": {
          "health": {
            "change": false,
            "value_change": 0.0,
            "new_health": 0.766
          },
          "death": true
        }
      },
      "events": {
        "1204": [
          {
            "topic": "birth",
            "year": 1204
          },
          {
            "topic": "new relationship",
            "key": 22578,
            "people": [
              12748,
              22577
            ],
            "people names": [
              "Ghisebrecht",
              "Wybel Ghisebrechtszoon"
            ],
            "people ages": [
              45,
              0
            ],
            "label": "parentchild",
            "committed": false
          },
          {
            "topic": "new relationship",
            "key": 22579,
            "people": [
              12749,
              22577
            ],
            "people names": [
              "Margareta Valant",
              "Wybel Ghisebrechtszoon"
            ],
            "people ages": [
              27,
              0
            ],
            "label": "parentchild",
            "committed": false
          },
          {
            "topic": "new relationship",
            "key": 22580,
            "people": [
              16080,
              22577
            ],
            "people names": [
              "Aue van Ghisebrecht",
              "Wybel Ghisebrechtszoon"
            ],
            "people ages": [
              3,
              0
            ],
            "label": "sibling",
            "committed": false
          },
          {
            "topic": "new relationship",
            "key": 22581,
            "people": [
              18289,
              22577
            ],
            "people names": [
              "Gisekin van Ghisebrecht",
              "Wybel Ghisebrechtszoon"
            ],
            "people ages": [
              1,
              0
            ],
            "label": "sibling",
            "committed": false
          }
        ],
        "1206": [
          {
            "topic": "update",
            "update": "new friendship label",
            "relationship label": "sibling",
            "friendship label": "friend",
            "relationship": 22581
          }
        ],
        "1207": [
          {
            "topic": "new relationship",
            "key": 27822,
            "people": [
              22577,
              27817
            ],
            "people names": [
              "Wybel Ghisebrechtszoon",
              "Pauels Ghisebrechtszoon"
            ],
            "people ages": [
              3,
              0
            ],
            "label": "sibling",
            "committed": false
          },
          {
            "topic": "person died",
            "person": {
              "key": 12749,
              "name": "Margareta Valant",
              "age": 30,
              "alive": false,
              "sex": "f",
              "parents": "firstgen"
            },
            "cause": "illness",
            "friendship label": "indifferent",
            "label": "parent"
          }
        ],
        "1208": [
          {
            "topic": "update",
            "update": "new friendship label",
            "relationship label": "sibling",
            "friendship label": "friend",
            "relationship": 22581
          },
          {
            "topic": "update",
            "update": "new friendship label",
            "relationship label": "sibling",
            "friendship label": "friend",
            "relationship": 22580
          }
        ],
        "1209": [
          {
            "topic": "update",
            "update": "new friendship label",
            "relationship label": "sibling",
            "friendship label": "indifferent",
            "relationship": 22581
          }
        ],
        "1211": [
          {
            "topic": "update",
            "update": "new friendship label",
            "relationship label": "sibling",
            "friendship label": "indifferent",
            "relationship": 22580
          }
        ],
        "1212": [
          {
            "topic": "update",
            "update": "new friendship label",
            "relationship label": "parentchild",
            "friendship label": "good friend",
            "relationship": 22578
          }
        ],
        "1213": [
          {
            "topic": "update",
            "update": "parent married",
            "parent": 12748,
            "new partner": 11777
          }
        ],