{
  "22617": {
    "alive": true,
    "name": "Samuel",
    "surname": "Alebrandoszoon",
    "full name": "Samuel Alebrandoszoon",
    "born this way": {
      "sexuality label": "straight",
      "sexuality": 0.054,
      "romantic interest": 0.906,
      "sex interest": 0.619,
      "gender expression": 0.056,
      "sex": "m"
    },
    "age": 45,
    "birth year": 1204,
    "sex": "m",
    "faction": "No religion",
    "income class": [
      3,
      "upper middle class"
    ],
    "personality": {
      "lawful-chaotic": 0.71,
      "nice-nasty": 0.938,
      "honest-false": 0.879,
      "dream": 0.645,
      "outgoing": 0.758
    },
    "attitude": {
      "dream": 0.645,
      "outgoing": 0.758
    },
    "homsoc": {
      "means": {
        "independent": true,
        "taken_care_of": false,
        "caretaker": true,
        "needs_care": false,
        "flags": [
          "starving"
        ]
      },
      "expression": {
        "sexuality expression": 0.04,
        "gender expression expression": 0.04
      }
    },
    "network": {
      "parents": {
        "mother": "Beatrice (11918)",
        "father": "Alebrando (11917)"
      },
      "children": {},
      "relationship keys": {
        "parent": [
          22618,
          22619
        ],
        "sibling": [
          22620,
          22621,
          24620,
          25546,
          30128
        ],
        "unrelated": [
          44198,
          66967,
          75011
        ]
      }
    },
    "occupation": {
      "has job": true,
      "income class": [
        3,
        "upper middle class"
      ],
      "income": 1.5490000000000002,
      "all_incomes": [
        1.023,
        1.066,
        1.117,
        1.199,
        1.149,
        1.091,
        1.125,
        1.202,
        1.194,
        1.352,
        1.327,
        1.372,
        1.476,
        1.5490000000000002,
        1.5490000000000002,
        1.5490000000000002,
        1.5490000000000002,
        1.5490000000000002,
        1.5490000000000002,
        1.5490000000000002,
        1.5490000000000002,
        1.5490000000000002,
        1.5490000000000002,
        1.5490000000000002,
        1.5490000000000002,
        1.5490000000000002,
        1.5130000000000001,
        1.5490000000000002,
        1.5490000000000002,
        1.5490000000000002
      ],
      "job": {
        "lawful": true,
        "honest": true
      }
    },
    "genetics": {
      "skin_color": 5,
      "eye_color": "brown",
      "hair_color": "brown",
      "hair_color_code": 2,
      "hair_type": [
        "C",
        "S"
      ],
      "health": 0.773,
      "fertility": 0.747,
      "communication_impaired": false,
      "mobility_impaired": false,
      "cognitive_impaired": false,
      "disabilities": []
    },
    "memory": {
      "health": {
        "1205": {
          "health": {
            "change": false,
            "value_change": 0.0,
            "new_health": 0.773
          },
          "death": false
        }
      },
      "events": {
        "1204": [
          {
            "topic": "birth",
            "year": 1204
          },
          {
            "topic": "new relationship",
            "key": 22618,
            "people": [
              11917,
              22617
            ],
            "people names": [
              "Alebrando",
              "Samuel Alebrandoszoon"
            ],
            "people ages": [
              50,
              0
            ],
            "label": "parentchild",
            "committed": false
          },
          {
            "topic": "new relationship",
            "key": 22619,
            "people": [
              11918,
              22617
            ],
            "people names": [
              "Beatrice",
              "Samuel Alebrandoszoon"
            ],
            "people ages": [
              29,
              0
            ],
            "label": "parentchild",
            "committed": false
          },
          {
            "topic": "new relationship",
            "key": 22620,
            "people": [
              16621,
              22617
            ],
            "people names": [
              "Jacomin",
              "Samuel Alebrandoszoon"
            ],
            "people ages": [
              1,
              0
            ],
            "label": "sibling",
            "committed": false
          },
          {
            "topic": "new relationship",
            "key": 22621,
            "people": [
              18935,
              22617
            ],
            "people names": [
              "Heinhoca Alebrandoszoon",
              "Samuel Alebrandoszoon"
            ],
            "people ages": [
              1,
              0
            ],
            "label": "sibling",
            "committed": false
          }
        ],
        "1205": [
          {
            "topic": "update",
            "update": "new friendship label",
            "relationship label": "parentchild",
            "friendship label": "indifferent",
            "relationship": 22619
          },
          {
            "topic": "new relationship",
            "key": 24620,
            "people": [
              22617,
              24615
            ],
            "people names": [
              "Samuel Alebrandoszoon",
              "Sywi"
            ],
            "people ages": [
              1,
              0
            ],
            "label": "sibling",
            "committed": false
          }
        ],
        "1206": [
          {
            "topic": "new relationship",
            "key": 25546,
            "people": [
              22617,
              25541
            ],
            "people names": [
              "Samuel Alebrandoszoon",
              "Myrthel Alebrandosdochter"
            ],
            "people ages": [
              1,
              0
            ],
            "label": "sibling",
            "committed": false
          },
          {
            "topic": "update",
            "update": "new friendship label",
            "relationship label": "parentchild",
            "friendship label": "indifferent",
            "relationship": 22619
          }
        ],
        "1208": [
          {
            "topic": "new relationship",
            "key": 30128,
            "people": [
              22617,
              30123
            ],
            "people names": [
              "Samuel Alebrandoszoon",
              "Clara"
            ],
            "people ages": [
              3,
              0
            ],
            "label": "sibling",
            "committed": false
          },
          {
            "topic": "person died",
            "person": {
              "key": 11917,
              "name": "Alebrando",
              "age": 54,
              "alive": false,
              "sex": "m",
              "parents": "firstgen"
            },
            "cause": "old age",
            "friendship label": "friend",
            "label": "parent"
          }
        ],
        "1209": [
          {
            "topic": "update",
            "update": "new friendship label",
            "relationship label": "sibling",
            "friendship label": "indifferent",
            "relationship": 30128
          },
          {
            "topic": "not enough income",
            "income": 0,
            "inhabitants": [
              22617
            ]
          }
        ],
        "1210": [
          {
            "topic": "not enough income",
            "income": 0,
            "inhabitants": [
              22617
            ]
          }
        ],
        "1211": [
          {
            "topic": "not enough income",
            "income": 0,
            "inhabitants": [
              22617
            ]
          }
        ],
        "1212": [
          {
            "topic": "not enough income",
            "income": 0,