{
  "22633": {
    "alive": true,
    "name": "Remsindis",
    "surname": "",
    "full name": "Remsindis",
    "born this way": {
      "sexuality label": "straight",
      "sexuality": 0.039,
      "romantic interest": 0.667,
      "sex interest": 0.777,
      "gender expression": 0.0,
      "sex": "f"
    },
    "age": 45,
    "birth year": 1204,
    "sex": "f",
    "faction": "No religion",
    "income class": [
      3,
      "upper middle class"
    ],
    "personality": {
      "lawful-chaotic": 0.634,
      "nice-nasty": 0.459,
      "honest-false": 0.995,
      "dream": 0.32,
      "outgoing": 0.923
    },
    "attitude": {
      "dream": 0.32,
      "outgoing": 0.923
    },
    "homsoc": {
      "means": {
        "independent": true,
        "taken_care_of": false,
        "caretaker": true,
        "needs_care": false,
        "flags": []
      },
      "expression": {
        "sexuality expression": 0.024,
        "gender expression expression": -0.001
      }
    },
    "network": {
      "parents": {
        "mother": "Thedwi (12011)",
        "father": "Tielen (12010)"
      },
      "children": {
        "71675": {
          "key": 71675,
          "name": "Clarebout",
          "age": 5,
          "alive": true,
          "sex": "m",
          "parents": {
            "mother": "Remsindis (22633)",
            "father": "Clarebout (35665)"
          }
        }
      },
      "relationship keys": {
        "parent": [
          22634,
          22635
        ],
        "sibling": [
          22636,
          22637,
          29545
        ],
        "unrelated": [
          46060,
          66957
        ],
        "spouse": [
          71288
        ],
        "child": {
          "birth": [
            71677
          ]
        }
      }
    },
    "occupation": {
      "has job": true,
      "income class": [
        3,
        "upper middle class"
      ],
      "income": 1.512,
      "all_incomes": [
        1.012,
        1.063,
        1.016,
        1.332,
        1.32,
        1.31,
        1.085,
        1.225,
        1.44,
        1.5490000000000002,
        1.512,
        1.5490000000000002,
        1.5490000000000002,
        1.44,
        1.483,
        1.5270000000000001,
        1.5490000000000002,
        1.5490000000000002,
        1.5490000000000002,
        1.5490000000000002,
        1.5490000000000002,
        1.5090000000000001,
        1.5490000000000002,
        1.5490000000000002,
        1.314,
        1.339,
        1.45,
        1.512
      ],
      "job": {
        "lawful": false,
        "honest": true
      }
    },
    "genetics": {
      "skin_color": 4,
      "eye_color": "blue",
      "hair_color": "black",
      "hair_color_code": 0,
      "hair_type": [
        "S",
        "S"
      ],
      "health": 0.617,
      "fertility": 0.582,
      "communication_impaired": false,
      "mobility_impaired": false,
      "cognitive_impaired": false,
      "disabilities": []
    },
    "memory": {
      "health": {
        "1205": {
          "health": {
            "change": false,
            "value_change": 0.0,
            "new_health": 0.617
          },
          "death": false
        }
      },
      "events": {
        "1204": [
          {
            "topic": "birth",
            "year": 1204
          },
          {
            "topic": "new relationship",
            "key": 22634,
            "people": [
              12010,
              22633
            ],
            "people names": [
              "Tielen",
              "Remsindis"
            ],
            "people ages": [
              34,
              0
            ],
            "label": "parentchild",
            "committed": false
          },
          {
            "topic": "new relationship",
            "key": 22635,
            "people": [
              12011,
              22633
            ],
            "people names": [
              "Thedwi Maerke",
              "Remsindis"
            ],
            "people ages": [
              24,
              0
            ],
            "label": "parentchild",
            "committed": false
          },
          {
            "topic": "new relationship",
            "key": 22636,
            "people": [
              13453,
              22633
            ],
            "people names": [
              "Bernardus Tielenszoon",
              "Remsindis"
            ],
            "people ages": [
              4,
              0
            ],
            "label": "sibling",
            "committed": false
          },
          {
            "topic": "new relationship",
            "key": 22637,
            "people": [
              16043,
              22633
            ],
            "people names": [
              "Wilbord",
              "Remsindis"
            ],
            "people ages": [
              3,
              0
            ],
            "label": "sibling",
            "committed": false
          }
        ],
        "1207": [
          {
            "topic": "update",
            "update": "new friendship label",
            "relationship label": "sibling",
            "friendship label": "friend",
            "relationship": 22637
          }
        ],
        "1208": [
          {
            "topic": "new relationship",
            "key": 29545,
            "people": [
              22633,
              29540
            ],
            "people names": [
              "Remsindis",
              "Myrthel"
            ],
            "people ages": [
              3,
              0
            ],
            "label": "sibling",
            "committed": false
          },
          {
            "topic": "person died",
            "person": {
              "key": 12011,
              "name": "Thedwi Maerke",
              "age": 28,
              "alive": false,
              "sex": "f",
              "parents": "firstgen"
            },
            "cause": "illness",
            "friendship label": "indifferent",
            "label": "parent"
          }
        ],
        "1214": [
          {
            "topic": "update",
            "update": "new friendship label",
            "relationship label": "sibling",
            "friendship label": "friend",
            "relationship": 29545
          }
        ],
        "1215": [
          {
            "topic": "event",
            "event": "plague",
            "year": 1215
          },
          {
            "topic": "personality change",
            "change": true,
            "trait": "lawful-chaotic",
            "trigger": "trauma",
            "mod": -0.125
          },
          {
            "topic": "update",
            "update": "new friendship label",
            "relationship label": "sibling",
            "friendship label": "indifferent",
            "relationship": 22637
          }
        ],
        "1219": [
          {
            "topic": "update",
            "update": "new friendship label",
            "relationship label": "parentchild",
            "friendship label": "indifferent",
            "relationship": 22634
          },
          {
            "topic": "person died",
            "person": {
              "key": 12010,
              "name": "Tielen",
              "age": 50,
              "alive": false,
              "sex": "m",
              "parents": "firstgen"
            },
            "cause": "illness",
            "friendship label": "indifferent",
            "label": "parent"
          }
        ],
        "1222": [
          {
            "topic": "job notice",
            "notice": "found job",
            "income": 1.012
          }
        ],
        "1223": [
          {
            "topic": "event",
            "event": "plague",
            "year": 1223
          },
          {
            "topic": "update",
            "update": "new friendship label",
            "relationship label": "sibling",
            "friendship label": "indifferent",