{
  "22644": {
    "alive": true,
    "name": "Sybillia",
    "surname": "Wittebroet",
    "full name": "Sybillia Wittebroet",
    "born this way": {
      "sexuality label": "straight",
      "sexuality": 0.075,
      "romantic interest": 0.915,
      "sex interest": 0.591,
      "gender expression": 0.137,
      "sex": "f"
    },
    "age": 45,
    "birth year": 1204,
    "sex": "f",
    "faction": "Dogmatists",
    "income class": [
      3,
      "upper middle class"
    ],
    "personality": {
      "lawful-chaotic": 0.256,
      "nice-nasty": 0.632,
      "honest-false": 0.391,
      "dream": 0.745,
      "outgoing": 0.656
    },
    "attitude": {
      "dream": 0.745,
      "outgoing": 0.656
    },
    "homsoc": {
      "means": {
        "independent": true,
        "taken_care_of": false,
        "caretaker": true,
        "needs_care": false,
        "flags": [
          "starving"
        ]
      },
      "expression": {
        "sexuality expression": 0.044,
        "gender expression expression": 0.019
      }
    },
    "network": {
      "parents": {
        "mother": "Saxiardis (12014)",
        "father": "Thezonus (12013)"
      },
      "children": {},
      "relationship keys": {
        "parent": [
          22645,
          22646
        ],
        "unrelated": [
          36923,
          43699,
          69241,
          75756
        ]
      }
    },
    "occupation": {
      "has job": true,
      "income class": [
        3,
        "upper middle class"
      ],
      "income": 1.5490000000000002,
      "all_incomes": [
        1.182,
        1.329,
        1.081,
        1.5490000000000002,
        1.502,
        1.225,
        1.2990000000000002,
        1.5490000000000002,
        1.5490000000000002,
        1.5490000000000002,
        1.415,
        1.5490000000000002,
        1.5490000000000002,
        1.5490000000000002,
        1.169,
        0.9470000000000001,
        0.7370000000000001,
        1.5490000000000002,
        1.196,
        1.5490000000000002,
        1.349,
        1.5490000000000002,
        1.5490000000000002,
        1.5490000000000002,
        1.5490000000000002,
        1.465,
        1.322,
        1.4180000000000001,
        1.328,
        1.5490000000000002
      ],
      "job": {
        "lawful": false,
        "honest": false
      }
    },
    "genetics": {
      "skin_color": 6,
      "eye_color": "green",
      "hair_color": "red",
      "hair_color_code": 3,
      "hair_type": [
        "C",
        "S"
      ],
      "health": 0.585,
      "fertility": 0.708,
      "communication_impaired": false,
      "mobility_impaired": false,
      "cognitive_impaired": false,
      "disabilities": []
    },
    "memory": {
      "health": {
        "1205": {
          "health": {
            "change": false,
            "value_change": 0.0,
            "new_health": 0.699
          },
          "death": false
        },
        "1213": {
          "health": {
            "change": true,
            "value_change": -0.114,
            "new_health": 0.585
          },
          "death": false
        },
        "1214": {
          "health": {
            "change": false,
            "value_change": 0.0,
            "new_health": 0.585
          },
          "death": false
        }
      },
      "events": {
        "1204": [
          {
            "topic": "birth",
            "year": 1204
          },
          {
            "topic": "new relationship",
            "key": 22645,
            "people": [
              12013,
              22644
            ],
            "people names": [
              "Thezonus Wittebroet",
              "Sybillia Wittebroet"
            ],
            "people ages": [
              49,
              0
            ],
            "label": "parentchild",
            "committed": false
          },
          {
            "topic": "new relationship",
            "key": 22646,
            "people": [
              12014,
              22644
            ],
            "people names": [
              "Saxiardis Tuc",
              "Sybillia Wittebroet"
            ],
            "people ages": [
              40,
              0
            ],
            "label": "parentchild",
            "committed": false
          }
        ],
        "1205": [
          {
            "topic": "person died",
            "person": {
              "key": 12013,
              "name": "Thezonus Wittebroet",
              "age": 51,
              "alive": false,
              "sex": "m",
              "parents": "firstgen"
            },
            "cause": "old age",
            "friendship label": "indifferent",
            "label": "parent"
          }
        ],
        "1206": [
          {
            "topic": "not enough income",
            "income": 0,
            "inhabitants": [
              22644
            ]
          }
        ],
        "1207": [
          {
            "topic": "not enough income",
            "income": 0,
            "inhabitants": [
              22644
            ]
          }
        ],
        "1208": [
          {
            "topic": "update",
            "update": "new friendship label",
            "relationship label": "parentchild",
            "friendship label": "friend",
            "relationship": 22646
          },
          {
            "topic": "not enough income",
            "income": 0,
            "inhabitants": [
              22644
            ]
          }
        ],
        "1209": [
          {
            "topic": "not enough income",
            "income": 0,
            "inhabitants": [
              22644
            ]
          }
        ],
        "1210": [
          {
            "topic": "not enough income",
            "income": 0,
            "inhabitants": [
              22644
            ]
          }
        ],
        "1211": [
          {
            "topic": "not enough income",
            "income": 0,
            "inhabitants": [
              22644
            ]
          }
        ],
        "1212": [
          {
            "topic": "new relationship",
            "key": 36923,
            "people": [
              22211,
              22644
            ],
            "people names": [
              "Verthwi Rijnvisch",
              "Sybillia Wittebroet"
            ],
            "people ages": [
              8,
              8
            ],
            "label": "unrelated",
            "committed": false
          },
          {
            "topic": "not enough income",
            "income": 0,
            "inhabitants": [
              22644
            ]
          }
        ],
        "1215": [
          {
            "topic": "event",
            "event": "plague",
            "year": 1215
          },
          {
            "topic": "personality change",
            "change": true,
            "trait": "lawful-chaotic",
            "trigger": "trauma",
            "mod": -0.072
          }
        ],
        "1216": [
          {
            "topic": "person died",
            "person": {
              "key": 22211,
              "name": "Verthwi Rijnvisch",
              "age": 12,
              "alive": false,
              "sex": "f",
              "parents": {
                "mother": "Saxiardis (10991)",
                "father": "Herardus (10990)"
              }
            },
            "cause": "illness",
            "friendship label": "friend",
            "label": "unrelated",
            "love state": "nothing"
          }
        ],
        "1219": [
          {
            "topic": "update",
            "update": "new friendship label",
            "relationship label": "parentchild",
            "friendship label": "friend",
            "relationship": 22646
          },
          {
            "topic": "person died",
            "person": {
              "key": 12014,
              "name": "Saxiardis Tuc",
              "age": 55,
              "alive": false,