{
  "22789": {
    "alive": true,
    "name": "Otger",
    "surname": "Coc",
    "full name": "Otger Coc",
    "born this way": {
      "sexuality label": "gay",
      "sexuality": 0.888,
      "romantic interest": 0.889,
      "sex interest": 0.624,
      "gender expression": 0.23,
      "sex": "m"
    },
    "age": 45,
    "birth year": 1204,
    "sex": "m",
    "faction": "No religion",
    "income class": [
      3,
      "upper middle class"
    ],
    "personality": {
      "lawful-chaotic": 0.829,
      "nice-nasty": 0.808,
      "honest-false": 0.638,
      "dream": 0.522,
      "outgoing": 0.742
    },
    "attitude": {
      "dream": 0.522,
      "outgoing": 0.742
    },
    "homsoc": {
      "means": {
        "independent": true,
        "taken_care_of": false,
        "caretaker": true,
        "needs_care": false,
        "flags": []
      },
      "expression": {
        "sexuality expression": 0.318,
        "gender expression expression": 0.036
      }
    },
    "network": {
      "parents": {
        "mother": "Oderada (12611)",
        "father": "Hardenbernus (12610)"
      },
      "children": {
        "70727": {
          "key": 70727,
          "name": "Mewekinus van Otger",
          "age": 6,
          "alive": true,
          "sex": "m",
          "parents": {
            "mother": "Ghodelde (41852)",
            "father": "Otger (22789)"
          }
        }
      },
      "relationship keys": {
        "parent": [
          22790,
          22791
        ],
        "sibling": [
          22792,
          22793
        ],
        "unrelated": [
          44199,
          49182,
          61602,
          64475,
          73237
        ],
        "spouse": [
          70280
        ],
        "child": {
          "birth": [
            70728
          ]
        }
      }
    },
    "occupation": {
      "has job": true,
      "income class": [
        3,
        "upper middle class"
      ],
      "income": 1.1500000000000001,
      "all_incomes": [
        0.993,
        1.038,
        0.9530000000000001,
        0.881,
        0.888,
        0.7210000000000001,
        0.6990000000000001,
        1.033,
        0.746,
        0.908,
        0.937,
        1.068,
        0.883,
        0.989,
        0.8500000000000001,
        0.932,
        1.036,
        1.022,
        1.03,
        1.051,
        0.8130000000000001,
        0.902,
        0.915,
        0.872,
        1.056,
        1.2930000000000001,
        1.2870000000000001,
        1.1500000000000001
      ],
      "job": {
        "lawful": true,
        "honest": false
      }
    },
    "genetics": {
      "skin_color": 8,
      "eye_color": "green",
      "hair_color": "black",
      "hair_color_code": 0,
      "hair_type": [
        "S",
        "S"
      ],
      "health": 0.755,
      "fertility": 0.744,
      "communication_impaired": false,
      "mobility_impaired": false,
      "cognitive_impaired": false,
      "disabilities": []
    },
    "memory": {
      "health": {
        "1205": {
          "health": {
            "change": false,
            "value_change": 0.0,
            "new_health": 0.755
          },
          "death": false
        }
      },
      "events": {
        "1204": [
          {
            "topic": "birth",
            "year": 1204
          },
          {
            "topic": "new relationship",
            "key": 22790,
            "people": [
              12610,
              22789
            ],
            "people names": [
              "Hardenbernus Coc",
              "Otger Coc"
            ],
            "people ages": [
              46,
              0
            ],
            "label": "parentchild",
            "committed": false
          },
          {
            "topic": "new relationship",
            "key": 22791,
            "people": [
              12611,
              22789
            ],
            "people names": [
              "Oderada",
              "Otger Coc"
            ],
            "people ages": [
              38,
              0
            ],
            "label": "parentchild",
            "committed": false
          },
          {
            "topic": "new relationship",
            "key": 22792,
            "people": [
              13687,
              22789
            ],
            "people names": [
              "Ase Coc",
              "Otger Coc"
            ],
            "people ages": [
              4,
              0
            ],
            "label": "sibling",
            "committed": false
          },
          {
            "topic": "new relationship",
            "key": 22793,
            "people": [
              17642,
              22789
            ],
            "people names": [
              "Sollen Coc",
              "Otger Coc"
            ],
            "people ages": [
              2,
              0
            ],
            "label": "sibling",
            "committed": false
          }
        ],
        "1205": [
          {
            "topic": "update",
            "update": "new friendship label",
            "relationship label": "sibling",
            "friendship label": "good friend",
            "relationship": 22793
          },
          {
            "topic": "person died",
            "person": {
              "key": 12611,
              "name": "Oderada",
              "age": 39,
              "alive": false,
              "sex": "f",
              "parents": "firstgen"
            },
            "cause": "childbirth",
            "friendship label": "indifferent",
            "label": "parent"
          }
        ],
        "1209": [
          {
            "topic": "update",
            "update": "new friendship label",
            "relationship label": "parentchild",
            "friendship label": "good friend",
            "relationship": 22790
          }
        ],
        "1212": [
          {
            "topic": "update",
            "update": "new friendship label",
            "relationship label": "sibling",
            "friendship label": "indifferent",
            "relationship": 22792
          }
        ],
        "1215": [
          {
            "topic": "event",
            "event": "plague",
            "year": 1215
          },
          {
            "topic": "person died",
            "person": {
              "key": 17642,
              "name": "Sollen Coc",
              "age": 13,
              "alive": false,
              "sex": "m",
              "parents": {
                "mother": "Oderada (12611)",
                "father": "Hardenbernus (12610)"
              }
            },
            "cause": "plague",
            "friendship label": "good friend",
            "label": "sibling"
          }
        ],
        "1221": [
          {
            "topic": "new relationship",
            "key": 44199,
            "people": [
              22789,
              27040
            ],
            "people names": [
              "Otger Coc",
              "Marcibilia Calle"
            ],
            "people ages": [
              17,
              15
            ],
            "label": "unrelated",
            "committed": false
          }
        ],
        "1222": [
          {
            "topic": "job notice",
            "notice": "found job",
            "income": 0.993
          }
        ],
        "1223": [
          {
            "topic": "event",
            "event": "plague",
            "year": 1223
          },
          {
            "topic": "job notice",
            "notice": "comfortable earnings",
            "income": 1.038
          },
          {
            "topic": "person died",
            "person": {
              "key": 27040,
              "name": "Marcibilia Calle",
              "age": 17,
              "alive": false,
              "sex": "f",
              "parents": {
                "mother": "Esa (10763)",