{
  "23054": {
    "alive": true,
    "name": "Eingeliadis",
    "surname": "",
    "full name": "Eingeliadis",
    "born this way": {
      "sexuality label": "gay",
      "sexuality": 0.894,
      "romantic interest": 0.654,
      "sex interest": 0.51,
      "gender expression": 0.096,
      "sex": "f"
    },
    "age": 44,
    "birth year": 1205,
    "sex": "f",
    "faction": "Zealots",
    "income class": [
      3,
      "upper middle class"
    ],
    "personality": {
      "lawful-chaotic": 0.747,
      "nice-nasty": 0.949,
      "honest-false": 0.618,
      "dream": 0.518,
      "outgoing": 0.923
    },
    "attitude": {
      "dream": 0.518,
      "outgoing": 0.923
    },
    "homsoc": {
      "means": {
        "independent": true,
        "taken_care_of": false,
        "caretaker": true,
        "needs_care": false,
        "flags": []
      },
      "expression": {
        "sexuality expression": 0.609,
        "gender expression expression": 0.075
      }
    },
    "network": {
      "parents": {
        "mother": "Wijfgode (12713)",
        "father": "Bernero (12712)"
      },
      "children": {},
      "relationship keys": {
        "parent": [
          23055,
          23056
        ],
        "sibling": [
          23057,
          23058,
          23059,
          23060,
          25212,
          28090,
          30582
        ],
        "unrelated": [
          30905,
          46990,
          74992
        ]
      }
    },
    "occupation": {
      "has job": true,
      "income class": [
        3,
        "upper middle class"
      ],
      "income": 1.5490000000000002,
      "all_incomes": [
        1.006,
        1.391,
        1.296,
        1.479,
        1.215,
        1.181,
        1.149,
        1.215,
        1.5490000000000002,
        1.5490000000000002,
        1.5490000000000002,
        1.5090000000000001,
        1.5490000000000002,
        1.5490000000000002,
        1.43,
        1.48,
        1.427,
        1.5490000000000002,
        1.504,
        1.23,
        1.4160000000000001,
        1.5490000000000002,
        1.5490000000000002,
        1.383,
        1.366,
        1.5490000000000002,
        1.5490000000000002
      ],
      "job": {
        "lawful": false,
        "honest": true
      }
    },
    "genetics": {
      "skin_color": 5,
      "eye_color": "blue",
      "hair_color": "black",
      "hair_color_code": 0,
      "hair_type": [
        "C",
        "C"
      ],
      "health": 0.896,
      "fertility": 0.912,
      "communication_impaired": false,
      "mobility_impaired": false,
      "cognitive_impaired": false,
      "disabilities": []
    },
    "memory": {
      "health": {
        "1206": {
          "health": {
            "change": false,
            "value_change": 0.0,
            "new_health": 0.896
          },
          "death": false
        }
      },
      "events": {
        "1205": [
          {
            "topic": "birth",
            "year": 1205
          },
          {
            "topic": "new relationship",
            "key": 23055,
            "people": [
              12712,
              23054
            ],
            "people names": [
              "Bernero",
              "Eingeliadis"
            ],
            "people ages": [
              38,
              0
            ],
            "label": "parentchild",
            "committed": false
          },
          {
            "topic": "new relationship",
            "key": 23056,
            "people": [
              12713,
              23054
            ],
            "people names": [
              "Wijfgode Boghart",
              "Eingeliadis"
            ],
            "people ages": [
              21,
              0
            ],
            "label": "parentchild",
            "committed": false
          },
          {
            "topic": "new relationship",
            "key": 23057,
            "people": [
              13177,
              23054
            ],
            "people names": [
              "Everocker",
              "Eingeliadis"
            ],
            "people ages": [
              4,
              0
            ],
            "label": "sibling",
            "committed": false
          },
          {
            "topic": "new relationship",
            "key": 23058,
            "people": [
              15299,
              23054
            ],
            "people names": [
              "Arnulphus",
              "Eingeliadis"
            ],
            "people ages": [
              3,
              0
            ],
            "label": "sibling",
            "committed": false
          },
          {
            "topic": "new relationship",
            "key": 23059,
            "people": [
              20050,
              23054
            ],
            "people names": [
              "Arnulphus",
              "Eingeliadis"
            ],
            "people ages": [
              1,
              0
            ],
            "label": "sibling",
            "committed": false
          },
          {
            "topic": "new relationship",
            "key": 23060,
            "people": [
              22257,
              23054
            ],
            "people names": [
              "Thedwi Bernerosdochter",
              "Eingeliadis"
            ],
            "people ages": [
              0,
              0
            ],
            "label": "sibling",
            "committed": false
          }
        ],
        "1206": [
          {
            "topic": "new relationship",
            "key": 25212,
            "people": [
              23054,
              25205
            ],
            "people names": [
              "Eingeliadis",
              "Tielen Berneroszoon"
            ],
            "people ages": [
              0,
              0
            ],
            "label": "sibling",
            "committed": false
          }
        ],
        "1207": [
          {
            "topic": "new relationship",
            "key": 28090,
            "people": [
              23054,
              28083
            ],
            "people names": [
              "Eingeliadis",
              "Folpertus Berneroszoon"
            ],
            "people ages": [
              1,
              0
            ],
            "label": "sibling",
            "committed": false
          }
        ],
        "1208": [
          {
            "topic": "update",
            "update": "new friendship label",
            "relationship label": "parentchild",
            "friendship label": "friend",
            "relationship": 23055
          },
          {
            "topic": "new relationship",
            "key": 30582,
            "people": [
              23054,
              30575
            ],
            "people names": [
              "Eingeliadis",
              "Goneir van Bernero"
            ],
            "people ages": [
              2,
              0
            ],
            "label": "sibling",
            "committed": false
          },
          {
            "topic": "new relationship",
            "key": 30905,
            "people": [
              23253,
              23054
            ],
            "people names": [
              "Yseboldus Juvene",
              "Eingeliadis"
            ],
            "people ages": [
              3,
              3
            ],
            "label": "unrelated",
            "committed": false
          }
        ],
        "1209": [
          {
            "topic": "update",
            "update": "new friendship label",
            "relationship label": "sibling",
            "friendship label": "indifferent",
            "relationship": 30582
          }
        ],
        "1210": [
          {
            "topic": "update",
            "update": "new friendship label",
            "relationship label": "parentchild",
            "friendship label": "friend",