{
  "23090": {
    "alive": false,
    "name": "Hodine",
    "surname": "Mie",
    "full name": "Hodine Mie",
    "born this way": {
      "sexuality label": "straight",
      "sexuality": 0.0,
      "romantic interest": 0.673,
      "sex interest": 0.597,
      "gender expression": 0.147,
      "sex": "f"
    },
    "age": 53,
    "birth year": 1216,
    "sex": "f",
    "faction": "Dogmatists",
    "income class": [
      4,
      "nobility"
    ],
    "personality": {
      "lawful-chaotic": 0.823,
      "nice-nasty": 0.704,
      "honest-false": 0.391
    },
    "attitude": {
      "outgoing": 0.48,
      "dream": 0.683
    },
    "homsoc": {
      "means": {
        "independent": true,
        "taken_care_of": false,
        "caretaker": true,
        "needs_care": false,
        "flags": []
      },
      "expression": {
        "sexuality expression": -0.001,
        "gender expression expression": 0.089
      }
    },
    "network": {
      "parents": {
        "mother": "Lenildis (12269)",
        "father": "Reymar (12268)"
      },
      "children": {},
      "relationship keys": {
        "parent": [
          23091,
          23092
        ],
        "sibling": [
          23093,
          23094,
          23095
        ],
        "spouse": [
          46106
        ]
      }
    },
    "occupation": {
      "has job": true,
      "income class": [
        4,
        "nobility"
      ],
      "income": 1.5990000000000002,
      "all_incomes": [
        1.052,
        1.058,
        1.308,
        1.2870000000000001,
        1.288,
        1.5990000000000002,
        1.5990000000000002,
        1.5990000000000002,
        1.5990000000000002,
        1.3840000000000001,
        1.2970000000000002,
        1.5510000000000002,
        1.215,
        1.068,
        1.2020000000000002,
        1.1820000000000002,
        1.171,
        1.112,
        1.195,
        1.2100000000000002,
        1.431,
        1.5990000000000002,
        1.5990000000000002,
        1.5990000000000002,
        1.427,
        1.5990000000000002,
        1.5990000000000002
      ],
      "job": {
        "lawful": true,
        "honest": false
      }
    },
    "genetics": {
      "skin_color": 2,
      "eye_color": "brown",
      "hair_color": "red",
      "hair_color_code": 3,
      "hair_type": [
        "S",
        "S"
      ],
      "health": 0.0,
      "fertility": 0.262,
      "communication_impaired": false,
      "mobility_impaired": false,
      "cognitive_impaired": false,
      "disabilities": []
    },
    "memory": {
      "health": {
        "1217": {
          "health": {
            "change": false,
            "value_change": 0.0,
            "new_health": 0.309
          },
          "death": false
        },
        "1227": {
          "health": {
            "change": true,
            "value_change": -0.182,
            "new_health": 0.127
          },
          "death": false
        },
        "1228": {
          "health": {
            "change": false,
            "value_change": 0.0,
            "new_health": 0.127
          },
          "death": false
        },
        "1267": {
          "health": {
            "change": true,
            "value_change": -0.094,
            "new_health": 0.033
          },
          "death": false
        },
        "1268": {
          "health": {
            "change": true,
            "value_change": -0.028,
            "new_health": 0.005
          },
          "death": false
        },
        "1269": {
          "health": {
            "change": true,
            "value_change": -0.005,
            "new_health": 0.0
          },
          "death": true
        }
      },
      "events": {
        "1216": [
          {
            "topic": "new home",
            "home": {
              "income class": 4,
              "income class label": "nobility",
              "section": "stMuurhuysen2.se1.c4",
              "street": "Muurhuysen2",
              "neighborhood": "cingelnoord",
              "unique id": 795
            }
          }
        ],
        "1217": [
          {
            "topic": "update",
            "update": "new friendship label",
            "relationship label": "parentchild",
            "friendship label": "indifferent",
            "relationship": 23092
          }
        ],
        "1218": [
          {
            "topic": "person died",
            "person": {
              "key": 12268,
              "name": "Reymar Mie",
              "age": 55,
              "alive": false,
              "sex": "m",
              "parents": "firstgen"
            },
            "cause": "sickness",
            "label": "parent"
          }
        ],
        "1221": [
          {
            "topic": "update",
            "update": "new friendship label",
            "relationship label": "sibling",
            "friendship label": "disliked",
            "relationship": 23094
          }
        ],
        "1223": [
          {
            "topic": "person died",
            "person": {
              "key": 18687,
              "name": "Esa Mie",
              "age": 16,
              "alive": false,
              "sex": "f",
              "parents": {
                "mother": "Lenildis (12269)",
                "father": "Reymar (12268)"
              }
            },
            "cause": "illness",
            "label": "sibling"
          }
        ],
        "1230": [
          {
            "topic": "update",
            "update": "new friendship label",
            "relationship label": "parentchild",
            "friendship label": "indifferent",
            "relationship": 23092
          },
          {
            "topic": "person died",
            "person": {
              "key": 12269,
              "name": "Lenildis Valecappe",
              "age": 51,
              "alive": false,
              "sex": "f",
              "parents": "firstgen"
            },
            "cause": "sickness",
            "label": "parent"
          }
        ],
        "1232": [
          {
            "topic": "event",
            "event": "war",
            "year": 1232
          }
        ],
        "1235": [
          {
            "topic": "person died",
            "person": {
              "key": 20850,
              "name": "Wauthem Mie",
              "age": 24,
              "alive": false,
              "sex": "m",
              "parents": {
                "mother": "Lenildis (12269)",
                "father": "Reymar (12268)"
              }
            },
            "cause": "illness",
            "label": "sibling"
          }
        ],
        "1243": [
          {
            "topic": "job notice",
            "notice": "found job",
            "income": 1.052
          }
        ],
        "1245": [
          {
            "topic": "person died",
            "person": {
              "key": 19122,
              "name": "Lammekin Mie",
              "age": 37,
              "alive": false,
              "sex": "m",
              "parents": {
                "mother": "Lenildis (12269)",
                "father": "Reymar (12268)"
              }
            },
            "cause": "illness",
            "label": "sibling"
          }
        ],
        "1246": [
          {
            "topic": "new relationship",
            "key": 46106,
            "people": [
              19681,
              23090
            ],
            "people names": [
              "Bertoldus Criec",
              "Hodine Mie"
            ],
            "people ages": [
              37,
              30
            ],
            "label": "spouse",
            "committed": true
          },
          {
            "topic": "new home",
            "home": {
              "income class": 3,
              "income class label": "upper middle class",
              "section": "stCromme straet.se7.c3",
              "street": "Cromme straet",
              "neighborhood": "denhof",