{
  "23177": {
    "alive": true,
    "name": "Martin",
    "surname": "Winrechusszoon",
    "full name": "Martin Winrechusszoon",
    "born this way": {
      "sexuality label": "straight",
      "sexuality": 0.108,
      "romantic interest": 0.219,
      "sex interest": 0.491,
      "gender expression": 0.169,
      "sex": "m"
    },
    "age": 44,
    "birth year": 1205,
    "sex": "m",
    "faction": "No religion",
    "income class": [
      2,
      "middle class"
    ],
    "personality": {
      "lawful-chaotic": 0.73,
      "nice-nasty": 0.999,
      "honest-false": 0.769,
      "dream": 0.475,
      "outgoing": 0.822
    },
    "attitude": {
      "dream": 0.475,
      "outgoing": 0.822
    },
    "homsoc": {
      "means": {
        "independent": true,
        "taken_care_of": false,
        "caretaker": true,
        "needs_care": false,
        "flags": [
          "starving"
        ]
      },
      "expression": {
        "sexuality expression": 0.047,
        "gender expression expression": 0.013
      }
    },
    "network": {
      "parents": {
        "mother": "Mette (11090)",
        "father": "Winrechus (11089)"
      },
      "children": {},
      "relationship keys": {
        "parent": [
          23178,
          23179
        ],
        "sibling": [
          23180,
          23181,
          23182,
          26701,
          28322
        ],
        "unrelated": [
          61602,
          69298
        ]
      }
    },
    "occupation": {
      "has job": true,
      "income class": [
        2,
        "middle class"
      ],
      "income": 1.524,
      "all_incomes": [
        1.036,
        1.021,
        0.997,
        1.0579999999999998,
        1.0579999999999998,
        1.093,
        1.194,
        1.2449999999999999,
        1.21,
        1.2249999999999999,
        1.2899999999999998,
        1.3319999999999999,
        1.3599999999999999,
        1.3239999999999998,
        1.4009999999999998,
        1.41,
        1.4589999999999999,
        1.524,
        1.506,
        1.524,
        1.484,
        1.4569999999999999,
        1.4569999999999999,
        1.512,
        1.524,
        1.522,
        1.524
      ],
      "job": {
        "lawful": true,
        "honest": true
      }
    },
    "genetics": {
      "skin_color": 1,
      "eye_color": "brown",
      "hair_color": "red",
      "hair_color_code": 3,
      "hair_type": [
        "C",
        "C"
      ],
      "health": 0.697,
      "fertility": 0.719,
      "communication_impaired": false,
      "mobility_impaired": false,
      "cognitive_impaired": false,
      "disabilities": []
    },
    "memory": {
      "health": {
        "1206": {
          "health": {
            "change": false,
            "value_change": 0.0,
            "new_health": 0.697
          },
          "death": false
        }
      },
      "events": {
        "1205": [
          {
            "topic": "birth",
            "year": 1205
          },
          {
            "topic": "new relationship",
            "key": 23178,
            "people": [
              11089,
              23177
            ],
            "people names": [
              "Winrechus",
              "Martin Winrechusszoon"
            ],
            "people ages": [
              35,
              0
            ],
            "label": "parentchild",
            "committed": false
          },
          {
            "topic": "new relationship",
            "key": 23179,
            "people": [
              11090,
              23177
            ],
            "people names": [
              "Mette Hoeghen",
              "Martin Winrechusszoon"
            ],
            "people ages": [
              34,
              0
            ],
            "label": "parentchild",
            "committed": false
          },
          {
            "topic": "new relationship",
            "key": 23180,
            "people": [
              13957,
              23177
            ],
            "people names": [
              "Batten van Winrechus",
              "Martin Winrechusszoon"
            ],
            "people ages": [
              4,
              0
            ],
            "label": "sibling",
            "committed": false
          },
          {
            "topic": "new relationship",
            "key": 23181,
            "people": [
              16562,
              23177
            ],
            "people names": [
              "Harderico Winrechusszoon",
              "Martin Winrechusszoon"
            ],
            "people ages": [
              2,
              0
            ],
            "label": "sibling",
            "committed": false
          },
          {
            "topic": "new relationship",
            "key": 23182,
            "people": [
              19042,
              23177
            ],
            "people names": [
              "Amilius van Mette",
              "Martin Winrechusszoon"
            ],
            "people ages": [
              1,
              0
            ],
            "label": "sibling",
            "committed": false
          }
        ],
        "1206": [
          {
            "topic": "new relationship",
            "key": 26701,
            "people": [
              23177,
              26695
            ],
            "people names": [
              "Martin Winrechusszoon",
              "Otger Winrechusszoon"
            ],
            "people ages": [
              1,
              0
            ],
            "label": "sibling",
            "committed": false
          }
        ],
        "1207": [
          {
            "topic": "new relationship",
            "key": 28322,
            "people": [
              23177,
              28316
            ],
            "people names": [
              "Martin Winrechusszoon",
              "Huwardo Winrechusszoon"
            ],
            "people ages": [
              2,
              0
            ],
            "label": "sibling",
            "committed": false
          }
        ],
        "1209": [
          {
            "topic": "not enough income",
            "income": 0.36600000000000005,
            "inhabitants": [
              13957,
              23177,
              28316,
              34439,
              54605,
              57993,
              63007,
              65260,
              66402,
              68005,
              68454,
              70939,
              72110,
              74082
            ]
          }
        ],
        "1210": [
          {
            "topic": "update",
            "update": "new friendship label",
            "relationship label": "parentchild",
            "friendship label": "indifferent",
            "relationship": 23178
          },
          {
            "topic": "not enough income",
            "income": 0.34600000000000003,
            "inhabitants": [
              13957,
              23177,
              28316,
              34439,
              54605,
              57993,
              63007,
              65260,
              66402,
              68005,
              68454,
              70939,
              72110,
              74082
            ]
          }
        ],
        "1211": [
          {
            "topic": "not enough income",
            "income": 0.025,
            "inhabitants": [
              13957,
              23177,
              28316,
              34439,
              54605,
              57993,
              63007,
              65260,
              66402,
              68005,
              68454,
              70939,
              72110,
              74082
            ]
          }
        ],
        "1212": [
          {
            "topic": "update",
            "update": "new friendship label",
            "relationship label": "parentchild",
            "friendship label": "indifferent",