{
  "23558": {
    "alive": true,
    "name": "Lutgeri",
    "surname": "Cauwen",
    "full name": "Lutgeri Cauwen",
    "born this way": {
      "sexuality label": "straight",
      "sexuality": 0.032,
      "romantic interest": 0.543,
      "sex interest": 0.74,
      "gender expression": 0.185,
      "sex": "m"
    },
    "age": 44,
    "birth year": 1205,
    "sex": "m",
    "faction": "Zealots",
    "income class": [
      2,
      "middle class"
    ],
    "personality": {
      "lawful-chaotic": 0.355,
      "nice-nasty": 0.825,
      "honest-false": 0.489,
      "dream": 0.643,
      "outgoing": 0.647
    },
    "attitude": {
      "dream": 0.643,
      "outgoing": 0.647
    },
    "homsoc": {
      "means": {
        "independent": true,
        "taken_care_of": false,
        "caretaker": true,
        "needs_care": false,
        "flags": []
      },
      "expression": {
        "sexuality expression": 0.031,
        "gender expression expression": 0.124
      }
    },
    "network": {
      "parents": {
        "mother": "Atghardis (11822)",
        "father": "Bollarde (11821)"
      },
      "children": {},
      "relationship keys": {
        "parent": [
          23559,
          23560
        ],
        "sibling": [
          23561,
          23562,
          23563,
          23564,
          28011,
          36193,
          40254,
          41931,
          43564,
          44101
        ]
      }
    },
    "occupation": {
      "has job": true,
      "income class": [
        2,
        "middle class"
      ],
      "income": 0.9590000000000001,
      "all_incomes": [
        0.943,
        1.2129999999999999,
        1.524,
        1.524,
        1.524,
        1.524,
        1.524,
        1.524,
        1.087,
        0.935,
        1.138,
        1.1139999999999999,
        1.1059999999999999,
        0.664,
        0.437,
        0.558,
        0.6980000000000001,
        0.592,
        1.218,
        0.92,
        1.325,
        1.1949999999999998,
        1.518,
        1.524,
        1.524,
        1.524,
        1.3679999999999999,
        0.9590000000000001
      ],
      "job": {
        "lawful": false,
        "honest": false
      }
    },
    "genetics": {
      "skin_color": 3,
      "eye_color": "brown",
      "hair_color": "brown",
      "hair_color_code": 2,
      "hair_type": [
        "C",
        "S"
      ],
      "health": 0.563,
      "fertility": 0.739,
      "communication_impaired": false,
      "mobility_impaired": false,
      "cognitive_impaired": false,
      "disabilities": []
    },
    "memory": {
      "health": {
        "1206": {
          "health": {
            "change": false,
            "value_change": 0.0,
            "new_health": 0.742
          },
          "death": false
        },
        "1212": {
          "health": {
            "change": true,
            "value_change": -0.179,
            "new_health": 0.563
          },
          "death": false
        },
        "1213": {
          "health": {
            "change": false,
            "value_change": 0.0,
            "new_health": 0.563
          },
          "death": false
        }
      },
      "events": {
        "1205": [
          {
            "topic": "birth",
            "year": 1205
          },
          {
            "topic": "new relationship",
            "key": 23559,
            "people": [
              11821,
              23558
            ],
            "people names": [
              "Bollarde Cauwen",
              "Lutgeri Cauwen"
            ],
            "people ages": [
              32,
              0
            ],
            "label": "parentchild",
            "committed": false
          },
          {
            "topic": "new relationship",
            "key": 23560,
            "people": [
              11822,
              23558
            ],
            "people names": [
              "Atghardis Longus",
              "Lutgeri Cauwen"
            ],
            "people ages": [
              25,
              0
            ],
            "label": "parentchild",
            "committed": false
          },
          {
            "topic": "new relationship",
            "key": 23561,
            "people": [
              13345,
              23558
            ],
            "people names": [
              "Aue Cauwen",
              "Lutgeri Cauwen"
            ],
            "people ages": [
              5,
              0
            ],
            "label": "sibling",
            "committed": false
          },
          {
            "topic": "new relationship",
            "key": 23562,
            "people": [
              17057,
              23558
            ],
            "people names": [
              "Victoria Cauwen",
              "Lutgeri Cauwen"
            ],
            "people ages": [
              3,
              0
            ],
            "label": "sibling",
            "committed": false
          },
          {
            "topic": "new relationship",
            "key": 23563,
            "people": [
              18682,
              23558
            ],
            "people names": [
              "Eingeliadis Cauwen",
              "Lutgeri Cauwen"
            ],
            "people ages": [
              2,
              0
            ],
            "label": "sibling",
            "committed": false
          },
          {
            "topic": "new relationship",
            "key": 23564,
            "people": [
              22226,
              23558
            ],
            "people names": [
              "Pieter",
              "Lutgeri Cauwen"
            ],
            "people ages": [
              1,
              0
            ],
            "label": "sibling",
            "committed": false
          }
        ],
        "1207": [
          {
            "topic": "new relationship",
            "key": 28011,
            "people": [
              23558,
              28004
            ],
            "people names": [
              "Lutgeri Cauwen",
              "Ysaac Cauwen"
            ],
            "people ages": [
              2,
              0
            ],
            "label": "sibling",
            "committed": false
          }
        ],
        "1208": [
          {
            "topic": "update",
            "update": "new friendship label",
            "relationship label": "sibling",
            "friendship label": "friend",
            "relationship": 23562
          }
        ],
        "1212": [
          {
            "topic": "update",
            "update": "new friendship label",
            "relationship label": "sibling",
            "friendship label": "friend",
            "relationship": 28011
          },
          {
            "topic": "new relationship",
            "key": 36193,
            "people": [
              23558,
              36186
            ],
            "people names": [
              "Lutgeri Cauwen",
              "Heinkin Cauwen"
            ],
            "people ages": [
              7,
              0
            ],
            "label": "sibling",
            "committed": false
          }
        ],
        "1213": [
          {
            "topic": "update",
            "update": "new friendship label",
            "relationship label": "sibling",
            "friendship label": "indifferent",
            "relationship": 36193
          }
        ],
        "1214": [
          {
            "topic": "update",
            "update": "new friendship label",
            "relationship label": "parentchild",
            "friendship label": "friend",
            "relationship": 23559
          }
        ],
        "1215": [
          {
            "topic": "event",
            "event": "plague",
            "year": 1215
          },
          {
            "topic": "update",
            "update": "new friendship label",
            "relationship label": "sibling",