{
  "23595": {
    "alive": true,
    "name": "Harlo",
    "surname": "",
    "full name": "Harlo",
    "born this way": {
      "sexuality label": "straight",
      "sexuality": 0.041,
      "romantic interest": 0.916,
      "sex interest": 0.756,
      "gender expression": 0.101,
      "sex": "m"
    },
    "age": 44,
    "birth year": 1205,
    "sex": "m",
    "faction": "Dogmatists",
    "income class": [
      3,
      "upper middle class"
    ],
    "personality": {
      "lawful-chaotic": 0.534,
      "nice-nasty": 0.18,
      "honest-false": 0.0,
      "dream": 0.425,
      "outgoing": 0.613
    },
    "attitude": {
      "dream": 0.425,
      "outgoing": 0.613
    },
    "homsoc": {
      "means": {
        "independent": false,
        "taken_care_of": false,
        "caretaker": true,
        "needs_care": false,
        "flags": []
      },
      "expression": {
        "sexuality expression": 0.024,
        "gender expression expression": 0.054
      }
    },
    "network": {
      "parents": {
        "mother": "Atghardis (12344)",
        "father": "Arnulphus (12343)"
      },
      "children": {},
      "relationship keys": {
        "parent": [
          23596,
          23597
        ],
        "sibling": [
          23598,
          23599,
          23600,
          29539,
          34213,
          35721,
          39774,
          43957
        ],
        "unrelated": [
          46126,
          51892,
          55019,
          73244
        ]
      }
    },
    "occupation": {
      "has job": true,
      "income class": [
        3,
        "upper middle class"
      ],
      "income": 0.651,
      "all_incomes": [
        0.872,
        1.1600000000000001,
        0.92,
        1.055,
        1.432,
        1.497,
        1.5490000000000002,
        1.5490000000000002,
        1.5490000000000002,
        1.5490000000000002,
        1.5490000000000002,
        1.044,
        1.173,
        1.149,
        0.254,
        0.05,
        0.504,
        0.931,
        0.8270000000000001,
        0.47,
        0.74,
        0.6990000000000001,
        1.137,
        0.434,
        0.613,
        0.8300000000000001,
        0.9620000000000001,
        1.181,
        0.651
      ],
      "job": {
        "lawful": false,
        "honest": false
      }
    },
    "genetics": {
      "skin_color": 6,
      "eye_color": "blue",
      "hair_color": "red",
      "hair_color_code": 3,
      "hair_type": [
        "S",
        "C"
      ],
      "health": 0.732,
      "fertility": 0.764,
      "communication_impaired": false,
      "mobility_impaired": false,
      "cognitive_impaired": false,
      "disabilities": []
    },
    "memory": {
      "health": {
        "1206": {
          "health": {
            "change": false,
            "value_change": 0.0,
            "new_health": 0.732
          },
          "death": false
        }
      },
      "events": {
        "1205": [
          {
            "topic": "birth",
            "year": 1205
          },
          {
            "topic": "new relationship",
            "key": 23596,
            "people": [
              12343,
              23595
            ],
            "people names": [
              "Arnulphus",
              "Harlo"
            ],
            "people ages": [
              30,
              0
            ],
            "label": "parentchild",
            "committed": false
          },
          {
            "topic": "new relationship",
            "key": 23597,
            "people": [
              12344,
              23595
            ],
            "people names": [
              "Atghardis Vos",
              "Harlo"
            ],
            "people ages": [
              29,
              0
            ],
            "label": "parentchild",
            "committed": false
          },
          {
            "topic": "new relationship",
            "key": 23598,
            "people": [
              12916,
              23595
            ],
            "people names": [
              "Herdradus Arnulphusszoon",
              "Harlo"
            ],
            "people ages": [
              4,
              0
            ],
            "label": "sibling",
            "committed": false
          },
          {
            "topic": "new relationship",
            "key": 23599,
            "people": [
              16126,
              23595
            ],
            "people names": [
              "Butsel Arnulphusszoon",
              "Harlo"
            ],
            "people ages": [
              3,
              0
            ],
            "label": "sibling",
            "committed": false
          },
          {
            "topic": "new relationship",
            "key": 23600,
            "people": [
              18450,
              23595
            ],
            "people names": [
              "Agnes Arnulphussdochter",
              "Harlo"
            ],
            "people ages": [
              2,
              0
            ],
            "label": "sibling",
            "committed": false
          }
        ],
        "1207": [
          {
            "topic": "person died",
            "person": {
              "key": 12916,
              "name": "Herdradus Arnulphusszoon",
              "age": 7,
              "alive": false,
              "sex": "m",
              "parents": {
                "mother": "Atghardis (12344)",
                "father": "Arnulphus (12343)"
              }
            },
            "cause": "childhood illness",
            "friendship label": "friend",
            "label": "sibling"
          }
        ],
        "1208": [
          {
            "topic": "new relationship",
            "key": 29539,
            "people": [
              23595,
              29534
            ],
            "people names": [
              "Harlo",
              "Gheeneman Arnulphusszoon"
            ],
            "people ages": [
              2,
              0
            ],
            "label": "sibling",
            "committed": false
          }
        ],
        "1210": [
          {
            "topic": "update",
            "update": "new friendship label",
            "relationship label": "sibling",
            "friendship label": "friend",
            "relationship": 29539
          }
        ],
        "1211": [
          {
            "topic": "new relationship",
            "key": 34213,
            "people": [
              23595,
              34208
            ],
            "people names": [
              "Harlo",
              "Riuum Arnulphusszoon"
            ],
            "people ages": [
              5,
              0
            ],
            "label": "sibling",
            "committed": false
          },
          {
            "topic": "update",
            "update": "new friendship label",
            "relationship label": "sibling",
            "friendship label": "friend",
            "relationship": 29539
          }
        ],
        "1212": [
          {
            "topic": "new relationship",
            "key": 35721,
            "people": [
              23595,
              35716
            ],
            "people names": [
              "Harlo",
              "Alretieren"
            ],
            "people ages": [
              6,
              0
            ],
            "label": "sibling",
            "committed": false
          },
          {
            "topic": "update",
            "update": "new friendship label",
            "relationship label": "sibling",
            "friendship label": "good friend",
            "relationship": 29539
          }
        ],
        "1215": [
          {
            "topic": "event",
            "event": "plague",
            "year": 1215
          },
          {
            "topic": "new relationship",
            "key": 39774,
            "people": [
              23595,
              39769
            ],