{
  "23766": {
    "alive": true,
    "name": "Didderic",
    "surname": "Swegeroszoon",
    "full name": "Didderic Swegeroszoon",
    "born this way": {
      "sexuality label": "gay",
      "sexuality": 0.902,
      "romantic interest": 0.555,
      "sex interest": 0.752,
      "gender expression": 0.194,
      "sex": "m"
    },
    "age": 44,
    "birth year": 1205,
    "sex": "m",
    "faction": "No religion",
    "income class": [
      2,
      "middle class"
    ],
    "personality": {
      "lawful-chaotic": 0.545,
      "nice-nasty": 0.326,
      "honest-false": 0.669,
      "dream": 0.554,
      "outgoing": 0.786
    },
    "attitude": {
      "dream": 0.554,
      "outgoing": 0.786
    },
    "homsoc": {
      "means": {
        "independent": true,
        "taken_care_of": false,
        "caretaker": true,
        "needs_care": false,
        "flags": []
      },
      "expression": {
        "sexuality expression": 0.767,
        "gender expression expression": 0.142
      }
    },
    "network": {
      "parents": {
        "mother": "Lutghardis (12110)",
        "father": "Swegero (12109)"
      },
      "children": {},
      "relationship keys": {
        "parent": [
          23767,
          23768
        ],
        "sibling": [
          23769,
          23770,
          23771,
          23772,
          27989,
          37292,
          42358,
          43532
        ],
        "unrelated": [
          68126
        ],
        "spouse": [
          71290
        ]
      }
    },
    "occupation": {
      "has job": true,
      "income class": [
        2,
        "middle class"
      ],
      "income": 1.524,
      "all_incomes": [
        1.066,
        1.051,
        1.194,
        1.524,
        1.524,
        1.524,
        1.4889999999999999,
        1.524,
        1.524,
        1.406,
        1.524,
        1.4789999999999999,
        1.353,
        1.432,
        1.524,
        1.498,
        1.261,
        1.0979999999999999,
        1.222,
        1.3539999999999999,
        1.4869999999999999,
        1.524,
        1.4309999999999998,
        1.4349999999999998,
        1.353,
        1.4489999999999998,
        1.524,
        1.524
      ],
      "job": {
        "lawful": false,
        "honest": true
      }
    },
    "genetics": {
      "skin_color": 3,
      "eye_color": "brown",
      "hair_color": "red",
      "hair_color_code": 3,
      "hair_type": [
        "S",
        "S"
      ],
      "health": 0.472,
      "fertility": 0.634,
      "communication_impaired": false,
      "mobility_impaired": false,
      "cognitive_impaired": false,
      "disabilities": []
    },
    "memory": {
      "health": {
        "1206": {
          "health": {
            "change": false,
            "value_change": 0.0,
            "new_health": 0.65
          },
          "death": false
        },
        "1219": {
          "health": {
            "change": true,
            "value_change": -0.178,
            "new_health": 0.472
          },
          "death": false
        },
        "1220": {
          "health": {
            "change": false,
            "value_change": 0.0,
            "new_health": 0.472
          },
          "death": false
        }
      },
      "events": {
        "1205": [
          {
            "topic": "birth",
            "year": 1205
          },
          {
            "topic": "new relationship",
            "key": 23767,
            "people": [
              12109,
              23766
            ],
            "people names": [
              "Swegero",
              "Didderic Swegeroszoon"
            ],
            "people ages": [
              35,
              0
            ],
            "label": "parentchild",
            "committed": false
          },
          {
            "topic": "new relationship",
            "key": 23768,
            "people": [
              12110,
              23766
            ],
            "people names": [
              "Lutghardis Iude",
              "Didderic Swegeroszoon"
            ],
            "people ages": [
              31,
              0
            ],
            "label": "parentchild",
            "committed": false
          },
          {
            "topic": "new relationship",
            "key": 23769,
            "people": [
              13489,
              23766
            ],
            "people names": [
              "Wicghard",
              "Didderic Swegeroszoon"
            ],
            "people ages": [
              5,
              0
            ],
            "label": "sibling",
            "committed": false
          },
          {
            "topic": "new relationship",
            "key": 23770,
            "people": [
              16699,
              23766
            ],
            "people names": [
              "Cecilia",
              "Didderic Swegeroszoon"
            ],
            "people ages": [
              2,
              0
            ],
            "label": "sibling",
            "committed": false
          },
          {
            "topic": "new relationship",
            "key": 23771,
            "people": [
              20277,
              23766
            ],
            "people names": [
              "Sipper",
              "Didderic Swegeroszoon"
            ],
            "people ages": [
              1,
              0
            ],
            "label": "sibling",
            "committed": false
          },
          {
            "topic": "new relationship",
            "key": 23772,
            "people": [
              21905,
              23766
            ],
            "people names": [
              "Ermerut",
              "Didderic Swegeroszoon"
            ],
            "people ages": [
              0,
              0
            ],
            "label": "sibling",
            "committed": false
          }
        ],
        "1206": [
          {
            "topic": "update",
            "update": "new friendship label",
            "relationship label": "sibling",
            "friendship label": "indifferent",
            "relationship": 23771
          }
        ],
        "1207": [
          {
            "topic": "new relationship",
            "key": 27989,
            "people": [
              23766,
              27983
            ],
            "people names": [
              "Didderic Swegeroszoon",
              "Myrthel van Swegero"
            ],
            "people ages": [
              1,
              0
            ],
            "label": "sibling",
            "committed": false
          }
        ],
        "1208": [
          {
            "topic": "update",
            "update": "new friendship label",
            "relationship label": "sibling",
            "friendship label": "indifferent",
            "relationship": 23771
          },
          {
            "topic": "update",
            "update": "new friendship label",
            "relationship label": "sibling",
            "friendship label": "indifferent",
            "relationship": 23770
          }
        ],
        "1209": [
          {
            "topic": "update",
            "update": "new friendship label",
            "relationship label": "sibling",
            "friendship label": "friend",
            "relationship": 23771
          }
        ],
        "1213": [
          {
            "topic": "new relationship",
            "key": 37292,
            "people": [
              23766,
              37286
            ],
            "people names": [
              "Didderic Swegeroszoon",
              "Franse"
            ],
            "people ages": [
              7,
              0
            ],
            "label": "sibling",
            "committed": false
          }
        ],
        "1215": [
          {
            "topic": "event",
            "event": "plague",
            "year": 1215
          }
        ],