{
  "24161": {
    "alive": true,
    "name": "Hughe",
    "surname": "Oer",
    "full name": "Hughe Oer",
    "born this way": {
      "sexuality label": "straight",
      "sexuality": 0.012,
      "romantic interest": 0.84,
      "sex interest": 0.961,
      "gender expression": 0.162,
      "sex": "m"
    },
    "age": 44,
    "birth year": 1205,
    "sex": "m",
    "faction": "Zealots",
    "income class": [
      2,
      "middle class"
    ],
    "personality": {
      "lawful-chaotic": 0.676,
      "nice-nasty": 0.196,
      "honest-false": 0.238,
      "dream": 0.341,
      "outgoing": 0.742
    },
    "attitude": {
      "dream": 0.341,
      "outgoing": 0.742
    },
    "homsoc": {
      "means": {
        "independent": false,
        "taken_care_of": false,
        "caretaker": true,
        "needs_care": false,
        "flags": [
          "starving"
        ]
      },
      "expression": {
        "sexuality expression": 0.007,
        "gender expression expression": 0.013
      }
    },
    "network": {
      "parents": {
        "mother": "Hille (10508)",
        "father": "Diddekin (10507)"
      },
      "children": {},
      "relationship keys": {
        "parent": [
          24162,
          24163
        ],
        "sibling": [
          24164,
          25722,
          29629,
          31358,
          35503
        ],
        "unrelated": [
          58315,
          73248
        ]
      }
    },
    "occupation": {
      "has job": true,
      "income class": [
        2,
        "middle class"
      ],
      "income": 0.7000000000000001,
      "all_incomes": [
        0.759,
        0.23399999999999999,
        0.752,
        0.9410000000000001,
        1.2269999999999999,
        1.488,
        1.3539999999999999,
        1.1039999999999999,
        0.626,
        1.1989999999999998,
        1.524,
        1.408,
        1.275,
        1.524,
        1.222,
        0.998,
        0.865,
        0.611,
        0.5690000000000001,
        0.462,
        0.028,
        0.226,
        0.6920000000000001,
        0.791,
        1.271,
        0.983,
        0.9500000000000001,
        0.7000000000000001
      ],
      "job": {
        "lawful": false,
        "honest": false
      }
    },
    "genetics": {
      "skin_color": 2,
      "eye_color": "brown",
      "hair_color": "blonde",
      "hair_color_code": 4,
      "hair_type": [
        "C",
        "S"
      ],
      "health": 0.725,
      "fertility": 0.733,
      "communication_impaired": false,
      "mobility_impaired": false,
      "cognitive_impaired": false,
      "disabilities": []
    },
    "memory": {
      "health": {
        "1206": {
          "health": {
            "change": false,
            "value_change": 0.0,
            "new_health": 0.725
          },
          "death": false
        }
      },
      "events": {
        "1205": [
          {
            "topic": "birth",
            "year": 1205
          },
          {
            "topic": "new relationship",
            "key": 24162,
            "people": [
              10507,
              24161
            ],
            "people names": [
              "Diddekin Oer",
              "Hughe Oer"
            ],
            "people ages": [
              42,
              0
            ],
            "label": "parentchild",
            "committed": false
          },
          {
            "topic": "new relationship",
            "key": 24163,
            "people": [
              10508,
              24161
            ],
            "people names": [
              "Hille",
              "Hughe Oer"
            ],
            "people ages": [
              26,
              0
            ],
            "label": "parentchild",
            "committed": false
          },
          {
            "topic": "new relationship",
            "key": 24164,
            "people": [
              22451,
              24161
            ],
            "people names": [
              "Amelgeir Oer",
              "Hughe Oer"
            ],
            "people ages": [
              1,
              0
            ],
            "label": "sibling",
            "committed": false
          }
        ],
        "1206": [
          {
            "topic": "new relationship",
            "key": 25722,
            "people": [
              24161,
              25718
            ],
            "people names": [
              "Hughe Oer",
              "Bollarde Oer"
            ],
            "people ages": [
              1,
              0
            ],
            "label": "sibling",
            "committed": false
          }
        ],
        "1208": [
          {
            "topic": "new relationship",
            "key": 29629,
            "people": [
              24161,
              29625
            ],
            "people names": [
              "Hughe Oer",
              "Loduicus Oer"
            ],
            "people ages": [
              2,
              0
            ],
            "label": "sibling",
            "committed": false
          },
          {
            "topic": "update",
            "update": "new friendship label",
            "relationship label": "sibling",
            "friendship label": "friend",
            "relationship": 25722
          }
        ],
        "1209": [
          {
            "topic": "new relationship",
            "key": 31358,
            "people": [
              24161,
              31354
            ],
            "people names": [
              "Hughe Oer",
              "Liudburgis Oer"
            ],
            "people ages": [
              3,
              0
            ],
            "label": "sibling",
            "committed": false
          }
        ],
        "1210": [
          {
            "topic": "update",
            "update": "new friendship label",
            "relationship label": "sibling",
            "friendship label": "friend",
            "relationship": 29629
          }
        ],
        "1211": [
          {
            "topic": "update",
            "update": "new friendship label",
            "relationship label": "sibling",
            "friendship label": "friend",
            "relationship": 29629
          },
          {
            "topic": "new relationship",
            "key": 35503,
            "people": [
              24161,
              35499
            ],
            "people names": [
              "Hughe Oer",
              "Rabburgis Oer"
            ],
            "people ages": [
              6,
              0
            ],
            "label": "sibling",
            "committed": false
          },
          {
            "topic": "person died",
            "person": {
              "key": 10508,
              "name": "Hille",
              "age": 33,
              "alive": false,
              "sex": "f",
              "parents": "firstgen"
            },
            "cause": "illness",
            "friendship label": "indifferent",
            "label": "parent"
          }
        ],
        "1213": [
          {
            "topic": "update",
            "update": "new friendship label",
            "relationship label": "sibling",
            "friendship label": "disliked",
            "relationship": 35503
          }
        ],
        "1214": [
          {
            "topic": "update",
            "update": "new friendship label",
            "relationship label": "parentchild",
            "friendship label": "friend",
            "relationship": 24162
          }
        ],
        "1215": [
          {
            "topic": "event",
            "event": "plague",
            "year": 1215
          },
          {
            "topic": "update",
            "update": "new friendship label",
            "relationship label": "parentchild",
            "friendship label": "friend",
            "relationship": 24162
          }
        ],
        "1216": [
          {
            "topic": "update",