{
  "24351": {
    "alive": false,
    "name": "Oda",
    "surname": "Raven",
    "full name": "Oda Raven",
    "born this way": {
      "sexuality label": "straight",
      "sexuality": 0.099,
      "romantic interest": 0.852,
      "sex interest": 0.618,
      "gender expression": 0.0,
      "sex": "f"
    },
    "age": 38,
    "birth year": 1205,
    "sex": "f",
    "faction": "Zealots",
    "income class": [
      3,
      "upper middle class"
    ],
    "personality": {
      "lawful-chaotic": 0.545,
      "nice-nasty": 0.414,
      "honest-false": 0.556,
      "dream": 0.519,
      "outgoing": 0.267
    },
    "attitude": {
      "dream": 0.519,
      "outgoing": 0.267
    },
    "homsoc": {
      "means": {
        "independent": true,
        "taken_care_of": false,
        "caretaker": true,
        "needs_care": false,
        "flags": [
          "starving"
        ]
      },
      "expression": {
        "sexuality expression": 0.063,
        "gender expression expression": -0.001
      }
    },
    "network": {
      "parents": {
        "mother": "Heile (12716)",
        "father": "Alwar (12715)"
      },
      "children": {},
      "relationship keys": {
        "parent": [
          24352,
          24353
        ],
        "sibling": [
          24354,
          24355,
          24356,
          26600,
          28455,
          29983,
          36465,
          37728,
          38400
        ]
      }
    },
    "occupation": {
      "has job": true,
      "income class": [
        3,
        "upper middle class"
      ],
      "income": 1.5490000000000002,
      "all_incomes": [
        0.989,
        1.094,
        1.1680000000000001,
        1.25,
        1.242,
        1.3800000000000001,
        1.389,
        1.417,
        1.5410000000000001,
        1.488,
        1.492,
        1.463,
        1.497,
        1.5,
        1.5490000000000002,
        1.5490000000000002,
        1.5490000000000002,
        1.5490000000000002,
        1.522,
        1.5490000000000002,
        1.5490000000000002,
        1.5490000000000002,
        1.5490000000000002
      ],
      "job": {
        "lawful": true,
        "honest": true
      }
    },
    "genetics": {
      "skin_color": 4,
      "eye_color": "blue",
      "hair_color": "dark brown",
      "hair_color_code": 1,
      "hair_type": [
        "S",
        "S"
      ],
      "health": 0.442,
      "fertility": 0.713,
      "communication_impaired": false,
      "mobility_impaired": false,
      "cognitive_impaired": false,
      "disabilities": []
    },
    "memory": {
      "health": {
        "1206": {
          "health": {
            "change": false,
            "value_change": 0.0,
            "new_health": 0.671
          },
          "death": false
        },
        "1243": {
          "health": {
            "change": true,
            "value_change": -0.229,
            "new_health": 0.442
          },
          "death": true
        }
      },
      "events": {
        "1205": [
          {
            "topic": "birth",
            "year": 1205
          },
          {
            "topic": "new relationship",
            "key": 24352,
            "people": [
              12715,
              24351
            ],
            "people names": [
              "Alwar Raven",
              "Oda Raven"
            ],
            "people ages": [
              42,
              0
            ],
            "label": "parentchild",
            "committed": false
          },
          {
            "topic": "new relationship",
            "key": 24353,
            "people": [
              12716,
              24351
            ],
            "people names": [
              "Heile Vekenstyl",
              "Oda Raven"
            ],
            "people ages": [
              22,
              0
            ],
            "label": "parentchild",
            "committed": false
          },
          {
            "topic": "new relationship",
            "key": 24354,
            "people": [
              15910,
              24351
            ],
            "people names": [
              "Itsburgis Raven",
              "Oda Raven"
            ],
            "people ages": [
              3,
              0
            ],
            "label": "sibling",
            "committed": false
          },
          {
            "topic": "new relationship",
            "key": 24355,
            "people": [
              16653,
              24351
            ],
            "people names": [
              "Oderada Raven",
              "Oda Raven"
            ],
            "people ages": [
              3,
              0
            ],
            "label": "sibling",
            "committed": false
          },
          {
            "topic": "new relationship",
            "key": 24356,
            "people": [
              18945,
              24351
            ],
            "people names": [
              "Reynold Raven",
              "Oda Raven"
            ],
            "people ages": [
              2,
              0
            ],
            "label": "sibling",
            "committed": false
          }
        ],
        "1206": [
          {
            "topic": "new relationship",
            "key": 26600,
            "people": [
              24351,
              26594
            ],
            "people names": [
              "Oda Raven",
              "Reynwi Alwarsdochter"
            ],
            "people ages": [
              0,
              0
            ],
            "label": "sibling",
            "committed": false
          },
          {
            "topic": "update",
            "update": "new friendship label",
            "relationship label": "sibling",
            "friendship label": "indifferent",
            "relationship": 24355
          }
        ],
        "1207": [
          {
            "topic": "new relationship",
            "key": 28455,
            "people": [
              24351,
              28449
            ],
            "people names": [
              "Oda Raven",
              "Wigboldo Raven"
            ],
            "people ages": [
              1,
              0
            ],
            "label": "sibling",
            "committed": false
          }
        ],
        "1208": [
          {
            "topic": "new relationship",
            "key": 29983,
            "people": [
              24351,
              29977
            ],
            "people names": [
              "Oda Raven",
              "Imsoete Raven"
            ],
            "people ages": [
              3,
              0
            ],
            "label": "sibling",
            "committed": false
          }
        ],
        "1209": [
          {
            "topic": "update",
            "update": "new friendship label",
            "relationship label": "sibling",
            "friendship label": "friend",
            "relationship": 29983
          }
        ],
        "1210": [
          {
            "topic": "update",
            "update": "new friendship label",
            "relationship label": "sibling",
            "friendship label": "indifferent",
            "relationship": 24356
          },
          {
            "topic": "update",
            "update": "new friendship label",
            "relationship label": "sibling",
            "friendship label": "friend",
            "relationship": 29983
          }
        ],
        "1212": [
          {
            "topic": "new relationship",
            "key": 36465,
            "people": [
              24351,
              36459
            ],
            "people names": [
              "Oda Raven",
              "Ermerut Raven"
            ],
            "people ages": [
              7,
              0
            ],
            "label": "sibling",
            "committed": false
          }
        ],
        "1213": [
          {
            "topic": "new relationship",