{
  "24973": {
    "alive": false,
    "name": "Sollen",
    "surname": "Scamel",
    "full name": "Sollen Scamel",
    "born this way": {
      "sexuality label": "straight",
      "sexuality": 0.123,
      "romantic interest": 0.589,
      "sex interest": 0.724,
      "gender expression": 0.141,
      "sex": "m"
    },
    "age": 43,
    "birth year": 1205,
    "sex": "m",
    "faction": "No religion",
    "income class": [
      2,
      "middle class"
    ],
    "personality": {
      "lawful-chaotic": 0.362,
      "nice-nasty": 0.999,
      "honest-false": 0.402,
      "dream": 0.434,
      "outgoing": 0.709
    },
    "attitude": {
      "dream": 0.434,
      "outgoing": 0.709
    },
    "homsoc": {
      "means": {
        "independent": true,
        "taken_care_of": false,
        "caretaker": true,
        "needs_care": false,
        "flags": [
          "starving"
        ]
      },
      "expression": {
        "sexuality expression": 0.049,
        "gender expression expression": 0.093
      }
    },
    "network": {
      "parents": {
        "mother": "Ermegardis (10601)",
        "father": "Poppo (10600)"
      },
      "children": {},
      "relationship keys": {
        "parent": [
          24974,
          24975
        ],
        "sibling": [
          24976,
          24977,
          24978,
          24979,
          26728,
          29533,
          31963,
          36305,
          37449,
          38356
        ],
        "unrelated": [
          48027
        ]
      }
    },
    "occupation": {
      "has job": true,
      "income class": [
        2,
        "middle class"
      ],
      "income": 1.186,
      "all_incomes": [
        1.499,
        1.291,
        1.164,
        1.1139999999999999,
        0.896,
        0.9410000000000001,
        0.9430000000000001,
        0.683,
        1.091,
        1.224,
        1.1869999999999998,
        1.0819999999999999,
        1.492,
        1.518,
        1.524,
        1.307,
        1.3059999999999998,
        1.524,
        1.273,
        1.3139999999999998,
        1.0599999999999998,
        1.391,
        1.15,
        1.393,
        0.9400000000000001,
        0.91,
        0.7030000000000001,
        1.186
      ],
      "job": {
        "lawful": false,
        "honest": false
      }
    },
    "genetics": {
      "skin_color": 8,
      "eye_color": "blue",
      "hair_color": "black",
      "hair_color_code": 0,
      "hair_type": [
        "S",
        "S"
      ],
      "health": 0.716,
      "fertility": 0.692,
      "communication_impaired": false,
      "mobility_impaired": false,
      "cognitive_impaired": false,
      "disabilities": []
    },
    "memory": {
      "health": {
        "1206": {
          "health": {
            "change": false,
            "value_change": 0.0,
            "new_health": 0.716
          },
          "death": false
        },
        "1248": {
          "health": {
            "change": false,
            "value_change": 0.0,
            "new_health": 0.716
          },
          "death": true
        }
      },
      "events": {
        "1205": [
          {
            "topic": "birth",
            "year": 1205
          },
          {
            "topic": "new relationship",
            "key": 24974,
            "people": [
              10600,
              24973
            ],
            "people names": [
              "Poppo Scamel",
              "Sollen Scamel"
            ],
            "people ages": [
              37,
              0
            ],
            "label": "parentchild",
            "committed": false
          },
          {
            "topic": "new relationship",
            "key": 24975,
            "people": [
              10601,
              24973
            ],
            "people names": [
              "Ermegardis Pannekins",
              "Sollen Scamel"
            ],
            "people ages": [
              24,
              0
            ],
            "label": "parentchild",
            "committed": false
          },
          {
            "topic": "new relationship",
            "key": 24976,
            "people": [
              13990,
              24973
            ],
            "people names": [
              "Reymodis Scamel",
              "Sollen Scamel"
            ],
            "people ages": [
              5,
              0
            ],
            "label": "sibling",
            "committed": false
          },
          {
            "topic": "new relationship",
            "key": 24977,
            "people": [
              15166,
              24973
            ],
            "people names": [
              "Hildegardis Scamel",
              "Sollen Scamel"
            ],
            "people ages": [
              4,
              0
            ],
            "label": "sibling",
            "committed": false
          },
          {
            "topic": "new relationship",
            "key": 24978,
            "people": [
              18159,
              24973
            ],
            "people names": [
              "Hersewindis",
              "Sollen Scamel"
            ],
            "people ages": [
              3,
              0
            ],
            "label": "sibling",
            "committed": false
          },
          {
            "topic": "new relationship",
            "key": 24979,
            "people": [
              20447,
              24973
            ],
            "people names": [
              "Lutghardis van Ermegardis",
              "Sollen Scamel"
            ],
            "people ages": [
              2,
              0
            ],
            "label": "sibling",
            "committed": false
          }
        ],
        "1206": [
          {
            "topic": "new relationship",
            "key": 26728,
            "people": [
              24973,
              26721
            ],
            "people names": [
              "Sollen Scamel",
              "Helyana Scamel"
            ],
            "people ages": [
              0,
              0
            ],
            "label": "sibling",
            "committed": false
          }
        ],
        "1207": [
          {
            "topic": "person died",
            "person": {
              "key": 26721,
              "name": "Helyana Scamel",
              "age": 1,
              "alive": false,
              "sex": "f",
              "parents": {
                "mother": "Ermegardis (10601)",
                "father": "Poppo (10600)"
              }
            },
            "cause": "childbirth",
            "friendship label": "indifferent",
            "label": "sibling"
          }
        ],
        "1208": [
          {
            "topic": "new relationship",
            "key": 29533,
            "people": [
              24973,
              29526
            ],
            "people names": [
              "Sollen Scamel",
              "Reynwi Scamel"
            ],
            "people ages": [
              2,
              0
            ],
            "label": "sibling",
            "committed": false
          }
        ],
        "1209": [
          {
            "topic": "new relationship",
            "key": 31963,
            "people": [
              24973,
              31956
            ],
            "people names": [
              "Sollen Scamel",
              "Enekonus Scamel"
            ],
            "people ages": [
              3,
              0
            ],
            "label": "sibling",
            "committed": false
          }
        ],
        "1212": [
          {
            "topic": "new relationship",
            "key": 36305,
            "people": [
              24973,
              36298
            ],
            "people names": [
              "Sollen Scamel",
              "Clementia Scamel"
            ],
            "people ages": [
              6,
              0
            ],