{
  "25098": {
    "alive": false,
    "name": "Clarebout",
    "surname": "Coninc",
    "full name": "Clarebout Coninc",
    "born this way": {
      "sexuality label": "straight",
      "sexuality": 0.064,
      "romantic interest": 0.448,
      "sex interest": 0.718,
      "gender expression": 0.154,
      "sex": "m"
    },
    "age": 41,
    "birth year": 1222,
    "sex": "m",
    "faction": "Zealots",
    "income class": [
      4,
      "nobility"
    ],
    "personality": {
      "lawful-chaotic": 0.602,
      "nice-nasty": 0.681,
      "honest-false": 0.549
    },
    "attitude": {
      "outgoing": 0.233,
      "dream": 0.559
    },
    "homsoc": {
      "means": {
        "independent": true,
        "taken_care_of": false,
        "caretaker": true,
        "needs_care": false,
        "flags": []
      },
      "expression": {
        "sexuality expression": 0.053,
        "gender expression expression": 0.118
      }
    },
    "network": {
      "parents": {
        "mother": "Atghardis (14803)",
        "father": "Lieuin (13474)"
      },
      "children": {},
      "relationship keys": {
        "parent": [
          25099,
          25100
        ],
        "grandparent": [
          25357
        ],
        "sibling": [
          25642,
          26994,
          27557,
          30530,
          34648
        ],
        "spouse": [
          51924
        ],
        "nibling": [
          57149
        ]
      }
    },
    "occupation": {
      "has job": true,
      "income class": [
        4,
        "nobility"
      ],
      "income": 1.5990000000000002,
      "all_incomes": [
        0.98,
        1.145,
        1.233,
        1.3090000000000002,
        1.3390000000000002,
        1.405,
        1.483,
        1.576,
        1.5990000000000002,
        1.5990000000000002,
        1.5990000000000002,
        1.5990000000000002,
        1.5990000000000002,
        1.5990000000000002,
        1.5990000000000002,
        1.5990000000000002,
        1.5990000000000002,
        1.5990000000000002,
        1.5990000000000002,
        1.5990000000000002,
        1.5990000000000002,
        1.5990000000000002,
        1.5990000000000002,
        1.5990000000000002
      ],
      "job": {
        "lawful": true,
        "honest": true
      }
    },
    "genetics": {
      "skin_color": 7,
      "eye_color": "blue",
      "hair_color": "black",
      "hair_color_code": 0,
      "hair_type": [
        "C",
        "C"
      ],
      "health": 0.737,
      "fertility": 0.797,
      "communication_impaired": false,
      "mobility_impaired": false,
      "cognitive_impaired": false,
      "disabilities": []
    },
    "memory": {
      "health": {
        "1223": {
          "health": {
            "change": false,
            "value_change": 0.0,
            "new_health": 0.737
          },
          "death": false
        },
        "1263": {
          "health": {
            "change": false,
            "value_change": 0.0,
            "new_health": 0.737
          },
          "death": true
        }
      },
      "events": {
        "1222": [
          {
            "topic": "new home",
            "home": {
              "income class": 4,
              "income class label": "nobility",
              "section": "stMuurhuysen2.se1.c4",
              "street": "Muurhuysen2",
              "neighborhood": "cingelnoord",
              "unique id": 799
            }
          }
        ],
        "1223": [
          {
            "topic": "new relationship",
            "key": 25642,
            "people": [
              25098,
              25639
            ],
            "people names": [
              "Clarebout Coninc",
              "Yoel Coninc"
            ],
            "people ages": [
              1,
              0
            ],
            "label": "sibling",
            "committed": false
          }
        ],
        "1225": [
          {
            "topic": "new relationship",
            "key": 26994,
            "people": [
              25098,
              26991
            ],
            "people names": [
              "Clarebout Coninc",
              "Folqui Coninc"
            ],
            "people ages": [
              3,
              0
            ],
            "label": "sibling",
            "committed": false
          }
        ],
        "1226": [
          {
            "topic": "new relationship",
            "key": 27557,
            "people": [
              25098,
              27554
            ],
            "people names": [
              "Clarebout Coninc",
              "Elyas\u0430"
            ],
            "people ages": [
              3,
              0
            ],
            "label": "sibling",
            "committed": false
          }
        ],
        "1229": [
          {
            "topic": "new relationship",
            "key": 30530,
            "people": [
              25098,
              30527
            ],
            "people names": [
              "Clarebout Coninc",
              "Abben Coninc"
            ],
            "people ages": [
              6,
              0
            ],
            "label": "sibling",
            "committed": false
          },
          {
            "topic": "update",
            "update": "new friendship label",
            "relationship label": "grandparentchild",
            "friendship label": "indifferent",
            "relationship": 25357
          }
        ],
        "1232": [
          {
            "topic": "event",
            "event": "war",
            "year": 1232
          }
        ],
        "1233": [
          {
            "topic": "update",
            "update": "new friendship label",
            "relationship label": "sibling",
            "friendship label": "friend",
            "relationship": 26994
          },
          {
            "topic": "new relationship",
            "key": 34648,
            "people": [
              25098,
              34645
            ],
            "people names": [
              "Clarebout Coninc",
              "Kerstine Coninc"
            ],
            "people ages": [
              11,
              0
            ],
            "label": "sibling",
            "committed": false
          }
        ],
        "1237": [
          {
            "topic": "update",
            "update": "new friendship label",
            "relationship label": "sibling",
            "friendship label": "indifferent",
            "relationship": 30530
          },
          {
            "topic": "person died",
            "person": {
              "key": 26991,
              "name": "Folqui Coninc",
              "age": 12,
              "alive": false,
              "sex": "f",
              "parents": {
                "mother": "Atghardis (14803)",
                "father": "Lieuin (13474)"
              }
            },
            "cause": "illness",
            "label": "sibling"
          }
        ],
        "1240": [
          {
            "topic": "job notice",
            "notice": "found job",
            "income": 0.98
          },
          {
            "topic": "update",
            "update": "new friendship label",
            "relationship label": "sibling",
            "friendship label": "friend",
            "relationship": 25642
          }
        ],
        "1241": [
          {
            "topic": "job notice",
            "notice": "comfortable earnings",
            "income": 1.145
          }
        ],
        "1242": [
          {
            "topic": "person died",
            "person": {
              "key": 13474,
              "name": "Lieuin Coninc",
              "age": 42,
              "alive": false,
              "sex": "m",
              "parents": {
                "mother": "Sara (12281)",
                "father": "Ivone (12280)"
              }
            },
            "cause": "illness",