{
  "25256": {
    "alive": false,
    "name": "Godelief",
    "surname": "Widoeghe",
    "full name": "Godelief Widoeghe",
    "born this way": {
      "sexuality label": "gay",
      "sexuality": 0.89,
      "romantic interest": 0.903,
      "sex interest": 0.549,
      "gender expression": 0.289,
      "sex": "m"
    },
    "age": 42,
    "birth year": 1206,
    "sex": "m",
    "faction": "Dogmatists",
    "income class": [
      3,
      "upper middle class"
    ],
    "personality": {
      "lawful-chaotic": 0.317,
      "nice-nasty": 0.378,
      "honest-false": 0.717,
      "dream": 0.389,
      "outgoing": 0.596
    },
    "attitude": {
      "dream": 0.389,
      "outgoing": 0.596
    },
    "homsoc": {
      "means": {
        "independent": true,
        "taken_care_of": false,
        "caretaker": true,
        "needs_care": false,
        "flags": []
      },
      "expression": {
        "sexuality expression": 0.34,
        "gender expression expression": 0.045
      }
    },
    "network": {
      "parents": {
        "mother": "Rabburgis (11909)",
        "father": "Coppesoeten (11908)"
      },
      "children": {},
      "relationship keys": {
        "parent": [
          25257,
          25258
        ],
        "sibling": [
          25259,
          25260,
          28934,
          29778
        ],
        "unrelated": [
          35594,
          65717,
          73281
        ]
      }
    },
    "occupation": {
      "has job": true,
      "income class": [
        3,
        "upper middle class"
      ],
      "income": 1.5490000000000002,
      "all_incomes": [
        0.0,
        0.05,
        0.516,
        1.1500000000000001,
        0.8520000000000001,
        1.245,
        0.615,
        0.249,
        0.123,
        0.197,
        0.05,
        0.625,
        0.9530000000000001,
        1.2590000000000001,
        0.5960000000000001,
        0.764,
        1.137,
        1.372,
        0.7070000000000001,
        0.46299999999999997,
        0.8430000000000001,
        0.807,
        1.2650000000000001,
        1.5490000000000002,
        1.5490000000000002,
        1.5490000000000002,
        1.5490000000000002
      ],
      "job": {
        "lawful": false,
        "honest": false
      }
    },
    "genetics": {
      "skin_color": 7,
      "eye_color": "brown",
      "hair_color": "black",
      "hair_color_code": 0,
      "hair_type": [
        "C",
        "C"
      ],
      "health": 0.761,
      "fertility": 0.741,
      "communication_impaired": false,
      "mobility_impaired": false,
      "cognitive_impaired": false,
      "disabilities": []
    },
    "memory": {
      "health": {
        "1207": {
          "health": {
            "change": false,
            "value_change": 0.0,
            "new_health": 0.761
          },
          "death": false
        },
        "1248": {
          "health": {
            "change": false,
            "value_change": 0.0,
            "new_health": 0.761
          },
          "death": true
        }
      },
      "events": {
        "1206": [
          {
            "topic": "birth",
            "year": 1206
          },
          {
            "topic": "new relationship",
            "key": 25257,
            "people": [
              11908,
              25256
            ],
            "people names": [
              "Coppesoeten Widoeghe",
              "Godelief Widoeghe"
            ],
            "people ages": [
              44,
              0
            ],
            "label": "parentchild",
            "committed": false
          },
          {
            "topic": "new relationship",
            "key": 25258,
            "people": [
              11909,
              25256
            ],
            "people names": [
              "Rabburgis Clove",
              "Godelief Widoeghe"
            ],
            "people ages": [
              38,
              0
            ],
            "label": "parentchild",
            "committed": false
          },
          {
            "topic": "new relationship",
            "key": 25259,
            "people": [
              13183,
              25256
            ],
            "people names": [
              "Hersewindis Coppesoetensdochter",
              "Godelief Widoeghe"
            ],
            "people ages": [
              5,
              0
            ],
            "label": "sibling",
            "committed": false
          },
          {
            "topic": "new relationship",
            "key": 25260,
            "people": [
              16013,
              25256
            ],
            "people names": [
              "Gheesen Widoeghe",
              "Godelief Widoeghe"
            ],
            "people ages": [
              4,
              0
            ],
            "label": "sibling",
            "committed": false
          }
        ],
        "1207": [
          {
            "topic": "new relationship",
            "key": 28934,
            "people": [
              25256,
              28929
            ],
            "people names": [
              "Godelief Widoeghe",
              "Siwa Widoeghe"
            ],
            "people ages": [
              1,
              0
            ],
            "label": "sibling",
            "committed": false
          }
        ],
        "1208": [
          {
            "topic": "new relationship",
            "key": 29778,
            "people": [
              25256,
              29773
            ],
            "people names": [
              "Godelief Widoeghe",
              "Dammas Widoeghe"
            ],
            "people ages": [
              2,
              0
            ],
            "label": "sibling",
            "committed": false
          }
        ],
        "1209": [
          {
            "topic": "update",
            "update": "new friendship label",
            "relationship label": "sibling",
            "friendship label": "friend",
            "relationship": 28934
          }
        ],
        "1211": [
          {
            "topic": "new relationship",
            "key": 35594,
            "people": [
              26555,
              25256
            ],
            "people names": [
              "Valken Cnijf",
              "Godelief Widoeghe"
            ],
            "people ages": [
              5,
              5
            ],
            "label": "unrelated",
            "committed": false
          }
        ],
        "1212": [
          {
            "topic": "update",
            "update": "new friendship label",
            "relationship label": "parentchild",
            "friendship label": "good friend",
            "relationship": 25258
          }
        ],
        "1213": [
          {
            "topic": "person died",
            "person": {
              "key": 11909,
              "name": "Rabburgis Clove",
              "age": 46,
              "alive": false,
              "sex": "f",
              "parents": "firstgen"
            },
            "cause": "illness",
            "friendship label": "good friend",
            "label": "parent"
          }
        ],
        "1215": [
          {
            "topic": "event",
            "event": "plague",
            "year": 1215
          }
        ],
        "1216": [
          {
            "topic": "update",
            "update": "new friendship label",
            "relationship label": "sibling",
            "friendship label": "disliked",
            "relationship": 25260
          },
          {
            "topic": "update",
            "update": "new friendship label",
            "relationship label": "sibling",
            "friendship label": "indifferent",
            "relationship": 29778
          }
        ],
        "1220": [
          {
            "topic": "person died",
            "person": {
              "key": 26555,
              "name": "Valken Cnijf",
              "age": 14,