{
  "25387": {
    "alive": true,
    "name": "Wederic",
    "surname": "Canne",
    "full name": "Wederic Canne",
    "born this way": {
      "sexuality label": "straight",
      "sexuality": 0.058,
      "romantic interest": 0.943,
      "sex interest": 0.532,
      "gender expression": 0.172,
      "sex": "m"
    },
    "age": 43,
    "birth year": 1206,
    "sex": "m",
    "faction": "No religion",
    "income class": [
      2,
      "middle class"
    ],
    "personality": {
      "lawful-chaotic": 0.884,
      "nice-nasty": 0.379,
      "honest-false": 0.973,
      "dream": 0.311,
      "outgoing": 0.58
    },
    "attitude": {
      "dream": 0.311,
      "outgoing": 0.58
    },
    "homsoc": {
      "means": {
        "independent": true,
        "taken_care_of": false,
        "caretaker": true,
        "needs_care": false,
        "flags": [
          "starving"
        ]
      },
      "expression": {
        "sexuality expression": 0.051,
        "gender expression expression": 0.062
      }
    },
    "network": {
      "parents": {
        "mother": "Machtilden (12086)",
        "father": "Lubertus (12085)"
      },
      "children": {},
      "relationship keys": {
        "parent": [
          25388,
          25389
        ],
        "sibling": [
          25390,
          25391,
          25392,
          25393,
          35291,
          35651,
          37572,
          38937
        ],
        "unrelated": [
          49191
        ],
        "spouse": [
          74958
        ]
      }
    },
    "occupation": {
      "has job": true,
      "income class": [
        2,
        "middle class"
      ],
      "income": 1.4629999999999999,
      "all_incomes": [
        0.981,
        1.0379999999999998,
        1.069,
        1.1099999999999999,
        1.0699999999999998,
        1.101,
        1.1219999999999999,
        1.128,
        1.154,
        1.182,
        1.2,
        1.198,
        1.2349999999999999,
        1.212,
        1.1509999999999998,
        1.13,
        1.1629999999999998,
        1.2089999999999999,
        1.1929999999999998,
        1.1909999999999998,
        1.3119999999999998,
        1.2449999999999999,
        1.253,
        1.2899999999999998,
        1.25,
        1.3059999999999998,
        1.3639999999999999,
        1.4629999999999999
      ],
      "job": {
        "lawful": true,
        "honest": true
      }
    },
    "genetics": {
      "skin_color": 1,
      "eye_color": "brown",
      "hair_color": "black",
      "hair_color_code": 0,
      "hair_type": [
        "S",
        "C"
      ],
      "health": 0.653,
      "fertility": 0.59,
      "communication_impaired": false,
      "mobility_impaired": false,
      "cognitive_impaired": false,
      "disabilities": []
    },
    "memory": {
      "health": {
        "1207": {
          "health": {
            "change": false,
            "value_change": 0.0,
            "new_health": 0.653
          },
          "death": false
        }
      },
      "events": {
        "1206": [
          {
            "topic": "birth",
            "year": 1206
          },
          {
            "topic": "new relationship",
            "key": 25388,
            "people": [
              12085,
              25387
            ],
            "people names": [
              "Lubertus Canne",
              "Wederic Canne"
            ],
            "people ages": [
              30,
              0
            ],
            "label": "parentchild",
            "committed": false
          },
          {
            "topic": "new relationship",
            "key": 25389,
            "people": [
              12086,
              25387
            ],
            "people names": [
              "Machtilden",
              "Wederic Canne"
            ],
            "people ages": [
              29,
              0
            ],
            "label": "parentchild",
            "committed": false
          },
          {
            "topic": "new relationship",
            "key": 25390,
            "people": [
              14071,
              25387
            ],
            "people names": [
              "Geile Canne",
              "Wederic Canne"
            ],
            "people ages": [
              5,
              0
            ],
            "label": "sibling",
            "committed": false
          },
          {
            "topic": "new relationship",
            "key": 25391,
            "people": [
              16911,
              25387
            ],
            "people names": [
              "Alwin Canne",
              "Wederic Canne"
            ],
            "people ages": [
              3,
              0
            ],
            "label": "sibling",
            "committed": false
          },
          {
            "topic": "new relationship",
            "key": 25392,
            "people": [
              20933,
              25387
            ],
            "people names": [
              "Katrin Canne",
              "Wederic Canne"
            ],
            "people ages": [
              1,
              0
            ],
            "label": "sibling",
            "committed": false
          },
          {
            "topic": "new relationship",
            "key": 25393,
            "people": [
              24076,
              25387
            ],
            "people names": [
              "Wlfarde Canne",
              "Wederic Canne"
            ],
            "people ages": [
              0,
              0
            ],
            "label": "sibling",
            "committed": false
          }
        ],
        "1211": [
          {
            "topic": "new relationship",
            "key": 35291,
            "people": [
              25387,
              35285
            ],
            "people names": [
              "Wederic Canne",
              "Tielen Lubertusszoon"
            ],
            "people ages": [
              5,
              0
            ],
            "label": "sibling",
            "committed": false
          }
        ],
        "1212": [
          {
            "topic": "new relationship",
            "key": 35651,
            "people": [
              25387,
              35645
            ],
            "people names": [
              "Wederic Canne",
              "Walic Canne"
            ],
            "people ages": [
              5,
              0
            ],
            "label": "sibling",
            "committed": false
          }
        ],
        "1213": [
          {
            "topic": "new relationship",
            "key": 37572,
            "people": [
              25387,
              37566
            ],
            "people names": [
              "Wederic Canne",
              "Thitardo Canne"
            ],
            "people ages": [
              6,
              0
            ],
            "label": "sibling",
            "committed": false
          }
        ],
        "1214": [
          {
            "topic": "new relationship",
            "key": 38937,
            "people": [
              25387,
              38931
            ],
            "people names": [
              "Wederic Canne",
              "Reynwi"
            ],
            "people ages": [
              8,
              0
            ],
            "label": "sibling",
            "committed": false
          },
          {
            "topic": "person died",
            "person": {
              "key": 12085,
              "name": "Lubertus Canne",
              "age": 39,
              "alive": false,
              "sex": "m",
              "parents": "firstgen"
            },
            "cause": "illness",
            "friendship label": "indifferent",
            "label": "parent"
          }
        ],
        "1215": [
          {
            "topic": "event",
            "event": "plague",