{
  "25443": {
    "alive": true,
    "name": "Kerolus",
    "surname": "Coram",
    "full name": "Kerolus Coram",
    "born this way": {
      "sexuality label": "straight",
      "sexuality": 0.073,
      "romantic interest": 0.692,
      "sex interest": 0.846,
      "gender expression": 0.181,
      "sex": "m"
    },
    "age": 43,
    "birth year": 1206,
    "sex": "m",
    "faction": "No religion",
    "income class": [
      3,
      "upper middle class"
    ],
    "personality": {
      "lawful-chaotic": 0.854,
      "nice-nasty": 0.424,
      "honest-false": 0.374,
      "dream": 0.534,
      "outgoing": 0.709
    },
    "attitude": {
      "dream": 0.534,
      "outgoing": 0.709
    },
    "homsoc": {
      "means": {
        "independent": true,
        "taken_care_of": false,
        "caretaker": true,
        "needs_care": false,
        "flags": [
          "neglected"
        ]
      },
      "expression": {
        "sexuality expression": 0.038,
        "gender expression expression": 0.089
      }
    },
    "network": {
      "parents": {
        "mother": {
          "key": 12620,
          "name": "Mette Wilde",
          "age": 29,
          "alive": false,
          "sex": "f",
          "parents": "firstgen"
        },
        "father": {
          "key": 12619,
          "name": "Reymbernus Coram",
          "age": 46,
          "alive": false,
          "sex": "m",
          "parents": "firstgen"
        }
      },
      "children": {},
      "relationship keys": {
        "parent": [
          25444,
          25445
        ],
        "sibling": [
          25446,
          25447,
          25448,
          25449,
          25450
        ],
        "unrelated": [
          56870,
          60439,
          62559
        ]
      }
    },
    "occupation": {
      "has job": true,
      "income class": [
        3,
        "upper middle class"
      ],
      "income": 1.5490000000000002,
      "all_incomes": [
        1.053,
        1.353,
        1.5210000000000001,
        1.305,
        1.3,
        1.163,
        1.229,
        1.26,
        1.429,
        1.198,
        1.1320000000000001,
        1.475,
        1.433,
        1.53,
        1.464,
        1.411,
        1.218,
        1.5230000000000001,
        1.5490000000000002,
        1.5490000000000002,
        1.5490000000000002,
        1.5490000000000002,
        1.3900000000000001,
        1.5490000000000002,
        1.346,
        1.5150000000000001,
        1.5490000000000002,
        1.5490000000000002
      ],
      "job": {
        "lawful": true,
        "honest": false
      }
    },
    "genetics": {
      "skin_color": 4,
      "eye_color": "blue",
      "hair_color": "blonde",
      "hair_color_code": 4,
      "hair_length": "long",
      "beauty": 0.666,
      "hair_type": [
        "S",
        "S"
      ],
      "health": 0.763,
      "fertility": 0.7,
      "communication_impaired": false,
      "mobility_impaired": false,
      "cognitive_impaired": false,
      "disabilities": []
    },
    "memory": {
      "health": {
        "1207": {
          "health": {
            "change": false,
            "value_change": 0.0,
            "new_health": 0.763
          },
          "death": false
        }
      },
      "homsoc": {
        "1207": {
          "independent": false,
          "needs_care": true,
          "taken_care_of": true,
          "caretaker": true
        },
        "1208": {
          "independent": false,
          "needs_care": true,
          "taken_care_of": false,
          "caretaker": true
        },
        "1222": {
          "independent": false,
          "needs_care": false,
          "taken_care_of": false,
          "caretaker": true
        },
        "1223": {
          "independent": true,
          "needs_care": false,
          "taken_care_of": false,
          "caretaker": true
        }
      },
      "ocupation": {
        "1207": {
          "has job": false,
          "income": 0
        },
        "1208": {
          "has job": false,
          "income": 0
        },
        "1209": {
          "has job": false,
          "income": 0
        },
        "1210": {
          "has job": false,
          "income": 0
        },
        "1211": {
          "has job": false,
          "income": 0
        },
        "1212": {
          "has job": false,
          "income": 0
        },
        "1213": {
          "has job": false,
          "income": 0
        },
        "1214": {
          "has job": false,
          "income": 0
        },
        "1215": {
          "has job": false,
          "income": 0
        },
        "1216": {
          "has job": false,
          "income": 0
        },
        "1217": {
          "has job": false,
          "income": 0
        },
        "1218": {
          "has job": false,
          "income": 0
        },
        "1219": {
          "has job": false,
          "income": 0
        },
        "1220": {
          "has job": false,
          "income": 0
        },
        "1221": {
          "has job": false,
          "income": 0
        },
        "1222": {
          "has job": false,
          "income": 0
        },
        "1223": {
          "has job": true,
          "income": 1.353
        },
        "1224": {
          "has job": true,
          "income": 1.5210000000000001
        },
        "1225": {
          "has job": true,
          "income": 1.305
        },
        "1226": {
          "has job": true,
          "income": 1.3
        },
        "1227": {
          "has job": true,
          "income": 1.163
        },
        "1228": {
          "has job": true,
          "income": 1.229
        },
        "1229": {
          "has job": true,
          "income": 1.26
        },
        "1230": {
          "has job": true,
          "income": 1.429
        },
        "1231": {
          "has job": true,
          "income": 1.198
        },
        "1232": {
          "has job": true,
          "income": 1.1320000000000001
        },
        "1233": {
          "has job": true,
          "income": 1.475
        },
        "1234": {
          "has job": true,
          "income": 1.433
        },
        "1235": {
          "has job": true,
          "income": 1.53
        },
        "1236": {
          "has job": true,
          "income": 1.464
        },
        "1237": {
          "has job": true,
          "income": 1.411
        },
        "1238": {
          "has job": true,
          "income": 1.218
        },
        "1239": {
          "has job": true,
          "income": 1.5230000000000001
        },
        "1240": {
          "has job": true,
          "income": 1.5490000000000002
        },
        "1241": {
          "has job": true,
          "income": 1.5490000000000002
        },
        "1242": {
          "has job": true,
          "income": 1.5490000000000002
        },
        "1243": {
          "has job": true,
          "income": 1.5490000000000002
        },
        "1244": {
          "has job": true,
          "income": 1.3900000000000001
        },
        "1245": {
          "has job": true,
          "income": 1.5490000000000002
        },
        "1246": {
          "has job": true,
          "income": 1.346
        },
        "1247": {
          "has job": true,
          "income": 1.5150000000000001
        },
        "1248": {
          "has job": true,
          "income": 1.5490000000000002
        },
        "1249": {
          "has job": true,
          "income": 1.5490000000000002
        }
      },
      "events": {
        "1206": [
          {
            "topic": "birth",
            "year": 1206
          },
          {
            "topic": "new relationship",
            "key": 25444,
            "people": [
              12619,
              25443
            ],
            "people names": [
              "Reymbernus Coram",
              "Kerolus Coram"
            ],