{
  "25541": {
    "alive": false,
    "name": "Myrthel",
    "surname": "Alebrandosdochter",
    "full name": "Myrthel Alebrandosdochter",
    "born this way": {
      "sexuality label": "straight",
      "sexuality": 0.07,
      "romantic interest": 0.739,
      "sex interest": 0.796,
      "gender expression": 0.317,
      "sex": "f"
    },
    "age": 40,
    "birth year": 1206,
    "sex": "f",
    "faction": "No religion",
    "income class": [
      3,
      "upper middle class"
    ],
    "personality": {
      "lawful-chaotic": 0.999,
      "nice-nasty": 0.04,
      "honest-false": 0.999,
      "dream": 0.583,
      "outgoing": 0.388
    },
    "attitude": {
      "dream": 0.583,
      "outgoing": 0.388
    },
    "homsoc": {
      "means": {
        "independent": true,
        "taken_care_of": false,
        "caretaker": true,
        "needs_care": false,
        "flags": [
          "starving"
        ]
      },
      "expression": {
        "sexuality expression": 0.055,
        "gender expression expression": 0.0
      }
    },
    "network": {
      "parents": {
        "mother": "Beatrice (11918)",
        "father": "Alebrando (11917)"
      },
      "children": {},
      "relationship keys": {
        "parent": [
          25542,
          25543
        ],
        "sibling": [
          25544,
          25545,
          25546,
          25547,
          30130
        ],
        "unrelated": [
          65721
        ],
        "spouse": [
          73213
        ]
      }
    },
    "occupation": {
      "has job": true,
      "income class": [
        3,
        "upper middle class"
      ],
      "income": 1.5490000000000002,
      "all_incomes": [
        0.997,
        1.012,
        1.096,
        1.1280000000000001,
        1.157,
        1.227,
        1.313,
        1.409,
        1.432,
        1.5490000000000002,
        1.5490000000000002,
        1.5210000000000001,
        1.493,
        1.5170000000000001,
        1.5490000000000002,
        1.5490000000000002,
        1.5490000000000002,
        1.5490000000000002,
        1.5490000000000002,
        1.5490000000000002,
        1.5490000000000002,
        1.5490000000000002,
        1.5490000000000002,
        1.5490000000000002,
        1.5490000000000002
      ],
      "job": {
        "lawful": true,
        "honest": true
      }
    },
    "genetics": {
      "skin_color": 5,
      "eye_color": "blue",
      "hair_color": "brown",
      "hair_color_code": 2,
      "hair_type": [
        "C",
        "S"
      ],
      "health": 0.695,
      "fertility": 0.733,
      "communication_impaired": false,
      "mobility_impaired": false,
      "cognitive_impaired": false,
      "disabilities": []
    },
    "memory": {
      "health": {
        "1207": {
          "health": {
            "change": false,
            "value_change": 0.0,
            "new_health": 0.695
          },
          "death": false
        },
        "1246": {
          "health": {
            "change": false,
            "value_change": 0.0,
            "new_health": 0.695
          },
          "death": true
        }
      },
      "events": {
        "1206": [
          {
            "topic": "birth",
            "year": 1206
          },
          {
            "topic": "new relationship",
            "key": 25542,
            "people": [
              11917,
              25541
            ],
            "people names": [
              "Alebrando",
              "Myrthel Alebrandosdochter"
            ],
            "people ages": [
              51,
              0
            ],
            "label": "parentchild",
            "committed": false
          },
          {
            "topic": "new relationship",
            "key": 25543,
            "people": [
              11918,
              25541
            ],
            "people names": [
              "Beatrice",
              "Myrthel Alebrandosdochter"
            ],
            "people ages": [
              30,
              0
            ],
            "label": "parentchild",
            "committed": false
          },
          {
            "topic": "new relationship",
            "key": 25544,
            "people": [
              16621,
              25541
            ],
            "people names": [
              "Jacomin",
              "Myrthel Alebrandosdochter"
            ],
            "people ages": [
              3,
              0
            ],
            "label": "sibling",
            "committed": false
          },
          {
            "topic": "new relationship",
            "key": 25545,
            "people": [
              18935,
              25541
            ],
            "people names": [
              "Heinhoca Alebrandoszoon",
              "Myrthel Alebrandosdochter"
            ],
            "people ages": [
              2,
              0
            ],
            "label": "sibling",
            "committed": false
          },
          {
            "topic": "new relationship",
            "key": 25546,
            "people": [
              22617,
              25541
            ],
            "people names": [
              "Samuel Alebrandoszoon",
              "Myrthel Alebrandosdochter"
            ],
            "people ages": [
              1,
              0
            ],
            "label": "sibling",
            "committed": false
          },
          {
            "topic": "new relationship",
            "key": 25547,
            "people": [
              24615,
              25541
            ],
            "people names": [
              "Sywi",
              "Myrthel Alebrandosdochter"
            ],
            "people ages": [
              0,
              0
            ],
            "label": "sibling",
            "committed": false
          }
        ],
        "1208": [
          {
            "topic": "new relationship",
            "key": 30130,
            "people": [
              25541,
              30123
            ],
            "people names": [
              "Myrthel Alebrandosdochter",
              "Clara"
            ],
            "people ages": [
              2,
              0
            ],
            "label": "sibling",
            "committed": false
          },
          {
            "topic": "person died",
            "person": {
              "key": 11917,
              "name": "Alebrando",
              "age": 54,
              "alive": false,
              "sex": "m",
              "parents": "firstgen"
            },
            "cause": "old age",
            "friendship label": "indifferent",
            "label": "parent"
          }
        ],
        "1209": [
          {
            "topic": "not enough income",
            "income": 0,
            "inhabitants": [
              22617
            ]
          }
        ],
        "1210": [
          {
            "topic": "not enough income",
            "income": 0,
            "inhabitants": [
              22617
            ]
          }
        ],
        "1211": [
          {
            "topic": "not enough income",
            "income": 0,
            "inhabitants": [
              22617
            ]
          }
        ],
        "1212": [
          {
            "topic": "not enough income",
            "income": 0,
            "inhabitants": [
              22617
            ]
          }
        ],
        "1213": [
          {
            "topic": "update",
            "update": "new friendship label",
            "relationship label": "sibling",
            "friendship label": "friend",
            "relationship": 25547
          },
          {
            "topic": "not enough income",
            "income": 0,
            "inhabitants": [
              22617
            ]
          }
        ],
        "1214": [
          {
            "topic": "update",
            "update": "new friendship label",
            "relationship label": "sibling",