{
  "25639": {
    "alive": true,
    "name": "Yoel",
    "surname": "Coninc",
    "full name": "Yoel Coninc",
    "born this way": {
      "sexuality label": "straight",
      "sexuality": 0.115,
      "romantic interest": 0.625,
      "sex interest": 0.801,
      "gender expression": 0.217,
      "sex": "m"
    },
    "age": 51,
    "birth year": 1223,
    "sex": "m",
    "faction": "Zealots",
    "income class": [
      4,
      "nobility"
    ],
    "personality": {
      "lawful-chaotic": 0.767,
      "nice-nasty": 0.292,
      "honest-false": 0.999
    },
    "attitude": {
      "outgoing": 0.133,
      "dream": 0.46
    },
    "homsoc": {
      "means": {
        "independent": true,
        "taken_care_of": false,
        "caretaker": true,
        "needs_care": false,
        "flags": []
      },
      "expression": {
        "sexuality expression": 0.037,
        "gender expression expression": 0.216
      }
    },
    "network": {
      "parents": {
        "mother": "Atghardis (14803)",
        "father": "Lieuin (13474)"
      },
      "children": {},
      "relationship keys": {
        "parent": [
          25640,
          25641
        ],
        "sibling": [
          25642,
          26995,
          27558,
          30531,
          34649
        ],
        "nibling": [
          57150
        ]
      }
    },
    "occupation": {
      "has job": true,
      "income class": [
        4,
        "nobility"
      ],
      "income": 1.5990000000000002,
      "all_incomes": [
        0.964,
        1.02,
        1.084,
        1.151,
        1.266,
        1.373,
        1.487,
        1.5990000000000002,
        1.5990000000000002,
        1.5990000000000002,
        1.5990000000000002,
        1.5990000000000002,
        1.5990000000000002,
        1.5990000000000002,
        1.5990000000000002,
        1.5990000000000002,
        1.5990000000000002,
        1.5990000000000002,
        1.5990000000000002,
        1.5990000000000002,
        1.5990000000000002,
        1.5990000000000002,
        1.5890000000000002,
        1.5990000000000002,
        1.5990000000000002,
        1.5990000000000002,
        1.5990000000000002,
        1.5990000000000002,
        1.5990000000000002,
        1.5990000000000002,
        1.5990000000000002,
        1.5990000000000002,
        1.5990000000000002,
        1.5990000000000002,
        1.5990000000000002
      ],
      "job": {
        "lawful": true,
        "honest": true
      }
    },
    "genetics": {
      "skin_color": 6,
      "eye_color": "blue",
      "hair_color": "black",
      "hair_color_code": 0,
      "hair_type": [
        "S",
        "C"
      ],
      "health": 0.568,
      "fertility": 0.785,
      "communication_impaired": false,
      "mobility_impaired": false,
      "cognitive_impaired": false,
      "disabilities": []
    },
    "memory": {
      "health": {
        "1224": {
          "health": {
            "change": false,
            "value_change": 0.0,
            "new_health": 0.755
          },
          "death": false
        },
        "1274": {
          "health": {
            "change": true,
            "value_change": -0.187,
            "new_health": 0.568
          },
          "death": false
        }
      },
      "events": {
        "1223": [
          {
            "topic": "new home",
            "home": {
              "income class": 4,
              "income class label": "nobility",
              "section": "stMuurhuysen2.se1.c4",
              "street": "Muurhuysen2",
              "neighborhood": "cingelnoord",
              "unique id": 799
            }
          }
        ],
        "1225": [
          {
            "topic": "new relationship",
            "key": 26995,
            "people": [
              25639,
              26991
            ],
            "people names": [
              "Yoel Coninc",
              "Folqui Coninc"
            ],
            "people ages": [
              1,
              0
            ],
            "label": "sibling",
            "committed": false
          }
        ],
        "1226": [
          {
            "topic": "new relationship",
            "key": 27558,
            "people": [
              25639,
              27554
            ],
            "people names": [
              "Yoel Coninc",
              "Elyas\u0430"
            ],
            "people ages": [
              2,
              0
            ],
            "label": "sibling",
            "committed": false
          }
        ],
        "1229": [
          {
            "topic": "new relationship",
            "key": 30531,
            "people": [
              25639,
              30527
            ],
            "people names": [
              "Yoel Coninc",
              "Abben Coninc"
            ],
            "people ages": [
              5,
              0
            ],
            "label": "sibling",
            "committed": false
          },
          {
            "topic": "update",
            "update": "new friendship label",
            "relationship label": "parentchild",
            "friendship label": "disliked",
            "relationship": 25640
          }
        ],
        "1231": [
          {
            "topic": "update",
            "update": "new friendship label",
            "relationship label": "sibling",
            "friendship label": "indifferent",
            "relationship": 27558
          }
        ],
        "1232": [
          {
            "topic": "event",
            "event": "war",
            "year": 1232
          }
        ],
        "1233": [
          {
            "topic": "new relationship",
            "key": 34649,
            "people": [
              25639,
              34645
            ],
            "people names": [
              "Yoel Coninc",
              "Kerstine Coninc"
            ],
            "people ages": [
              9,
              0
            ],
            "label": "sibling",
            "committed": false
          }
        ],
        "1234": [
          {
            "topic": "update",
            "update": "new friendship label",
            "relationship label": "sibling",
            "friendship label": "indifferent",
            "relationship": 30531
          }
        ],
        "1237": [
          {
            "topic": "person died",
            "person": {
              "key": 26991,
              "name": "Folqui Coninc",
              "age": 12,
              "alive": false,
              "sex": "f",
              "parents": {
                "mother": "Atghardis (14803)",
                "father": "Lieuin (13474)"
              }
            },
            "cause": "illness",
            "label": "sibling"
          }
        ],
        "1239": [
          {
            "topic": "update",
            "update": "new friendship label",
            "relationship label": "parentchild",
            "friendship label": "indifferent",
            "relationship": 25640
          }
        ],
        "1240": [
          {
            "topic": "job notice",
            "notice": "found job",
            "income": 0.964
          },
          {
            "topic": "update",
            "update": "new friendship label",
            "relationship label": "sibling",
            "friendship label": "friend",
            "relationship": 25642
          }
        ],
        "1241": [
          {
            "topic": "job notice",
            "notice": "comfortable earnings",
            "income": 1.02
          }
        ],
        "1242": [
          {
            "topic": "person died",
            "person": {
              "key": 13474,
              "name": "Lieuin Coninc",
              "age": 42,
              "alive": false,
              "sex": "m",
              "parents": {
                "mother": "Sara (12281)",
                "father": "Ivone (12280)"
              }
            },
            "cause": "illness",