{
  "25714": {
    "alive": true,
    "name": "Willibrando",
    "surname": "Brusch",
    "full name": "Willibrando Brusch",
    "born this way": {
      "sexuality label": "bi",
      "sexuality": 0.32,
      "romantic interest": 0.606,
      "sex interest": 0.831,
      "gender expression": 0.172,
      "sex": "m"
    },
    "age": 43,
    "birth year": 1206,
    "sex": "m",
    "faction": "Dogmatists",
    "income class": [
      2,
      "middle class"
    ],
    "personality": {
      "lawful-chaotic": 0.566,
      "nice-nasty": 0.489,
      "honest-false": 0.427,
      "dream": 0.672,
      "outgoing": 0.917
    },
    "attitude": {
      "dream": 0.672,
      "outgoing": 0.917
    },
    "homsoc": {
      "means": {
        "independent": true,
        "taken_care_of": false,
        "caretaker": true,
        "needs_care": false,
        "flags": []
      },
      "expression": {
        "sexuality expression": 0.241,
        "gender expression expression": 0.065
      }
    },
    "network": {
      "parents": {
        "mother": "Heile (10046)",
        "father": "Eltetus (10045)"
      },
      "children": {},
      "relationship keys": {
        "parent": [
          25715,
          25716
        ],
        "sibling": [
          25717,
          29597,
          31668,
          32689,
          35387,
          39389,
          40872,
          42493
        ],
        "unrelated": [
          44190,
          56822
        ]
      }
    },
    "occupation": {
      "has job": true,
      "income class": [
        2,
        "middle class"
      ],
      "income": 0.9470000000000001,
      "all_incomes": [
        1.272,
        0.9570000000000001,
        0.8300000000000001,
        0.975,
        0.75,
        0.6960000000000001,
        0.49000000000000005,
        0.094,
        0.651,
        0.546,
        0.851,
        0.884,
        1.1589999999999998,
        1.1669999999999998,
        0.93,
        0.896,
        1.004,
        1.1889999999999998,
        1.2859999999999998,
        1.0459999999999998,
        0.923,
        0.897,
        1.0259999999999998,
        1.077,
        1.024,
        0.885,
        0.551,
        0.9470000000000001
      ],
      "job": {
        "lawful": true,
        "honest": false
      }
    },
    "genetics": {
      "skin_color": 9,
      "eye_color": "green",
      "hair_color": "black",
      "hair_color_code": 0,
      "hair_type": [
        "C",
        "C"
      ],
      "health": 0.67,
      "fertility": 0.704,
      "communication_impaired": false,
      "mobility_impaired": false,
      "cognitive_impaired": false,
      "disabilities": []
    },
    "memory": {
      "health": {
        "1207": {
          "health": {
            "change": false,
            "value_change": 0.0,
            "new_health": 0.67
          },
          "death": false
        }
      },
      "events": {
        "1206": [
          {
            "topic": "birth",
            "year": 1206
          },
          {
            "topic": "new relationship",
            "key": 25715,
            "people": [
              10045,
              25714
            ],
            "people names": [
              "Eltetus Brusch",
              "Willibrando Brusch"
            ],
            "people ages": [
              31,
              0
            ],
            "label": "parentchild",
            "committed": false
          },
          {
            "topic": "new relationship",
            "key": 25716,
            "people": [
              10046,
              25714
            ],
            "people names": [
              "Heile",
              "Willibrando Brusch"
            ],
            "people ages": [
              28,
              0
            ],
            "label": "parentchild",
            "committed": false
          },
          {
            "topic": "new relationship",
            "key": 25717,
            "people": [
              23548,
              25714
            ],
            "people names": [
              "Willibrando Brusch",
              "Willibrando Brusch"
            ],
            "people ages": [
              0,
              0
            ],
            "label": "sibling",
            "committed": false
          }
        ],
        "1208": [
          {
            "topic": "new relationship",
            "key": 29597,
            "people": [
              25714,
              29593
            ],
            "people names": [
              "Willibrando Brusch",
              "Sibrando Brusch"
            ],
            "people ages": [
              1,
              0
            ],
            "label": "sibling",
            "committed": false
          }
        ],
        "1209": [
          {
            "topic": "update",
            "update": "new friendship label",
            "relationship label": "sibling",
            "friendship label": "friend",
            "relationship": 25717
          },
          {
            "topic": "new relationship",
            "key": 31668,
            "people": [
              25714,
              31664
            ],
            "people names": [
              "Willibrando Brusch",
              "Butsel Brusch"
            ],
            "people ages": [
              2,
              0
            ],
            "label": "sibling",
            "committed": false
          }
        ],
        "1210": [
          {
            "topic": "new relationship",
            "key": 32689,
            "people": [
              25714,
              32685
            ],
            "people names": [
              "Willibrando Brusch",
              "Amelgeir Brusch"
            ],
            "people ages": [
              3,
              0
            ],
            "label": "sibling",
            "committed": false
          }
        ],
        "1211": [
          {
            "topic": "update",
            "update": "new friendship label",
            "relationship label": "parentchild",
            "friendship label": "indifferent",
            "relationship": 25716
          },
          {
            "topic": "new relationship",
            "key": 35387,
            "people": [
              25714,
              35383
            ],
            "people names": [
              "Willibrando Brusch",
              "Folpertus Eltetusszoon"
            ],
            "people ages": [
              5,
              0
            ],
            "label": "sibling",
            "committed": false
          },
          {
            "topic": "person died",
            "person": {
              "key": 29593,
              "name": "Sibrando Brusch",
              "age": 3,
              "alive": false,
              "sex": "m",
              "parents": {
                "mother": "Heile (10046)",
                "father": "Eltetus (10045)"
              }
            },
            "cause": "childhood illness",
            "friendship label": "indifferent",
            "label": "sibling"
          }
        ],
        "1212": [
          {
            "topic": "update",
            "update": "new friendship label",
            "relationship label": "sibling",
            "friendship label": "friend",
            "relationship": 25717
          }
        ],
        "1213": [
          {
            "topic": "update",
            "update": "new friendship label",
            "relationship label": "sibling",
            "friendship label": "friend",
            "relationship": 25717
          }
        ],
        "1214": [
          {
            "topic": "update",
            "update": "new friendship label",
            "relationship label": "parentchild",
            "friendship label": "friend",
            "relationship": 25715
          },
          {
            "topic": "new relationship",
            "key": 39389,
            "people": [
              25714,
              39385
            ],