{
  "25718": {
    "alive": true,
    "name": "Bollarde",
    "surname": "Oer",
    "full name": "Bollarde Oer",
    "born this way": {
      "sexuality label": "gay",
      "sexuality": 0.858,
      "romantic interest": 0.989,
      "sex interest": 0.685,
      "gender expression": 0.0,
      "sex": "m"
    },
    "age": 43,
    "birth year": 1206,
    "sex": "m",
    "faction": "Zealots",
    "income class": [
      2,
      "middle class"
    ],
    "personality": {
      "lawful-chaotic": 0.77,
      "nice-nasty": 0.081,
      "honest-false": 0.421,
      "dream": 0.11,
      "outgoing": 0.541
    },
    "attitude": {
      "dream": 0.11,
      "outgoing": 0.541
    },
    "homsoc": {
      "means": {
        "independent": false,
        "taken_care_of": false,
        "caretaker": true,
        "needs_care": false,
        "flags": [
          "starving"
        ]
      },
      "expression": {
        "sexuality expression": 0.648,
        "gender expression expression": -0.001
      }
    },
    "network": {
      "parents": {
        "mother": "Hille (10508)",
        "father": "Diddekin (10507)"
      },
      "children": {},
      "relationship keys": {
        "parent": [
          25719,
          25720
        ],
        "sibling": [
          25721,
          25722,
          29630,
          31359,
          35504
        ]
      }
    },
    "occupation": {
      "has job": true,
      "income class": [
        2,
        "middle class"
      ],
      "income": 0.42500000000000004,
      "all_incomes": [
        0.789,
        0.639,
        0.5710000000000001,
        0.258,
        0.33,
        0.502,
        0.269,
        0.08,
        0.099,
        0.025,
        0.025,
        0.051000000000000004,
        0.158,
        0.375,
        0.54,
        0.28900000000000003,
        0.091,
        0.189,
        0.34800000000000003,
        0.36300000000000004,
        0.41100000000000003,
        0.9470000000000001,
        0.736,
        0.8370000000000001,
        0.5840000000000001,
        0.528,
        0.42500000000000004
      ],
      "job": {
        "lawful": true,
        "honest": false
      }
    },
    "genetics": {
      "skin_color": 2,
      "eye_color": "brown",
      "hair_color": "blonde",
      "hair_color_code": 4,
      "hair_type": [
        "S",
        "S"
      ],
      "health": 0.73,
      "fertility": 0.745,
      "communication_impaired": false,
      "mobility_impaired": false,
      "cognitive_impaired": false,
      "disabilities": []
    },
    "memory": {
      "health": {
        "1207": {
          "health": {
            "change": false,
            "value_change": 0.0,
            "new_health": 0.73
          },
          "death": false
        }
      },
      "events": {
        "1206": [
          {
            "topic": "birth",
            "year": 1206
          },
          {
            "topic": "new relationship",
            "key": 25719,
            "people": [
              10507,
              25718
            ],
            "people names": [
              "Diddekin Oer",
              "Bollarde Oer"
            ],
            "people ages": [
              44,
              0
            ],
            "label": "parentchild",
            "committed": false
          },
          {
            "topic": "new relationship",
            "key": 25720,
            "people": [
              10508,
              25718
            ],
            "people names": [
              "Hille",
              "Bollarde Oer"
            ],
            "people ages": [
              28,
              0
            ],
            "label": "parentchild",
            "committed": false
          },
          {
            "topic": "new relationship",
            "key": 25721,
            "people": [
              22451,
              25718
            ],
            "people names": [
              "Amelgeir Oer",
              "Bollarde Oer"
            ],
            "people ages": [
              1,
              0
            ],
            "label": "sibling",
            "committed": false
          },
          {
            "topic": "new relationship",
            "key": 25722,
            "people": [
              24161,
              25718
            ],
            "people names": [
              "Hughe Oer",
              "Bollarde Oer"
            ],
            "people ages": [
              1,
              0
            ],
            "label": "sibling",
            "committed": false
          }
        ],
        "1207": [
          {
            "topic": "update",
            "update": "new friendship label",
            "relationship label": "parentchild",
            "friendship label": "indifferent",
            "relationship": 25720
          }
        ],
        "1208": [
          {
            "topic": "new relationship",
            "key": 29630,
            "people": [
              25718,
              29625
            ],
            "people names": [
              "Bollarde Oer",
              "Loduicus Oer"
            ],
            "people ages": [
              2,
              0
            ],
            "label": "sibling",
            "committed": false
          },
          {
            "topic": "update",
            "update": "new friendship label",
            "relationship label": "sibling",
            "friendship label": "friend",
            "relationship": 25722
          }
        ],
        "1209": [
          {
            "topic": "new relationship",
            "key": 31359,
            "people": [
              25718,
              31354
            ],
            "people names": [
              "Bollarde Oer",
              "Liudburgis Oer"
            ],
            "people ages": [
              2,
              0
            ],
            "label": "sibling",
            "committed": false
          }
        ],
        "1211": [
          {
            "topic": "new relationship",
            "key": 35504,
            "people": [
              25718,
              35499
            ],
            "people names": [
              "Bollarde Oer",
              "Rabburgis Oer"
            ],
            "people ages": [
              5,
              0
            ],
            "label": "sibling",
            "committed": false
          },
          {
            "topic": "person died",
            "person": {
              "key": 10508,
              "name": "Hille",
              "age": 33,
              "alive": false,
              "sex": "f",
              "parents": "firstgen"
            },
            "cause": "illness",
            "friendship label": "indifferent",
            "label": "parent"
          }
        ],
        "1212": [
          {
            "topic": "update",
            "update": "new friendship label",
            "relationship label": "sibling",
            "friendship label": "friend",
            "relationship": 29630
          }
        ],
        "1215": [
          {
            "topic": "event",
            "event": "plague",
            "year": 1215
          },
          {
            "topic": "update",
            "update": "new friendship label",
            "relationship label": "sibling",
            "friendship label": "friend",
            "relationship": 35504
          }
        ],
        "1216": [
          {
            "topic": "update",
            "update": "new friendship label",
            "relationship label": "sibling",
            "friendship label": "friend",
            "relationship": 25722
          },
          {
            "topic": "person died",
            "person": {
              "key": 10507,
              "name": "Diddekin Oer",
              "age": 54,
              "alive": false,
              "sex": "m",
              "parents": "firstgen"
            },
            "cause": "sickness",
            "friendship label": "friend",