{
  "26178": {
    "alive": false,
    "name": "Denijs",
    "surname": "van Oderada",
    "full name": "Denijs van Oderada",
    "born this way": {
      "sexuality label": "straight",
      "sexuality": 0.078,
      "romantic interest": 0.675,
      "sex interest": 0.735,
      "gender expression": 0.13,
      "sex": "m"
    },
    "age": 30,
    "birth year": 1224,
    "sex": "m",
    "faction": "Dogmatists",
    "income class": [
      3,
      "upper middle class"
    ],
    "personality": {
      "lawful-chaotic": 0.999,
      "nice-nasty": 0.534,
      "honest-false": 0.152
    },
    "attitude": {
      "outgoing": 0.343,
      "dream": 0.561
    },
    "homsoc": {
      "means": {
        "independent": true,
        "taken_care_of": false,
        "caretaker": true,
        "needs_care": false,
        "flags": []
      },
      "expression": {
        "sexuality expression": 0.038,
        "gender expression expression": 0.072
      }
    },
    "network": {
      "parents": {
        "mother": "Oderada (13330)",
        "father": "Geykonis (13075)"
      },
      "children": {},
      "relationship keys": {
        "parent": [
          26179,
          26180
        ],
        "sibling": [
          26181,
          26182,
          30991,
          37554,
          41370
        ],
        "grandparent": [
          26757
        ],
        "spouse": [
          45254
        ],
        "nibling": [
          45347,
          46212,
          46217,
          47154,
          47159,
          48292,
          49436,
          50684,
          52094,
          55323
        ]
      }
    },
    "occupation": {
      "has job": true,
      "income class": [
        3,
        "upper middle class"
      ],
      "income": 1.5490000000000002,
      "all_incomes": [
        1.075,
        1.1380000000000001,
        1.2690000000000001,
        1.5490000000000002,
        1.5490000000000002,
        1.311,
        1.5490000000000002,
        1.5490000000000002,
        1.5490000000000002,
        1.5490000000000002,
        1.5490000000000002,
        1.459,
        1.457,
        1.5490000000000002,
        1.5490000000000002
      ],
      "job": {
        "lawful": true,
        "honest": false
      }
    },
    "genetics": {
      "skin_color": 4,
      "eye_color": "blue",
      "hair_color": "black",
      "hair_color_code": 0,
      "hair_type": [
        "C",
        "S"
      ],
      "health": 0.699,
      "fertility": 0.685,
      "communication_impaired": false,
      "mobility_impaired": false,
      "cognitive_impaired": false,
      "disabilities": []
    },
    "memory": {
      "health": {
        "1225": {
          "health": {
            "change": false,
            "value_change": 0.0,
            "new_health": 0.699
          },
          "death": false
        }
      },
      "events": {
        "1224": [
          {
            "topic": "new home",
            "home": {
              "income class": 3,
              "income class label": "upper middle class",
              "section": "stDie lange straet3.se7.c3",
              "street": "Die lange straet3",
              "neighborhood": "visbuurt",
              "unique id": 701
            }
          }
        ],
        "1229": [
          {
            "topic": "new relationship",
            "key": 30991,
            "people": [
              26178,
              30986
            ],
            "people names": [
              "Denijs van Oderada",
              "Eghenonis"
            ],
            "people ages": [
              5,
              0
            ],
            "label": "sibling",
            "committed": false
          }
        ],
        "1232": [
          {
            "topic": "event",
            "event": "war",
            "year": 1232
          },
          {
            "topic": "update",
            "update": "new friendship label",
            "relationship label": "sibling",
            "friendship label": "disliked",
            "relationship": 26181
          }
        ],
        "1233": [
          {
            "topic": "update",
            "update": "new friendship label",
            "relationship label": "sibling",
            "friendship label": "disliked",
            "relationship": 30991
          }
        ],
        "1236": [
          {
            "topic": "update",
            "update": "new friendship label",
            "relationship label": "parentchild",
            "friendship label": "disliked",
            "relationship": 26179
          },
          {
            "topic": "new relationship",
            "key": 37554,
            "people": [
              26178,
              37549
            ],
            "people names": [
              "Denijs van Oderada",
              "Imsoete van Geykonis"
            ],
            "people ages": [
              11,
              0
            ],
            "label": "sibling",
            "committed": false
          }
        ],
        "1237": [
          {
            "topic": "update",
            "update": "new friendship label",
            "relationship label": "parentchild",
            "friendship label": "indifferent",
            "relationship": 26179
          }
        ],
        "1240": [
          {
            "topic": "job notice",
            "notice": "found job",
            "income": 1.075
          }
        ],
        "1241": [
          {
            "topic": "new relationship",
            "key": 41370,
            "people": [
              26178,
              41365
            ],
            "people names": [
              "Denijs van Oderada",
              "Wijfgode van Oderada"
            ],
            "people ages": [
              16,
              0
            ],
            "label": "sibling",
            "committed": false
          }
        ],
        "1242": [
          {
            "topic": "update",
            "update": "new friendship label",
            "relationship label": "sibling",
            "friendship label": "enemy",
            "relationship": 26181
          },
          {
            "topic": "update",
            "update": "new friendship label",
            "relationship label": "sibling",
            "friendship label": "indifferent",
            "relationship": 37554
          }
        ],
        "1243": [
          {
            "topic": "person died",
            "person": {
              "key": 13075,
              "name": "Geykonis",
              "age": 43,
              "alive": false,
              "sex": "m",
              "parents": {
                "mother": "Badeloghen (11780)",
                "father": "Werenboud (11779)"
              }
            },
            "cause": "illness",
            "label": "parent"
          }
        ],
        "1245": [
          {
            "topic": "new relationship",
            "key": 45254,
            "people": [
              26178,
              30879
            ],
            "people names": [
              "Denijs van Oderada",
              "Lenildis Vaken"
            ],
            "people ages": [
              21,
              16
            ],
            "label": "spouse",
            "committed": true
          },
          {
            "topic": "new relationship",
            "key": 45347,
            "people": [
              26178,
              44100
            ],
            "people names": [
              "Denijs van Oderada",
              "Otto Bernardusszoon"
            ],
            "people ages": [
              21,
              1
            ],
            "label": "nibling",
            "committed": false
          }
        ],
        "1246": [
          {
            "topic": "new relationship",
            "key": 46212,
            "people": [
              26178,
              44915
            ],
            "people names": [
              "Denijs van Oderada",
              "Amelgeir"
            ],