{
  "26199": {
    "alive": false,
    "name": "Gerburgis",
    "surname": "Blonde",
    "full name": "Gerburgis Blonde",
    "born this way": {
      "sexuality label": "straight",
      "sexuality": 0.013,
      "romantic interest": 0.758,
      "sex interest": 0.544,
      "gender expression": 0.0,
      "sex": "f"
    },
    "age": 35,
    "birth year": 1206,
    "sex": "f",
    "faction": "No religion",
    "income class": [
      4,
      "nobility"
    ],
    "personality": {
      "lawful-chaotic": 0.525,
      "nice-nasty": 0.523,
      "honest-false": 0.892,
      "dream": 0.295,
      "outgoing": 0.948
    },
    "attitude": {
      "dream": 0.295,
      "outgoing": 0.948
    },
    "homsoc": {
      "means": {
        "independent": true,
        "taken_care_of": false,
        "caretaker": true,
        "needs_care": false,
        "flags": []
      },
      "expression": {
        "sexuality expression": 0.01,
        "gender expression expression": -0.001
      }
    },
    "network": {
      "parents": {
        "mother": "Kerstine (11714)",
        "father": "Snelle (11713)"
      },
      "children": {},
      "relationship keys": {
        "parent": [
          26200,
          26201
        ],
        "sibling": [
          26202,
          26203,
          30324,
          31954,
          32758,
          35282
        ],
        "unrelated": [
          40589,
          43713,
          45369,
          46947,
          51960,
          56739,
          58328,
          63141,
          65728
        ]
      }
    },
    "occupation": {
      "has job": true,
      "income class": [
        4,
        "nobility"
      ],
      "income": 1.5990000000000002,
      "all_incomes": [
        1.012,
        1.106,
        1.1280000000000001,
        1.177,
        1.4280000000000002,
        1.5570000000000002,
        1.4440000000000002,
        1.491,
        1.5990000000000002,
        1.5990000000000002,
        1.5990000000000002,
        1.5990000000000002,
        1.5990000000000002,
        1.5990000000000002,
        1.5990000000000002,
        1.5990000000000002
      ],
      "job": {
        "lawful": false,
        "honest": true
      }
    },
    "genetics": {
      "skin_color": 3,
      "eye_color": "blue",
      "hair_color": "black",
      "hair_color_code": 0,
      "hair_type": [
        "S",
        "C"
      ],
      "health": 0.751,
      "fertility": 0.739,
      "communication_impaired": false,
      "mobility_impaired": false,
      "cognitive_impaired": false,
      "disabilities": []
    },
    "memory": {
      "health": {
        "1207": {
          "health": {
            "change": false,
            "value_change": 0.0,
            "new_health": 0.751
          },
          "death": false
        },
        "1241": {
          "health": {
            "change": false,
            "value_change": 0.0,
            "new_health": 0.751
          },
          "death": true
        }
      },
      "events": {
        "1206": [
          {
            "topic": "birth",
            "year": 1206
          },
          {
            "topic": "new relationship",
            "key": 26200,
            "people": [
              11713,
              26199
            ],
            "people names": [
              "Snelle Blonde",
              "Gerburgis Blonde"
            ],
            "people ages": [
              49,
              0
            ],
            "label": "parentchild",
            "committed": false
          },
          {
            "topic": "new relationship",
            "key": 26201,
            "people": [
              11714,
              26199
            ],
            "people names": [
              "Kerstine Rike",
              "Gerburgis Blonde"
            ],
            "people ages": [
              33,
              0
            ],
            "label": "parentchild",
            "committed": false
          },
          {
            "topic": "new relationship",
            "key": 26202,
            "people": [
              13447,
              26199
            ],
            "people names": [
              "Sywi Blonde",
              "Gerburgis Blonde"
            ],
            "people ages": [
              5,
              0
            ],
            "label": "sibling",
            "committed": false
          },
          {
            "topic": "new relationship",
            "key": 26203,
            "people": [
              24405,
              26199
            ],
            "people names": [
              "Sifridus Blonde",
              "Gerburgis Blonde"
            ],
            "people ages": [
              1,
              0
            ],
            "label": "sibling",
            "committed": false
          }
        ],
        "1207": [
          {
            "topic": "update",
            "update": "new friendship label",
            "relationship label": "sibling",
            "friendship label": "friend",
            "relationship": 26202
          }
        ],
        "1208": [
          {
            "topic": "new relationship",
            "key": 30324,
            "people": [
              26199,
              30319
            ],
            "people names": [
              "Gerburgis Blonde",
              "Hodine Blonde"
            ],
            "people ages": [
              1,
              0
            ],
            "label": "sibling",
            "committed": false
          },
          {
            "topic": "update",
            "update": "new friendship label",
            "relationship label": "parentchild",
            "friendship label": "indifferent",
            "relationship": 26201
          }
        ],
        "1209": [
          {
            "topic": "new relationship",
            "key": 31954,
            "people": [
              26199,
              31949
            ],
            "people names": [
              "Gerburgis Blonde",
              "Rolant Blonde"
            ],
            "people ages": [
              3,
              0
            ],
            "label": "sibling",
            "committed": false
          },
          {
            "topic": "person died",
            "person": {
              "key": 30319,
              "name": "Hodine Blonde",
              "age": 1,
              "alive": false,
              "sex": "f",
              "parents": {
                "mother": "Kerstine (11714)",
                "father": "Snelle (11713)"
              }
            },
            "cause": "childbirth",
            "friendship label": "friend",
            "label": "sibling"
          }
        ],
        "1210": [
          {
            "topic": "update",
            "update": "new friendship label",
            "relationship label": "parentchild",
            "friendship label": "indifferent",
            "relationship": 26201
          },
          {
            "topic": "new relationship",
            "key": 32758,
            "people": [
              26199,
              32753
            ],
            "people names": [
              "Gerburgis Blonde",
              "Trame Blonde"
            ],
            "people ages": [
              3,
              0
            ],
            "label": "sibling",
            "committed": false
          }
        ],
        "1211": [
          {
            "topic": "new relationship",
            "key": 35282,
            "people": [
              26199,
              35277
            ],
            "people names": [
              "Gerburgis Blonde",
              "Reymodis Blonde"
            ],
            "people ages": [
              5,
              0
            ],
            "label": "sibling",
            "committed": false
          }
        ],
        "1212": [
          {
            "topic": "person died",
            "person": {
              "key": 11713,
              "name": "Snelle Blonde",
              "age": 56,