{
  "26239": {
    "alive": true,
    "name": "Godelief",
    "surname": "Magnus",
    "full name": "Godelief Magnus",
    "born this way": {
      "sexuality label": "straight",
      "sexuality": 0.09,
      "romantic interest": 0.999,
      "sex interest": 0.44,
      "gender expression": 0.181,
      "sex": "m"
    },
    "age": 43,
    "birth year": 1206,
    "sex": "m",
    "faction": "Zealots",
    "income class": [
      3,
      "upper middle class"
    ],
    "personality": {
      "lawful-chaotic": 0.999,
      "nice-nasty": 0.795,
      "honest-false": 0.381,
      "dream": 0.794,
      "outgoing": 0.174
    },
    "attitude": {
      "dream": 0.794,
      "outgoing": 0.174
    },
    "homsoc": {
      "means": {
        "independent": true,
        "taken_care_of": false,
        "caretaker": true,
        "needs_care": false,
        "flags": []
      },
      "expression": {
        "sexuality expression": 0.054,
        "gender expression expression": 0.18
      }
    },
    "network": {
      "parents": {
        "mother": "Ricmoden (12623)",
        "father": "Sanse (12622)"
      },
      "children": {},
      "relationship keys": {
        "parent": [
          26240,
          26241
        ],
        "sibling": [
          26242,
          26243,
          26244,
          27340,
          35958
        ]
      }
    },
    "occupation": {
      "has job": true,
      "income class": [
        3,
        "upper middle class"
      ],
      "income": 1.303,
      "all_incomes": [
        1.291,
        1.444,
        1.5490000000000002,
        1.237,
        1.313,
        1.5490000000000002,
        1.5490000000000002,
        1.5490000000000002,
        1.5490000000000002,
        1.417,
        1.5490000000000002,
        1.5490000000000002,
        1.5490000000000002,
        1.5490000000000002,
        1.494,
        1.447,
        1.5490000000000002,
        1.5490000000000002,
        1.506,
        1.5490000000000002,
        1.5490000000000002,
        1.522,
        1.5490000000000002,
        1.5490000000000002,
        1.258,
        1.359,
        1.389,
        1.303
      ],
      "job": {
        "lawful": true,
        "honest": false
      }
    },
    "genetics": {
      "skin_color": 4,
      "eye_color": "brown",
      "hair_color": "black",
      "hair_color_code": 0,
      "hair_type": [
        "S",
        "S"
      ],
      "health": 0.739,
      "fertility": 0.707,
      "communication_impaired": false,
      "mobility_impaired": false,
      "cognitive_impaired": false,
      "disabilities": []
    },
    "memory": {
      "health": {
        "1207": {
          "health": {
            "change": false,
            "value_change": 0.0,
            "new_health": 0.739
          },
          "death": false
        }
      },
      "events": {
        "1206": [
          {
            "topic": "birth",
            "year": 1206
          },
          {
            "topic": "new relationship",
            "key": 26240,
            "people": [
              12622,
              26239
            ],
            "people names": [
              "Sanse Magnus",
              "Godelief Magnus"
            ],
            "people ages": [
              52,
              0
            ],
            "label": "parentchild",
            "committed": false
          },
          {
            "topic": "new relationship",
            "key": 26241,
            "people": [
              12623,
              26239
            ],
            "people names": [
              "Ricmoden Ickbier",
              "Godelief Magnus"
            ],
            "people ages": [
              35,
              0
            ],
            "label": "parentchild",
            "committed": false
          },
          {
            "topic": "new relationship",
            "key": 26242,
            "people": [
              14458,
              26239
            ],
            "people names": [
              "Gisekin Magnus",
              "Godelief Magnus"
            ],
            "people ages": [
              6,
              0
            ],
            "label": "sibling",
            "committed": false
          },
          {
            "topic": "new relationship",
            "key": 26243,
            "people": [
              17675,
              26239
            ],
            "people names": [
              "Flore",
              "Godelief Magnus"
            ],
            "people ages": [
              3,
              0
            ],
            "label": "sibling",
            "committed": false
          },
          {
            "topic": "new relationship",
            "key": 26244,
            "people": [
              18863,
              26239
            ],
            "people names": [
              "Marie Magnus",
              "Godelief Magnus"
            ],
            "people ages": [
              3,
              0
            ],
            "label": "sibling",
            "committed": false
          }
        ],
        "1207": [
          {
            "topic": "new relationship",
            "key": 27340,
            "people": [
              26239,
              27334
            ],
            "people names": [
              "Godelief Magnus",
              "Oda Magnus"
            ],
            "people ages": [
              0,
              0
            ],
            "label": "sibling",
            "committed": false
          },
          {
            "topic": "update",
            "update": "new friendship label",
            "relationship label": "sibling",
            "friendship label": "friend",
            "relationship": 26242
          }
        ],
        "1208": [
          {
            "topic": "update",
            "update": "new friendship label",
            "relationship label": "parentchild",
            "friendship label": "indifferent",
            "relationship": 26241
          },
          {
            "topic": "update",
            "update": "new friendship label",
            "relationship label": "sibling",
            "friendship label": "indifferent",
            "relationship": 26244
          }
        ],
        "1210": [
          {
            "topic": "update",
            "update": "new friendship label",
            "relationship label": "sibling",
            "friendship label": "friend",
            "relationship": 26242
          }
        ],
        "1212": [
          {
            "topic": "new relationship",
            "key": 35958,
            "people": [
              26239,
              35952
            ],
            "people names": [
              "Godelief Magnus",
              "Ghisebrecht Magnus"
            ],
            "people ages": [
              5,
              0
            ],
            "label": "sibling",
            "committed": false
          },
          {
            "topic": "person died",
            "person": {
              "key": 12622,
              "name": "Sanse Magnus",
              "age": 59,
              "alive": false,
              "sex": "m",
              "parents": "firstgen"
            },
            "cause": "sickness",
            "friendship label": "friend",
            "label": "parent"
          }
        ],
        "1213": [
          {
            "topic": "update",
            "update": "new friendship label",
            "relationship label": "sibling",
            "friendship label": "friend",
            "relationship": 27340
          }
        ],
        "1214": [
          {
            "topic": "update",
            "update": "new friendship label",
            "relationship label": "sibling",
            "friendship label": "friend",
            "relationship": 26242
          }
        ],
        "1215": [
          {
            "topic": "event",
            "event": "plague",
            "year": 1215
          },
          {
            "topic": "update",