{
  "26270": {
    "alive": false,
    "name": "Mauricius",
    "surname": "Hont",
    "full name": "Mauricius Hont",
    "born this way": {
      "sexuality label": "bi",
      "sexuality": 0.47,
      "romantic interest": 0.937,
      "sex interest": 0.982,
      "gender expression": 0.212,
      "sex": "m"
    },
    "age": 40,
    "birth year": 1224,
    "sex": "m",
    "faction": "No religion",
    "income class": [
      2,
      "middle class"
    ],
    "personality": {
      "lawful-chaotic": 0.999,
      "nice-nasty": 0.759,
      "honest-false": 0.587
    },
    "attitude": {
      "outgoing": 0.454,
      "dream": 0.432
    },
    "homsoc": {
      "means": {
        "independent": true,
        "taken_care_of": false,
        "caretaker": true,
        "needs_care": false,
        "flags": []
      },
      "expression": {
        "sexuality expression": 0.392,
        "gender expression expression": 0.076
      }
    },
    "network": {
      "parents": {
        "mother": "Bertrade (11543)",
        "father": "Hubrecht (10009)"
      },
      "children": {},
      "relationship keys": {
        "parent": [
          26271,
          26272
        ],
        "sibling": [
          26273
        ],
        "half-sibling": [
          26489,
          26490,
          26491,
          26649,
          26650,
          26651,
          26652
        ],
        "auncle": [
          27321
        ],
        "nibling": [
          31054
        ],
        "spouse": [
          56951
        ]
      }
    },
    "occupation": {
      "has job": true,
      "income class": [
        2,
        "middle class"
      ],
      "income": 1.1509999999999998,
      "all_incomes": [
        1.004,
        1.073,
        1.02,
        1.0939999999999999,
        1.109,
        1.15,
        1.0999999999999999,
        1.135,
        1.1589999999999998,
        1.138,
        1.135,
        1.1949999999999998,
        1.319,
        1.273,
        1.119,
        1.0979999999999999,
        1.085,
        1.103,
        1.1059999999999999,
        1.0959999999999999,
        1.1199999999999999,
        1.123,
        1.154,
        1.1509999999999998
      ],
      "job": {
        "lawful": true,
        "honest": true
      }
    },
    "genetics": {
      "skin_color": 2,
      "eye_color": "brown",
      "hair_color": "brown",
      "hair_color_code": 2,
      "hair_type": [
        "C",
        "S"
      ],
      "health": 0.451,
      "fertility": 0.694,
      "communication_impaired": false,
      "mobility_impaired": false,
      "cognitive_impaired": false,
      "disabilities": []
    },
    "memory": {
      "health": {
        "1225": {
          "health": {
            "change": false,
            "value_change": 0.0,
            "new_health": 0.711
          },
          "death": false
        },
        "1243": {
          "health": {
            "change": true,
            "value_change": -0.26,
            "new_health": 0.451
          },
          "death": false
        },
        "1244": {
          "health": {
            "change": false,
            "value_change": 0.0,
            "new_health": 0.451
          },
          "death": false
        },
        "1264": {
          "health": {
            "change": false,
            "value_change": 0.0,
            "new_health": 0.451
          },
          "death": true
        }
      },
      "events": {
        "1224": [
          {
            "topic": "new home",
            "home": {
              "income class": 2,
              "income class label": "middle class",
              "section": "stUterechse straet.se1.c2",
              "street": "Uterechse straet",
              "neighborhood": "varkensbuurt",
              "unique id": 4
            }
          }
        ],
        "1225": [
          {
            "topic": "update",
            "update": "new friendship label",
            "relationship label": "parentchild",
            "friendship label": "disliked",
            "relationship": 26272
          },
          {
            "topic": "new relationship",
            "key": 27321,
            "people": [
              26270,
              26183
            ],
            "people names": [
              "Mauricius Hont",
              "Bel Coc"
            ],
            "people ages": [
              1,
              1
            ],
            "label": "auncle",
            "committed": false
          }
        ],
        "1227": [
          {
            "topic": "update",
            "update": "new friendship label",
            "relationship label": "half-sibling",
            "friendship label": "indifferent",
            "relationship": 26652
          },
          {
            "topic": "person died",
            "person": {
              "key": 11543,
              "name": "Bertrade Scelwart",
              "age": 48,
              "alive": false,
              "sex": "f",
              "parents": "firstgen"
            },
            "cause": "illness",
            "label": "parent"
          }
        ],
        "1228": [
          {
            "topic": "update",
            "update": "new friendship label",
            "relationship label": "parentchild",
            "friendship label": "friend",
            "relationship": 26271
          }
        ],
        "1229": [
          {
            "topic": "new relationship",
            "key": 31054,
            "people": [
              26270,
              29488
            ],
            "people names": [
              "Mauricius Hont",
              "Stephanus Hont"
            ],
            "people ages": [
              5,
              1
            ],
            "label": "nibling",
            "committed": false
          }
        ],
        "1230": [
          {
            "topic": "person died",
            "person": {
              "key": 10009,
              "name": "Hubrecht Hont",
              "age": 53,
              "alive": false,
              "sex": "m",
              "parents": "firstgen"
            },
            "cause": "old age",
            "label": "parent"
          },
          {
            "topic": "person died",
            "person": {
              "key": 22336,
              "name": "Alard Hont",
              "age": 16,
              "alive": false,
              "sex": "m",
              "parents": {
                "mother": "Bertrade (11543)",
                "father": "Hubrecht (10009)"
              }
            },
            "cause": "illness",
            "label": "sibling"
          }
        ],
        "1232": [
          {
            "topic": "event",
            "event": "war",
            "year": 1232
          },
          {
            "topic": "update",
            "update": "new friendship label",
            "relationship label": "half-sibling",
            "friendship label": "indifferent",
            "relationship": 26649
          },
          {
            "topic": "update",
            "update": "new friendship label",
            "relationship label": "half-sibling",
            "friendship label": "friend",
            "relationship": 26491
          },
          {
            "topic": "update",
            "update": "new friendship label",
            "relationship label": "half-sibling",
            "friendship label": "indifferent",
            "relationship": 26651
          },
          {
            "topic": "person died",
            "person": {
              "key": 18554,
              "name": "Woutgerus Coc",
              "age": 25,
              "alive": false,
              "sex": "m",
              "parents": {
                "mother": "Bertrade (11543)",
                "father": "Reymar (11542)"
              }
            },
            "cause": "illness",
            "label": "half-sibling"
          }
        ],
        "1233": [
          {
            "topic": "update",
            "update": "new friendship label",