{
  "28117": {
    "alive": false,
    "name": "Wolbrand",
    "surname": "van Leanne",
    "full name": "Wolbrand van Leanne",
    "born this way": {
      "sexuality label": "gay",
      "sexuality": 0.87,
      "romantic interest": 0.665,
      "sex interest": 0.563,
      "gender expression": 0.228,
      "sex": "m"
    },
    "age": 42,
    "birth year": 1207,
    "sex": "m",
    "faction": "No religion",
    "income class": [
      3,
      "upper middle class"
    ],
    "personality": {
      "lawful-chaotic": 0.121,
      "nice-nasty": 0.746,
      "honest-false": 0.623,
      "dream": 0.762,
      "outgoing": 0.752
    },
    "attitude": {
      "dream": 0.762,
      "outgoing": 0.752
    },
    "homsoc": {
      "means": {
        "independent": true,
        "taken_care_of": false,
        "caretaker": true,
        "needs_care": false,
        "flags": []
      },
      "expression": {
        "sexuality expression": 0.634,
        "gender expression expression": 0.103
      }
    },
    "network": {
      "parents": {
        "mother": "Leanne (11738)",
        "father": "Moys (11737)"
      },
      "children": {},
      "relationship keys": {
        "parent": [
          28118,
          28119
        ],
        "sibling": [
          28120,
          28121,
          28122,
          28123
        ],
        "unrelated": [
          64479
        ]
      }
    },
    "occupation": {
      "has job": true,
      "income class": [
        3,
        "upper middle class"
      ],
      "income": 1.223,
      "all_incomes": [
        1.289,
        1.5210000000000001,
        1.514,
        1.5490000000000002,
        1.4160000000000001,
        1.5490000000000002,
        1.5490000000000002,
        1.5490000000000002,
        1.373,
        1.321,
        1.016,
        1.302,
        0.8370000000000001,
        1.083,
        1.041,
        1.5290000000000001,
        0.759,
        1.019,
        0.922,
        1.065,
        1.1560000000000001,
        0.905,
        1.457,
        1.5490000000000002,
        1.5390000000000001,
        1.359,
        1.223
      ],
      "job": {
        "lawful": false,
        "honest": false
      }
    },
    "genetics": {
      "skin_color": 3,
      "eye_color": "brown",
      "hair_color": "dark brown",
      "hair_color_code": 1,
      "hair_type": [
        "S",
        "S"
      ],
      "health": 0.767,
      "fertility": 0.678,
      "communication_impaired": false,
      "mobility_impaired": false,
      "cognitive_impaired": false,
      "disabilities": []
    },
    "memory": {
      "health": {
        "1208": {
          "health": {
            "change": false,
            "value_change": 0.0,
            "new_health": 0.767
          },
          "death": false
        },
        "1249": {
          "health": {
            "change": false,
            "value_change": 0.0,
            "new_health": 0.767
          },
          "death": true
        }
      },
      "events": {
        "1207": [
          {
            "topic": "birth",
            "year": 1207
          },
          {
            "topic": "new relationship",
            "key": 28118,
            "people": [
              11737,
              28117
            ],
            "people names": [
              "Moys",
              "Wolbrand van Leanne"
            ],
            "people ages": [
              48,
              0
            ],
            "label": "parentchild",
            "committed": false
          },
          {
            "topic": "new relationship",
            "key": 28119,
            "people": [
              11738,
              28117
            ],
            "people names": [
              "Leanne Bastart",
              "Wolbrand van Leanne"
            ],
            "people ages": [
              38,
              0
            ],
            "label": "parentchild",
            "committed": false
          },
          {
            "topic": "new relationship",
            "key": 28120,
            "people": [
              12883,
              28117
            ],
            "people names": [
              "Waldrada van Leanne",
              "Wolbrand van Leanne"
            ],
            "people ages": [
              7,
              0
            ],
            "label": "sibling",
            "committed": false
          },
          {
            "topic": "new relationship",
            "key": 28121,
            "people": [
              17931,
              28117
            ],
            "people names": [
              "Blomart",
              "Wolbrand van Leanne"
            ],
            "people ages": [
              4,
              0
            ],
            "label": "sibling",
            "committed": false
          },
          {
            "topic": "new relationship",
            "key": 28122,
            "people": [
              22398,
              28117
            ],
            "people names": [
              "Dybben",
              "Wolbrand van Leanne"
            ],
            "people ages": [
              2,
              0
            ],
            "label": "sibling",
            "committed": false
          },
          {
            "topic": "new relationship",
            "key": 28123,
            "people": [
              26409,
              28117
            ],
            "people names": [
              "Rutgerus Moysszoon",
              "Wolbrand van Leanne"
            ],
            "people ages": [
              0,
              0
            ],
            "label": "sibling",
            "committed": false
          }
        ],
        "1208": [
          {
            "topic": "update",
            "update": "new friendship label",
            "relationship label": "sibling",
            "friendship label": "indifferent",
            "relationship": 28121
          }
        ],
        "1209": [
          {
            "topic": "update",
            "update": "new friendship label",
            "relationship label": "sibling",
            "friendship label": "friend",
            "relationship": 28122
          }
        ],
        "1215": [
          {
            "topic": "event",
            "event": "plague",
            "year": 1215
          },
          {
            "topic": "person died",
            "person": {
              "key": 11737,
              "name": "Moys",
              "age": 56,
              "alive": false,
              "sex": "m",
              "parents": "firstgen"
            },
            "cause": "sickness",
            "friendship label": "friend",
            "label": "parent"
          }
        ],
        "1216": [
          {
            "topic": "update",
            "update": "new friendship label",
            "relationship label": "sibling",
            "friendship label": "friend",
            "relationship": 28121
          },
          {
            "topic": "update",
            "update": "new friendship label",
            "relationship label": "sibling",
            "friendship label": "friend",
            "relationship": 28122
          },
          {
            "topic": "update",
            "update": "new friendship label",
            "relationship label": "parentchild",
            "friendship label": "indifferent",
            "relationship": 28119
          }
        ],
        "1217": [
          {
            "topic": "update",
            "update": "new friendship label",
            "relationship label": "parentchild",
            "friendship label": "indifferent",
            "relationship": 28119
          },
          {
            "topic": "update",
            "update": "new friendship label",
            "relationship label": "sibling",
            "friendship label": "friend",
            "relationship": 28122
          }
        ],
        "1218": [
          {
            "topic": "update",
            "update": "new friendship label",