{
  "28162": {
    "alive": false,
    "name": "Huwardo",
    "surname": "van Aghete",
    "full name": "Huwardo van Aghete",
    "born this way": {
      "sexuality label": "straight",
      "sexuality": 0.01,
      "romantic interest": 0.623,
      "sex interest": 0.938,
      "gender expression": 0.045,
      "sex": "m"
    },
    "age": 40,
    "birth year": 1207,
    "sex": "m",
    "faction": "Zealots",
    "income class": [
      3,
      "upper middle class"
    ],
    "personality": {
      "lawful-chaotic": 0.876,
      "nice-nasty": 0.785,
      "honest-false": 0.427,
      "dream": 0.839,
      "outgoing": 0.62
    },
    "attitude": {
      "dream": 0.839,
      "outgoing": 0.62
    },
    "homsoc": {
      "means": {
        "independent": true,
        "taken_care_of": false,
        "caretaker": true,
        "needs_care": false,
        "flags": [
          "starving"
        ]
      },
      "expression": {
        "sexuality expression": 0.006,
        "gender expression expression": 0.007
      }
    },
    "network": {
      "parents": {
        "mother": "Aghete (11798)",
        "father": "Frethericus (11797)"
      },
      "children": {},
      "relationship keys": {
        "parent": [
          28163,
          28164
        ],
        "sibling": [
          28165,
          28166,
          28167,
          28168,
          33503
        ],
        "unrelated": [
          68131
        ]
      }
    },
    "occupation": {
      "has job": true,
      "income class": [
        3,
        "upper middle class"
      ],
      "income": 1.5490000000000002,
      "all_incomes": [
        0.933,
        1.027,
        1.084,
        1.139,
        1.192,
        1.1660000000000001,
        1.282,
        1.381,
        1.441,
        1.5490000000000002,
        1.542,
        1.5,
        1.52,
        1.5490000000000002,
        1.5490000000000002,
        1.5190000000000001,
        1.504,
        1.5490000000000002,
        1.5490000000000002,
        1.544,
        1.5490000000000002,
        1.5490000000000002,
        1.5450000000000002,
        1.5490000000000002
      ],
      "job": {
        "lawful": true,
        "honest": true
      }
    },
    "genetics": {
      "skin_color": 5,
      "eye_color": "brown",
      "hair_color": "black",
      "hair_color_code": 0,
      "hair_type": [
        "S",
        "C"
      ],
      "health": 0.877,
      "fertility": 0.809,
      "communication_impaired": false,
      "mobility_impaired": false,
      "cognitive_impaired": false,
      "disabilities": []
    },
    "memory": {
      "health": {
        "1208": {
          "health": {
            "change": false,
            "value_change": 0.0,
            "new_health": 0.877
          },
          "death": false
        },
        "1247": {
          "health": {
            "change": false,
            "value_change": 0.0,
            "new_health": 0.877
          },
          "death": true
        }
      },
      "events": {
        "1207": [
          {
            "topic": "birth",
            "year": 1207
          },
          {
            "topic": "new relationship",
            "key": 28163,
            "people": [
              11797,
              28162
            ],
            "people names": [
              "Frethericus",
              "Huwardo van Aghete"
            ],
            "people ages": [
              50,
              0
            ],
            "label": "parentchild",
            "committed": false
          },
          {
            "topic": "new relationship",
            "key": 28164,
            "people": [
              11798,
              28162
            ],
            "people names": [
              "Aghete Hanen",
              "Huwardo van Aghete"
            ],
            "people ages": [
              32,
              0
            ],
            "label": "parentchild",
            "committed": false
          },
          {
            "topic": "new relationship",
            "key": 28165,
            "people": [
              14701,
              28162
            ],
            "people names": [
              "Diewiven",
              "Huwardo van Aghete"
            ],
            "people ages": [
              5,
              0
            ],
            "label": "sibling",
            "committed": false
          },
          {
            "topic": "new relationship",
            "key": 28166,
            "people": [
              18715,
              28162
            ],
            "people names": [
              "Nanne Frethericusszoon",
              "Huwardo van Aghete"
            ],
            "people ages": [
              3,
              0
            ],
            "label": "sibling",
            "committed": false
          },
          {
            "topic": "new relationship",
            "key": 28167,
            "people": [
              21322,
              28162
            ],
            "people names": [
              "Sanse",
              "Huwardo van Aghete"
            ],
            "people ages": [
              2,
              0
            ],
            "label": "sibling",
            "committed": false
          },
          {
            "topic": "new relationship",
            "key": 28168,
            "people": [
              22998,
              28162
            ],
            "people names": [
              "Sollen Frethericusszoon",
              "Huwardo van Aghete"
            ],
            "people ages": [
              2,
              0
            ],
            "label": "sibling",
            "committed": false
          }
        ],
        "1209": [
          {
            "topic": "update",
            "update": "new friendship label",
            "relationship label": "sibling",
            "friendship label": "enemy",
            "relationship": 28165
          }
        ],
        "1210": [
          {
            "topic": "new relationship",
            "key": 33503,
            "people": [
              28162,
              33496
            ],
            "people names": [
              "Huwardo van Aghete",
              "Agnes"
            ],
            "people ages": [
              3,
              0
            ],
            "label": "sibling",
            "committed": false
          },
          {
            "topic": "update",
            "update": "new friendship label",
            "relationship label": "parentchild",
            "friendship label": "friend",
            "relationship": 28163
          },
          {
            "topic": "person died",
            "person": {
              "key": 11797,
              "name": "Frethericus",
              "age": 54,
              "alive": false,
              "sex": "m",
              "parents": "firstgen"
            },
            "cause": "old age",
            "friendship label": "friend",
            "label": "parent"
          }
        ],
        "1211": [
          {
            "topic": "not enough income",
            "income": 0,
            "inhabitants": [
              18715,
              21322,
              33496,
              17672,
              66756,
              71079
            ]
          }
        ],
        "1212": [
          {
            "topic": "not enough income",
            "income": 0,
            "inhabitants": [
              18715,
              21322,
              33496,
              17672,
              66756,
              71079
            ]
          }
        ],
        "1213": [
          {
            "topic": "not enough income",
            "income": 0,
            "inhabitants": [
              18715,
              21322,
              33496,
              17672,
              66756,
              71079
            ]
          }
        ],
        "1214": [
          {
            "topic": "update",
            "update": "new friendship label",
            "relationship label": "sibling",