{
  "28193": {
    "alive": true,
    "name": "Justaes",
    "surname": "",
    "full name": "Justaes",
    "born this way": {
      "sexuality label": "straight",
      "sexuality": 0.103,
      "romantic interest": 0.814,
      "sex interest": 0.795,
      "gender expression": 0.0,
      "sex": "m"
    },
    "age": 42,
    "birth year": 1207,
    "sex": "m",
    "faction": "Dogmatists",
    "income class": [
      4,
      "nobility"
    ],
    "personality": {
      "lawful-chaotic": 0.948,
      "nice-nasty": 0.335,
      "honest-false": 0.51,
      "dream": 0.114,
      "outgoing": 0.501
    },
    "attitude": {
      "dream": 0.114,
      "outgoing": 0.501
    },
    "homsoc": {
      "means": {
        "independent": true,
        "taken_care_of": false,
        "caretaker": true,
        "needs_care": false,
        "flags": []
      },
      "expression": {
        "sexuality expression": 0.043,
        "gender expression expression": -0.001
      }
    },
    "network": {
      "parents": {
        "mother": "Heilsota (12287)",
        "father": "Anselmi (12286)"
      },
      "children": {},
      "relationship keys": {
        "parent": [
          28194,
          28195
        ],
        "sibling": [
          28196,
          28197,
          29933
        ],
        "unrelated": [
          44197,
          46102,
          46991,
          50470,
          53417,
          60046,
          61553,
          66971,
          69271,
          70348
        ]
      }
    },
    "occupation": {
      "has job": true,
      "income class": [
        4,
        "nobility"
      ],
      "income": 1.5990000000000002,
      "all_incomes": [
        0.762,
        1.006,
        1.147,
        1.2060000000000002,
        1.5830000000000002,
        1.5990000000000002,
        1.5990000000000002,
        1.5990000000000002,
        1.5990000000000002,
        1.5730000000000002,
        1.5990000000000002,
        1.5990000000000002,
        1.5990000000000002,
        1.5990000000000002,
        1.401,
        1.3920000000000001,
        1.5990000000000002,
        1.5990000000000002,
        1.5990000000000002,
        1.5330000000000001,
        1.1520000000000001,
        1.2120000000000002,
        1.389,
        1.4660000000000002,
        1.5990000000000002,
        1.5990000000000002,
        1.5990000000000002
      ],
      "job": {
        "lawful": true,
        "honest": false
      }
    },
    "genetics": {
      "skin_color": 6,
      "eye_color": "brown",
      "hair_color": "black",
      "hair_color_code": 0,
      "hair_type": [
        "S",
        "S"
      ],
      "health": 0.749,
      "fertility": 0.716,
      "communication_impaired": false,
      "mobility_impaired": false,
      "cognitive_impaired": false,
      "disabilities": []
    },
    "memory": {
      "health": {
        "1208": {
          "health": {
            "change": false,
            "value_change": 0.0,
            "new_health": 0.749
          },
          "death": false
        }
      },
      "events": {
        "1207": [
          {
            "topic": "birth",
            "year": 1207
          },
          {
            "topic": "new relationship",
            "key": 28194,
            "people": [
              12286,
              28193
            ],
            "people names": [
              "Anselmi",
              "Justaes"
            ],
            "people ages": [
              50,
              0
            ],
            "label": "parentchild",
            "committed": false
          },
          {
            "topic": "new relationship",
            "key": 28195,
            "people": [
              12287,
              28193
            ],
            "people names": [
              "Heilsota Kriec",
              "Justaes"
            ],
            "people ages": [
              34,
              0
            ],
            "label": "parentchild",
            "committed": false
          },
          {
            "topic": "new relationship",
            "key": 28196,
            "people": [
              24483,
              28193
            ],
            "people names": [
              "Goeskin",
              "Justaes"
            ],
            "people ages": [
              2,
              0
            ],
            "label": "sibling",
            "committed": false
          },
          {
            "topic": "new relationship",
            "key": 28197,
            "people": [
              25322,
              28193
            ],
            "people names": [
              "Wouter Anselmiszoon",
              "Justaes"
            ],
            "people ages": [
              1,
              0
            ],
            "label": "sibling",
            "committed": false
          }
        ],
        "1208": [
          {
            "topic": "update",
            "update": "new friendship label",
            "relationship label": "sibling",
            "friendship label": "indifferent",
            "relationship": 28197
          },
          {
            "topic": "new relationship",
            "key": 29933,
            "people": [
              28193,
              29928
            ],
            "people names": [
              "Justaes",
              "Gertrudis"
            ],
            "people ages": [
              1,
              0
            ],
            "label": "sibling",
            "committed": false
          }
        ],
        "1211": [
          {
            "topic": "person died",
            "person": {
              "key": 12286,
              "name": "Anselmi",
              "age": 55,
              "alive": false,
              "sex": "m",
              "parents": "firstgen"
            },
            "cause": "sickness",
            "friendship label": "friend",
            "label": "parent"
          }
        ],
        "1214": [
          {
            "topic": "update",
            "update": "new friendship label",
            "relationship label": "sibling",
            "friendship label": "friend",
            "relationship": 29933
          }
        ],
        "1215": [
          {
            "topic": "event",
            "event": "plague",
            "year": 1215
          },
          {
            "topic": "update",
            "update": "new friendship label",
            "relationship label": "sibling",
            "friendship label": "friend",
            "relationship": 28196
          }
        ],
        "1216": [
          {
            "topic": "update",
            "update": "new friendship label",
            "relationship label": "sibling",
            "friendship label": "friend",
            "relationship": 29933
          }
        ],
        "1217": [
          {
            "topic": "update",
            "update": "new friendship label",
            "relationship label": "sibling",
            "friendship label": "friend",
            "relationship": 29933
          }
        ],
        "1221": [
          {
            "topic": "new relationship",
            "key": 44197,
            "people": [
              28193,
              20926
            ],
            "people names": [
              "Justaes",
              "Auesoete Buk"
            ],
            "people ages": [
              14,
              17
            ],
            "label": "unrelated",
            "committed": false
          }
        ],
        "1223": [
          {
            "topic": "event",
            "event": "plague",
            "year": 1223
          },
          {
            "topic": "personality change",
            "change": true,
            "trait": "honest-false",
            "trigger": "trauma",
            "mod": 0.15
          },
          {
            "topic": "job notice",
            "notice": "found job",
            "income": 0.762
          }
        ],
        "1224": [
          {
            "topic": "job notice",