{
  "28736": {
    "alive": true,
    "name": "Nellen",
    "surname": "Pelegrimsdochter",
    "full name": "Nellen Pelegrimsdochter",
    "born this way": {
      "sexuality label": "straight",
      "sexuality": 0.006,
      "romantic interest": 0.79,
      "sex interest": 0.75,
      "gender expression": 0.15,
      "sex": "f"
    },
    "age": 42,
    "birth year": 1207,
    "sex": "f",
    "faction": "Zealots",
    "income class": [
      3,
      "upper middle class"
    ],
    "personality": {
      "lawful-chaotic": 0.49,
      "nice-nasty": 0.591,
      "honest-false": 0.502,
      "dream": 0.45,
      "outgoing": 0.384
    },
    "attitude": {
      "dream": 0.45,
      "outgoing": 0.384
    },
    "homsoc": {
      "means": {
        "independent": true,
        "taken_care_of": false,
        "caretaker": true,
        "needs_care": false,
        "flags": []
      },
      "expression": {
        "sexuality expression": 0.002,
        "gender expression expression": 0.082
      }
    },
    "network": {
      "parents": {
        "mother": "Siwa (11966)",
        "father": "Pelegrim (11965)"
      },
      "children": {},
      "relationship keys": {
        "parent": [
          28737,
          28738
        ],
        "sibling": [
          28739,
          28740,
          28741,
          28742
        ],
        "unrelated": [
          58330,
          69288,
          74158
        ],
        "spouse": [
          64432
        ]
      }
    },
    "occupation": {
      "has job": true,
      "income class": [
        3,
        "upper middle class"
      ],
      "income": 1.5490000000000002,
      "all_incomes": [
        1.056,
        0.992,
        1.2530000000000001,
        1.43,
        1.5330000000000001,
        1.427,
        1.366,
        1.282,
        1.5490000000000002,
        1.5490000000000002,
        1.326,
        1.401,
        1.502,
        1.5490000000000002,
        1.5490000000000002,
        1.5490000000000002,
        1.5490000000000002,
        1.5490000000000002,
        1.5490000000000002,
        1.5490000000000002,
        1.5490000000000002,
        1.5490000000000002
      ],
      "job": {
        "lawful": false,
        "honest": true
      }
    },
    "genetics": {
      "skin_color": 6,
      "eye_color": "brown",
      "hair_color": "black",
      "hair_color_code": 0,
      "hair_type": [
        "C",
        "S"
      ],
      "health": 0.738,
      "fertility": 0.758,
      "communication_impaired": false,
      "mobility_impaired": false,
      "cognitive_impaired": false,
      "disabilities": []
    },
    "memory": {
      "health": {
        "1208": {
          "health": {
            "change": false,
            "value_change": 0.0,
            "new_health": 0.738
          },
          "death": false
        }
      },
      "events": {
        "1207": [
          {
            "topic": "birth",
            "year": 1207
          },
          {
            "topic": "new relationship",
            "key": 28737,
            "people": [
              11965,
              28736
            ],
            "people names": [
              "Pelegrim",
              "Nellen Pelegrimsdochter"
            ],
            "people ages": [
              28,
              0
            ],
            "label": "parentchild",
            "committed": false
          },
          {
            "topic": "new relationship",
            "key": 28738,
            "people": [
              11966,
              28736
            ],
            "people names": [
              "Siwa Pluuier",
              "Nellen Pelegrimsdochter"
            ],
            "people ages": [
              26,
              0
            ],
            "label": "parentchild",
            "committed": false
          },
          {
            "topic": "new relationship",
            "key": 28739,
            "people": [
              13627,
              28736
            ],
            "people names": [
              "Cofte",
              "Nellen Pelegrimsdochter"
            ],
            "people ages": [
              7,
              0
            ],
            "label": "sibling",
            "committed": false
          },
          {
            "topic": "new relationship",
            "key": 28740,
            "people": [
              14609,
              28736
            ],
            "people names": [
              "Flore Pelegrimsdochter",
              "Nellen Pelegrimsdochter"
            ],
            "people ages": [
              6,
              0
            ],
            "label": "sibling",
            "committed": false
          },
          {
            "topic": "new relationship",
            "key": 28741,
            "people": [
              22120,
              28736
            ],
            "people names": [
              "Moerseil",
              "Nellen Pelegrimsdochter"
            ],
            "people ages": [
              3,
              0
            ],
            "label": "sibling",
            "committed": false
          },
          {
            "topic": "new relationship",
            "key": 28742,
            "people": [
              26350,
              28736
            ],
            "people names": [
              "Scilla",
              "Nellen Pelegrimsdochter"
            ],
            "people ages": [
              1,
              0
            ],
            "label": "sibling",
            "committed": false
          }
        ],
        "1210": [
          {
            "topic": "update",
            "update": "new friendship label",
            "relationship label": "parentchild",
            "friendship label": "disliked",
            "relationship": 28738
          }
        ],
        "1214": [
          {
            "topic": "update",
            "update": "new friendship label",
            "relationship label": "sibling",
            "friendship label": "friend",
            "relationship": 28740
          }
        ],
        "1215": [
          {
            "topic": "event",
            "event": "plague",
            "year": 1215
          },
          {
            "topic": "update",
            "update": "new friendship label",
            "relationship label": "sibling",
            "friendship label": "indifferent",
            "relationship": 28741
          },
          {
            "topic": "update",
            "update": "new friendship label",
            "relationship label": "sibling",
            "friendship label": "friend",
            "relationship": 28740
          }
        ],
        "1220": [
          {
            "topic": "update",
            "update": "new friendship label",
            "relationship label": "sibling",
            "friendship label": "indifferent",
            "relationship": 28739
          }
        ],
        "1222": [
          {
            "topic": "update",
            "update": "new friendship label",
            "relationship label": "parentchild",
            "friendship label": "disliked",
            "relationship": 28738
          },
          {
            "topic": "person died",
            "person": {
              "key": 11965,
              "name": "Pelegrim",
              "age": 43,
              "alive": false,
              "sex": "m",
              "parents": "firstgen"
            },
            "cause": "illness",
            "friendship label": "indifferent",
            "label": "parent"
          }
        ],
        "1223": [
          {
            "topic": "event",
            "event": "plague",
            "year": 1223
          },
          {
            "topic": "update",
            "update": "new friendship label",
            "relationship label": "parentchild",
            "friendship label": "disliked",
            "relationship": 28738
          }
        ],
        "1224": [
          {
            "topic": "update",