{
  "28834": {
    "alive": true,
    "name": "Marcilius",
    "surname": "",
    "full name": "Marcilius",
    "born this way": {
      "sexuality label": "straight",
      "sexuality": 0.106,
      "romantic interest": 0.347,
      "sex interest": 0.758,
      "gender expression": 0.148,
      "sex": "m"
    },
    "age": 47,
    "birth year": 1227,
    "sex": "m",
    "faction": "No religion",
    "income class": [
      3,
      "upper middle class"
    ],
    "personality": {
      "lawful-chaotic": 0.999,
      "nice-nasty": 0.275,
      "honest-false": 0.775
    },
    "attitude": {
      "outgoing": 0.061,
      "dream": 0.317
    },
    "homsoc": {
      "means": {
        "independent": true,
        "taken_care_of": false,
        "caretaker": true,
        "needs_care": false,
        "flags": []
      },
      "expression": {
        "sexuality expression": 0.062,
        "gender expression expression": 0.128
      }
    },
    "network": {
      "parents": {
        "mother": "Nellen (17647)",
        "father": "Butsel (19865)"
      },
      "children": {},
      "relationship keys": {
        "parent": [
          28835,
          28836
        ],
        "grandparent": [
          29387
        ],
        "sibling": [
          29623
        ],
        "nibling": [
          30163,
          30164,
          30165,
          30166,
          33184,
          36276,
          37063
        ],
        "spouse": [
          47047,
          75149,
          84462
        ]
      }
    },
    "occupation": {
      "has job": true,
      "income class": [
        3,
        "upper middle class"
      ],
      "income": 1.461,
      "all_incomes": [
        0.984,
        1.037,
        1.08,
        1.093,
        1.213,
        1.2830000000000001,
        1.307,
        1.252,
        1.2750000000000001,
        1.361,
        1.43,
        1.52,
        1.5490000000000002,
        1.5490000000000002,
        1.5490000000000002,
        1.5490000000000002,
        1.5490000000000002,
        1.5490000000000002,
        1.5490000000000002,
        1.493,
        1.5490000000000002,
        1.5490000000000002,
        1.5490000000000002,
        1.5490000000000002,
        1.5490000000000002,
        1.5490000000000002,
        1.5490000000000002,
        1.486,
        1.461
      ],
      "job": {
        "lawful": true,
        "honest": true
      }
    },
    "genetics": {
      "skin_color": 3,
      "eye_color": "brown",
      "hair_color": "brown",
      "hair_color_code": 2,
      "hair_type": [
        "S",
        "C"
      ],
      "health": 0.201,
      "fertility": 0.421,
      "communication_impaired": false,
      "mobility_impaired": false,
      "cognitive_impaired": false,
      "disabilities": []
    },
    "memory": {
      "health": {
        "1228": {
          "health": {
            "change": false,
            "value_change": 0.0,
            "new_health": 0.424
          },
          "death": false
        },
        "1236": {
          "health": {
            "change": true,
            "value_change": -0.223,
            "new_health": 0.201
          },
          "death": false
        },
        "1237": {
          "health": {
            "change": false,
            "value_change": 0.0,
            "new_health": 0.201
          },
          "death": false
        }
      },
      "events": {
        "1227": [
          {
            "topic": "new home",
            "home": {
              "income class": 3,
              "income class label": "upper middle class",
              "section": "stMuurhuysen1.se3.c3",
              "street": "Muurhuysen1",
              "neighborhood": "cingelzuid",
              "unique id": 669
            }
          }
        ],
        "1228": [
          {
            "topic": "new relationship",
            "key": 29623,
            "people": [
              28834,
              29620
            ],
            "people names": [
              "Marcilius",
              "Reynildis Butselsdochter"
            ],
            "people ages": [
              1,
              0
            ],
            "label": "sibling",
            "committed": false
          },
          {
            "topic": "person died",
            "person": {
              "key": 17647,
              "name": "Nellen",
              "age": 22,
              "alive": false,
              "sex": "f",
              "parents": {
                "mother": "Siwa (12614)",
                "father": "Alard (12613)"
              }
            },
            "cause": "illness",
            "label": "parent"
          },
          {
            "topic": "new relationship",
            "key": 30163,
            "people": [
              17015,
              28834
            ],
            "people names": [
              "Coekea Geldmaroszoon",
              "Marcilius"
            ],
            "people ages": [
              23,
              1
            ],
            "label": "nibling",
            "committed": false
          },
          {
            "topic": "new relationship",
            "key": 30164,
            "people": [
              20156,
              28834
            ],
            "people names": [
              "Gheram",
              "Marcilius"
            ],
            "people ages": [
              18,
              1
            ],
            "label": "nibling",
            "committed": false
          },
          {
            "topic": "new relationship",
            "key": 30165,
            "people": [
              21502,
              28834
            ],
            "people names": [
              "Bobone",
              "Marcilius"
            ],
            "people ages": [
              16,
              1
            ],
            "label": "nibling",
            "committed": false
          },
          {
            "topic": "new relationship",
            "key": 30166,
            "people": [
              24492,
              28834
            ],
            "people names": [
              "Liedelde van Geldmaro",
              "Marcilius"
            ],
            "people ages": [
              7,
              1
            ],
            "label": "nibling",
            "committed": false
          }
        ],
        "1229": [
          {
            "topic": "person died",
            "person": {
              "key": 29620,
              "name": "Reynildis Butselsdochter",
              "age": 1,
              "alive": false,
              "sex": "f",
              "parents": {
                "mother": "Nellen (17647)",
                "father": "Butsel (19865)"
              }
            },
            "cause": "childhood illness",
            "label": "sibling"
          }
        ],
        "1230": [
          {
            "topic": "update",
            "update": "new friendship label",
            "relationship label": "aunclenibling",
            "friendship label": "disliked",
            "relationship": 30165
          }
        ],
        "1231": [
          {
            "topic": "new relationship",
            "key": 33184,
            "people": [
              28834,
              31566
            ],
            "people names": [
              "Marcilius",
              "Rodolf"
            ],
            "people ages": [
              4,
              1
            ],
            "label": "nibling",
            "committed": false
          }
        ],
        "1232": [
          {
            "topic": "event",
            "event": "war",
            "year": 1232
          },
          {
            "topic": "update",
            "update": "new friendship label",
            "relationship label": "grandparentchild",
            "friendship label": "enemy",
            "relationship": 29387
          },
          {
            "topic": "update",
            "update": "parent married",
            "parent": 19865,