{
  "29283": {
    "alive": true,
    "name": "Goneir",
    "surname": "Minne",
    "full name": "Goneir Minne",
    "born this way": {
      "sexuality label": "gay",
      "sexuality": 0.952,
      "romantic interest": 0.627,
      "sex interest": 0.424,
      "gender expression": 0.168,
      "sex": "f"
    },
    "age": 41,
    "birth year": 1208,
    "sex": "f",
    "faction": "Dogmatists",
    "income class": [
      3,
      "upper middle class"
    ],
    "personality": {
      "lawful-chaotic": 0.0,
      "nice-nasty": 0.314,
      "honest-false": 0.828,
      "dream": 0.443,
      "outgoing": 0.367
    },
    "attitude": {
      "dream": 0.443,
      "outgoing": 0.367
    },
    "homsoc": {
      "means": {
        "independent": true,
        "taken_care_of": false,
        "caretaker": true,
        "needs_care": false,
        "flags": []
      },
      "expression": {
        "sexuality expression": 0.284,
        "gender expression expression": 0.048
      }
    },
    "network": {
      "parents": {
        "mother": "Wijfgode (11726)",
        "father": "Eustacius (11725)"
      },
      "children": {},
      "relationship keys": {
        "parent": [
          29284,
          29285
        ],
        "sibling": [
          29286,
          29287,
          29288,
          29289,
          29290,
          31111
        ],
        "unrelated": [
          64545
        ]
      }
    },
    "occupation": {
      "has job": true,
      "income class": [
        3,
        "upper middle class"
      ],
      "income": 1.5010000000000001,
      "all_incomes": [
        1.037,
        1.2790000000000001,
        1.123,
        1.258,
        1.252,
        1.357,
        1.339,
        1.5490000000000002,
        1.475,
        1.5490000000000002,
        1.5490000000000002,
        1.208,
        1.369,
        1.352,
        1.1560000000000001,
        1.23,
        1.324,
        1.3900000000000001,
        1.417,
        1.288,
        1.3920000000000001,
        1.3940000000000001,
        1.3760000000000001,
        1.3920000000000001,
        1.5010000000000001
      ],
      "job": {
        "lawful": false,
        "honest": true
      }
    },
    "genetics": {
      "skin_color": 4,
      "eye_color": "blue",
      "hair_color": "black",
      "hair_color_code": 0,
      "hair_type": [
        "S",
        "S"
      ],
      "health": 0.782,
      "fertility": 0.697,
      "communication_impaired": false,
      "mobility_impaired": false,
      "cognitive_impaired": false,
      "disabilities": []
    },
    "memory": {
      "health": {
        "1209": {
          "health": {
            "change": false,
            "value_change": 0.0,
            "new_health": 0.782
          },
          "death": false
        }
      },
      "events": {
        "1208": [
          {
            "topic": "birth",
            "year": 1208
          },
          {
            "topic": "new relationship",
            "key": 29284,
            "people": [
              11725,
              29283
            ],
            "people names": [
              "Eustacius Minne",
              "Goneir Minne"
            ],
            "people ages": [
              33,
              0
            ],
            "label": "parentchild",
            "committed": false
          },
          {
            "topic": "new relationship",
            "key": 29285,
            "people": [
              11726,
              29283
            ],
            "people names": [
              "Wijfgode Vriend",
              "Goneir Minne"
            ],
            "people ages": [
              26,
              0
            ],
            "label": "parentchild",
            "committed": false
          },
          {
            "topic": "new relationship",
            "key": 29286,
            "people": [
              14383,
              29283
            ],
            "people names": [
              "Jonghen Minne",
              "Goneir Minne"
            ],
            "people ages": [
              7,
              0
            ],
            "label": "sibling",
            "committed": false
          },
          {
            "topic": "new relationship",
            "key": 29287,
            "people": [
              22694,
              29283
            ],
            "people names": [
              "Euerocker Minne",
              "Goneir Minne"
            ],
            "people ages": [
              3,
              0
            ],
            "label": "sibling",
            "committed": false
          },
          {
            "topic": "new relationship",
            "key": 29288,
            "people": [
              23269,
              29283
            ],
            "people names": [
              "Ripperti",
              "Goneir Minne"
            ],
            "people ages": [
              2,
              0
            ],
            "label": "sibling",
            "committed": false
          },
          {
            "topic": "new relationship",
            "key": 29289,
            "people": [
              25770,
              29283
            ],
            "people names": [
              "Alebaren Minne",
              "Goneir Minne"
            ],
            "people ages": [
              2,
              0
            ],
            "label": "sibling",
            "committed": false
          },
          {
            "topic": "new relationship",
            "key": 29290,
            "people": [
              28776,
              29283
            ],
            "people names": [
              "Ermerut Minne",
              "Goneir Minne"
            ],
            "people ages": [
              0,
              0
            ],
            "label": "sibling",
            "committed": false
          }
        ],
        "1209": [
          {
            "topic": "new relationship",
            "key": 31111,
            "people": [
              29283,
              31103
            ],
            "people names": [
              "Goneir Minne",
              "Itsburgis Minne"
            ],
            "people ages": [
              0,
              0
            ],
            "label": "sibling",
            "committed": false
          },
          {
            "topic": "person died",
            "person": {
              "key": 11726,
              "name": "Wijfgode Vriend",
              "age": 28,
              "alive": false,
              "sex": "f",
              "parents": "firstgen"
            },
            "cause": "illness",
            "friendship label": "friend",
            "label": "parent"
          }
        ],
        "1215": [
          {
            "topic": "event",
            "event": "plague",
            "year": 1215
          }
        ],
        "1217": [
          {
            "topic": "update",
            "update": "new friendship label",
            "relationship label": "sibling",
            "friendship label": "friend",
            "relationship": 31111
          }
        ],
        "1220": [
          {
            "topic": "update",
            "update": "new friendship label",
            "relationship label": "sibling",
            "friendship label": "friend",
            "relationship": 29290
          }
        ],
        "1223": [
          {
            "topic": "event",
            "event": "plague",
            "year": 1223
          },
          {
            "topic": "update",
            "update": "new friendship label",
            "relationship label": "sibling",
            "friendship label": "indifferent",
            "relationship": 31111
          }
        ],
        "1224": [
          {
            "topic": "update",
            "update": "new friendship label",
            "relationship label": "sibling",
            "friendship label": "indifferent",
            "relationship": 29288
          }
        ],