{
  "30088": {
    "alive": true,
    "name": "Gheuardus",
    "surname": "Pluckerose",
    "full name": "Gheuardus Pluckerose",
    "born this way": {
      "sexuality label": "straight",
      "sexuality": 0.034,
      "romantic interest": 0.807,
      "sex interest": 0.76,
      "gender expression": 0.255,
      "sex": "m"
    },
    "age": 41,
    "birth year": 1208,
    "sex": "m",
    "faction": "No religion",
    "income class": [
      2,
      "middle class"
    ],
    "personality": {
      "lawful-chaotic": 0.145,
      "nice-nasty": 0.607,
      "honest-false": 0.563,
      "dream": 0.489,
      "outgoing": 0.594
    },
    "attitude": {
      "dream": 0.489,
      "outgoing": 0.594
    },
    "homsoc": {
      "means": {
        "independent": true,
        "taken_care_of": false,
        "caretaker": true,
        "needs_care": false,
        "flags": []
      },
      "expression": {
        "sexuality expression": 0.018,
        "gender expression expression": 0.147
      }
    },
    "network": {
      "parents": {
        "mother": "Oderada (11579)",
        "father": "Woubbrecht (11578)"
      },
      "children": {
        "71490": {
          "key": 71490,
          "name": "Herlewin Pluckerose",
          "age": 5,
          "alive": true,
          "sex": "m",
          "parents": {
            "mother": "Hille (22513)",
            "father": "Gheuardus (30088)"
          }
        }
      },
      "relationship keys": {
        "parent": [
          30089,
          30090
        ],
        "sibling": [
          30091,
          30092,
          30093,
          30094,
          30095,
          30096,
          32560,
          36536,
          39220
        ],
        "unrelated": [
          58362
        ],
        "spouse": [
          70279
        ],
        "child": {
          "birth": [
            71491
          ]
        }
      }
    },
    "occupation": {
      "has job": true,
      "income class": [
        2,
        "middle class"
      ],
      "income": 1.4809999999999999,
      "all_incomes": [
        0.905,
        0.871,
        1.107,
        0.741,
        1.321,
        1.2189999999999999,
        1.244,
        0.997,
        0.436,
        0.5740000000000001,
        0.93,
        1.17,
        1.272,
        1.1949999999999998,
        1.244,
        1.2109999999999999,
        1.2229999999999999,
        0.787,
        0.8310000000000001,
        0.906,
        0.9450000000000001,
        1.0999999999999999,
        1.524,
        1.325,
        1.422,
        1.4809999999999999
      ],
      "job": {
        "lawful": true,
        "honest": false
      }
    },
    "genetics": {
      "skin_color": 6,
      "eye_color": "brown",
      "hair_color": "black",
      "hair_color_code": 0,
      "hair_type": [
        "C",
        "C"
      ],
      "health": 0.74,
      "fertility": 0.695,
      "communication_impaired": false,
      "mobility_impaired": false,
      "cognitive_impaired": false,
      "disabilities": []
    },
    "memory": {
      "health": {
        "1209": {
          "health": {
            "change": false,
            "value_change": 0.0,
            "new_health": 0.74
          },
          "death": false
        }
      },
      "events": {
        "1208": [
          {
            "topic": "birth",
            "year": 1208
          },
          {
            "topic": "new relationship",
            "key": 30089,
            "people": [
              11578,
              30088
            ],
            "people names": [
              "Woubbrecht Pluckerose",
              "Gheuardus Pluckerose"
            ],
            "people ages": [
              40,
              0
            ],
            "label": "parentchild",
            "committed": false
          },
          {
            "topic": "new relationship",
            "key": 30090,
            "people": [
              11579,
              30088
            ],
            "people names": [
              "Oderada",
              "Gheuardus Pluckerose"
            ],
            "people ages": [
              24,
              0
            ],
            "label": "parentchild",
            "committed": false
          },
          {
            "topic": "new relationship",
            "key": 30091,
            "people": [
              15247,
              30088
            ],
            "people names": [
              "Geraldus Pluckerose",
              "Gheuardus Pluckerose"
            ],
            "people ages": [
              6,
              0
            ],
            "label": "sibling",
            "committed": false
          },
          {
            "topic": "new relationship",
            "key": 30092,
            "people": [
              17922,
              30088
            ],
            "people names": [
              "Everocker Pluckerose",
              "Gheuardus Pluckerose"
            ],
            "people ages": [
              6,
              0
            ],
            "label": "sibling",
            "committed": false
          },
          {
            "topic": "new relationship",
            "key": 30093,
            "people": [
              19669,
              30088
            ],
            "people names": [
              "Nannekin Pluckerose",
              "Gheuardus Pluckerose"
            ],
            "people ages": [
              5,
              0
            ],
            "label": "sibling",
            "committed": false
          },
          {
            "topic": "new relationship",
            "key": 30094,
            "people": [
              21511,
              30088
            ],
            "people names": [
              "Menzone Pluckerose",
              "Gheuardus Pluckerose"
            ],
            "people ages": [
              3,
              0
            ],
            "label": "sibling",
            "committed": false
          },
          {
            "topic": "new relationship",
            "key": 30095,
            "people": [
              23950,
              30088
            ],
            "people names": [
              "Thedwi Pluckerose",
              "Gheuardus Pluckerose"
            ],
            "people ages": [
              2,
              0
            ],
            "label": "sibling",
            "committed": false
          },
          {
            "topic": "new relationship",
            "key": 30096,
            "people": [
              25430,
              30088
            ],
            "people names": [
              "Clementia Pluckerose",
              "Gheuardus Pluckerose"
            ],
            "people ages": [
              1,
              0
            ],
            "label": "sibling",
            "committed": false
          }
        ],
        "1210": [
          {
            "topic": "new relationship",
            "key": 32560,
            "people": [
              30088,
              32551
            ],
            "people names": [
              "Gheuardus Pluckerose",
              "Aleydis Pluckerose"
            ],
            "people ages": [
              1,
              0
            ],
            "label": "sibling",
            "committed": false
          },
          {
            "topic": "update",
            "update": "new friendship label",
            "relationship label": "sibling",
            "friendship label": "indifferent",
            "relationship": 30095
          }
        ],
        "1212": [
          {
            "topic": "new relationship",
            "key": 36536,
            "people": [
              30088,
              36527
            ],
            "people names": [
              "Gheuardus Pluckerose",
              "Walburgis Pluckerose"
            ],
            "people ages": [
              3,
              0
            ],
            "label": "sibling",
            "committed": false
          }
        ],