{
  "30565": {
    "alive": true,
    "name": "Wigherus",
    "surname": "van Arnst",
    "full name": "Wigherus van Arnst",
    "born this way": {
      "sexuality label": "straight",
      "sexuality": 0.116,
      "romantic interest": 0.675,
      "sex interest": 0.547,
      "gender expression": 0.044,
      "sex": "m"
    },
    "age": 41,
    "birth year": 1208,
    "sex": "m",
    "faction": "Zealots",
    "income class": [
      3,
      "upper middle class"
    ],
    "personality": {
      "lawful-chaotic": 0.999,
      "nice-nasty": 0.0,
      "honest-false": 0.608,
      "dream": 0.377,
      "outgoing": 0.707
    },
    "attitude": {
      "dream": 0.377,
      "outgoing": 0.707
    },
    "homsoc": {
      "means": {
        "independent": true,
        "taken_care_of": false,
        "caretaker": true,
        "needs_care": false,
        "flags": []
      },
      "expression": {
        "sexuality expression": 0.06,
        "gender expression expression": -0.0
      }
    },
    "network": {
      "parents": {
        "mother": "Emmelina (12038)",
        "father": "Arnst (12037)"
      },
      "children": {},
      "relationship keys": {
        "parent": [
          30566,
          30567
        ],
        "sibling": [
          30568,
          30569,
          31218,
          35904,
          37755,
          39436
        ],
        "unrelated": [
          64554,
          74199
        ]
      }
    },
    "occupation": {
      "has job": true,
      "income class": [
        3,
        "upper middle class"
      ],
      "income": 1.5490000000000002,
      "all_incomes": [
        0.98,
        0.9750000000000001,
        1.016,
        1.054,
        1.167,
        1.1540000000000001,
        1.193,
        1.207,
        1.239,
        1.254,
        1.194,
        1.239,
        1.256,
        1.3,
        1.345,
        1.467,
        1.5390000000000001,
        1.5490000000000002,
        1.5490000000000002,
        1.5490000000000002,
        1.5490000000000002,
        1.5490000000000002,
        1.5490000000000002,
        1.5490000000000002,
        1.5490000000000002,
        1.5490000000000002
      ],
      "job": {
        "lawful": true,
        "honest": true
      }
    },
    "genetics": {
      "skin_color": 2,
      "eye_color": "brown",
      "hair_color": "black",
      "hair_color_code": 0,
      "hair_type": [
        "C",
        "C"
      ],
      "health": 0.489,
      "fertility": 0.667,
      "communication_impaired": false,
      "mobility_impaired": false,
      "cognitive_impaired": false,
      "disabilities": []
    },
    "memory": {
      "health": {
        "1209": {
          "health": {
            "change": false,
            "value_change": 0.0,
            "new_health": 0.663
          },
          "death": false
        },
        "1219": {
          "health": {
            "change": true,
            "value_change": -0.174,
            "new_health": 0.489
          },
          "death": false
        },
        "1220": {
          "health": {
            "change": false,
            "value_change": 0.0,
            "new_health": 0.489
          },
          "death": false
        }
      },
      "events": {
        "1208": [
          {
            "topic": "birth",
            "year": 1208
          },
          {
            "topic": "new relationship",
            "key": 30566,
            "people": [
              12037,
              30565
            ],
            "people names": [
              "Arnst",
              "Wigherus van Arnst"
            ],
            "people ages": [
              39,
              0
            ],
            "label": "parentchild",
            "committed": false
          },
          {
            "topic": "new relationship",
            "key": 30567,
            "people": [
              12038,
              30565
            ],
            "people names": [
              "Emmelina",
              "Wigherus van Arnst"
            ],
            "people ages": [
              29,
              0
            ],
            "label": "parentchild",
            "committed": false
          },
          {
            "topic": "new relationship",
            "key": 30568,
            "people": [
              18301,
              30565
            ],
            "people names": [
              "Jacob van Arnst",
              "Wigherus van Arnst"
            ],
            "people ages": [
              6,
              0
            ],
            "label": "sibling",
            "committed": false
          },
          {
            "topic": "new relationship",
            "key": 30569,
            "people": [
              20845,
              30565
            ],
            "people names": [
              "Wicghard van Arnst",
              "Wigherus van Arnst"
            ],
            "people ages": [
              4,
              0
            ],
            "label": "sibling",
            "committed": false
          }
        ],
        "1209": [
          {
            "topic": "new relationship",
            "key": 31218,
            "people": [
              30565,
              31213
            ],
            "people names": [
              "Wigherus van Arnst",
              "Snellard"
            ],
            "people ages": [
              1,
              0
            ],
            "label": "sibling",
            "committed": false
          }
        ],
        "1210": [
          {
            "topic": "update",
            "update": "new friendship label",
            "relationship label": "parentchild",
            "friendship label": "friend",
            "relationship": 30567
          }
        ],
        "1212": [
          {
            "topic": "new relationship",
            "key": 35904,
            "people": [
              30565,
              35899
            ],
            "people names": [
              "Wigherus van Arnst",
              "Sygerus van Emmelina"
            ],
            "people ages": [
              3,
              0
            ],
            "label": "sibling",
            "committed": false
          },
          {
            "topic": "update",
            "update": "new friendship label",
            "relationship label": "parentchild",
            "friendship label": "friend",
            "relationship": 30567
          }
        ],
        "1213": [
          {
            "topic": "new relationship",
            "key": 37755,
            "people": [
              30565,
              37750
            ],
            "people names": [
              "Wigherus van Arnst",
              "Claward Arnstszoon"
            ],
            "people ages": [
              5,
              0
            ],
            "label": "sibling",
            "committed": false
          }
        ],
        "1214": [
          {
            "topic": "update",
            "update": "new friendship label",
            "relationship label": "sibling",
            "friendship label": "friend",
            "relationship": 37755
          },
          {
            "topic": "new relationship",
            "key": 39436,
            "people": [
              30565,
              39431
            ],
            "people names": [
              "Wigherus van Arnst",
              "Kolekinus"
            ],
            "people ages": [
              6,
              0
            ],
            "label": "sibling",
            "committed": false
          },
          {
            "topic": "person died",
            "person": {
              "key": 31213,
              "name": "Snellard",
              "age": 5,
              "alive": false,
              "sex": "m",
              "parents": {
                "mother": "Emmelina (12038)",
                "father": "Arnst (12037)"
              }
            },
            "cause": "childhood illness",
            "friendship label": "indifferent",