{
  "30575": {
    "alive": true,
    "name": "Goneir",
    "surname": "van Bernero",
    "full name": "Goneir van Bernero",
    "born this way": {
      "sexuality label": "straight",
      "sexuality": 0.065,
      "romantic interest": 0.654,
      "sex interest": 0.66,
      "gender expression": 0.16,
      "sex": "f"
    },
    "age": 41,
    "birth year": 1208,
    "sex": "f",
    "faction": "Zealots",
    "income class": [
      3,
      "upper middle class"
    ],
    "personality": {
      "lawful-chaotic": 0.627,
      "nice-nasty": 0.695,
      "honest-false": 0.44,
      "dream": 0.287,
      "outgoing": 0.745
    },
    "attitude": {
      "dream": 0.287,
      "outgoing": 0.745
    },
    "homsoc": {
      "means": {
        "independent": true,
        "taken_care_of": false,
        "caretaker": true,
        "needs_care": false,
        "flags": []
      },
      "expression": {
        "sexuality expression": 0.039,
        "gender expression expression": 0.094
      }
    },
    "network": {
      "parents": {
        "mother": "Wijfgode (12713)",
        "father": "Bernero (12712)"
      },
      "children": {},
      "relationship keys": {
        "parent": [
          30576,
          30577
        ],
        "sibling": [
          30578,
          30579,
          30580,
          30581,
          30582,
          30583,
          30584
        ],
        "unrelated": [
          50503,
          65718,
          75714
        ],
        "spouse": [
          75681
        ]
      }
    },
    "occupation": {
      "has job": true,
      "income class": [
        3,
        "upper middle class"
      ],
      "income": 1.5470000000000002,
      "all_incomes": [
        1.033,
        1.057,
        1.113,
        1.224,
        1.209,
        1.268,
        1.309,
        1.3920000000000001,
        1.497,
        1.5490000000000002,
        1.5490000000000002,
        1.518,
        1.5170000000000001,
        1.5330000000000001,
        1.5170000000000001,
        1.491,
        1.5490000000000002,
        1.5490000000000002,
        1.5490000000000002,
        1.5490000000000002,
        1.5490000000000002,
        1.5470000000000002,
        1.5470000000000002
      ],
      "job": {
        "lawful": true,
        "honest": true
      }
    },
    "genetics": {
      "skin_color": 6,
      "eye_color": "blue",
      "hair_color": "black",
      "hair_color_code": 0,
      "hair_type": [
        "C",
        "C"
      ],
      "health": 0.651,
      "fertility": 0.839,
      "communication_impaired": false,
      "mobility_impaired": false,
      "cognitive_impaired": false,
      "disabilities": []
    },
    "memory": {
      "health": {
        "1209": {
          "health": {
            "change": false,
            "value_change": 0.0,
            "new_health": 0.794
          },
          "death": false
        },
        "1214": {
          "health": {
            "change": true,
            "value_change": -0.143,
            "new_health": 0.651
          },
          "death": false
        },
        "1215": {
          "health": {
            "change": false,
            "value_change": 0.0,
            "new_health": 0.651
          },
          "death": false
        }
      },
      "events": {
        "1208": [
          {
            "topic": "birth",
            "year": 1208
          },
          {
            "topic": "new relationship",
            "key": 30576,
            "people": [
              12712,
              30575
            ],
            "people names": [
              "Bernero",
              "Goneir van Bernero"
            ],
            "people ages": [
              42,
              0
            ],
            "label": "parentchild",
            "committed": false
          },
          {
            "topic": "new relationship",
            "key": 30577,
            "people": [
              12713,
              30575
            ],
            "people names": [
              "Wijfgode Boghart",
              "Goneir van Bernero"
            ],
            "people ages": [
              25,
              0
            ],
            "label": "parentchild",
            "committed": false
          },
          {
            "topic": "new relationship",
            "key": 30578,
            "people": [
              13177,
              30575
            ],
            "people names": [
              "Everocker",
              "Goneir van Bernero"
            ],
            "people ages": [
              8,
              0
            ],
            "label": "sibling",
            "committed": false
          },
          {
            "topic": "new relationship",
            "key": 30579,
            "people": [
              15299,
              30575
            ],
            "people names": [
              "Arnulphus",
              "Goneir van Bernero"
            ],
            "people ages": [
              7,
              0
            ],
            "label": "sibling",
            "committed": false
          },
          {
            "topic": "new relationship",
            "key": 30580,
            "people": [
              20050,
              30575
            ],
            "people names": [
              "Arnulphus",
              "Goneir van Bernero"
            ],
            "people ages": [
              4,
              0
            ],
            "label": "sibling",
            "committed": false
          },
          {
            "topic": "new relationship",
            "key": 30581,
            "people": [
              22257,
              30575
            ],
            "people names": [
              "Thedwi Bernerosdochter",
              "Goneir van Bernero"
            ],
            "people ages": [
              3,
              0
            ],
            "label": "sibling",
            "committed": false
          },
          {
            "topic": "new relationship",
            "key": 30582,
            "people": [
              23054,
              30575
            ],
            "people names": [
              "Eingeliadis",
              "Goneir van Bernero"
            ],
            "people ages": [
              2,
              0
            ],
            "label": "sibling",
            "committed": false
          },
          {
            "topic": "new relationship",
            "key": 30583,
            "people": [
              25205,
              30575
            ],
            "people names": [
              "Tielen Berneroszoon",
              "Goneir van Bernero"
            ],
            "people ages": [
              2,
              0
            ],
            "label": "sibling",
            "committed": false
          },
          {
            "topic": "new relationship",
            "key": 30584,
            "people": [
              28083,
              30575
            ],
            "people names": [
              "Folpertus Berneroszoon",
              "Goneir van Bernero"
            ],
            "people ages": [
              1,
              0
            ],
            "label": "sibling",
            "committed": false
          }
        ],
        "1209": [
          {
            "topic": "update",
            "update": "new friendship label",
            "relationship label": "sibling",
            "friendship label": "indifferent",
            "relationship": 30582
          }
        ],
        "1210": [
          {
            "topic": "update",
            "update": "new friendship label",
            "relationship label": "sibling",
            "friendship label": "friend",
            "relationship": 30579
          }
        ],
        "1211": [
          {
            "topic": "update",
            "update": "new friendship label",
            "relationship label": "sibling",
            "friendship label": "friend",