{
  "31006": {
    "alive": true,
    "name": "Goneir",
    "surname": "Lozere",
    "full name": "Goneir Lozere",
    "born this way": {
      "sexuality label": "straight",
      "sexuality": 0.077,
      "romantic interest": 0.489,
      "sex interest": 0.524,
      "gender expression": 0.0,
      "sex": "f"
    },
    "age": 40,
    "birth year": 1209,
    "sex": "f",
    "faction": "Zealots",
    "income class": [
      3,
      "upper middle class"
    ],
    "personality": {
      "lawful-chaotic": 0.437,
      "nice-nasty": 0.999,
      "honest-false": 0.53,
      "dream": 0.681,
      "outgoing": 0.741
    },
    "attitude": {
      "dream": 0.681,
      "outgoing": 0.741
    },
    "homsoc": {
      "means": {
        "independent": true,
        "taken_care_of": false,
        "caretaker": true,
        "needs_care": false,
        "flags": []
      },
      "expression": {
        "sexuality expression": 0.052,
        "gender expression expression": -0.001
      }
    },
    "network": {
      "parents": {
        "mother": "Margareta (11768)",
        "father": "Karel (11767)"
      },
      "children": {
        "76232": {
          "key": 76232,
          "name": "Gilis van Waldfridus",
          "age": 0,
          "alive": true,
          "sex": "m",
          "parents": {
            "mother": "Goneir (31006)",
            "father": "Waldfridus (32969)"
          }
        }
      },
      "relationship keys": {
        "parent": [
          31007,
          31008
        ],
        "sibling": [
          31009,
          31010,
          31011,
          33988,
          38034
        ],
        "unrelated": [
          53465,
          56745,
          60086,
          64524
        ],
        "spouse": [
          72295
        ],
        "child": {
          "birth": [
            76234
          ]
        }
      }
    },
    "occupation": {
      "has job": true,
      "income class": [
        3,
        "upper middle class"
      ],
      "income": 1.5190000000000001,
      "all_incomes": [
        1.011,
        1.074,
        1.176,
        1.207,
        1.223,
        1.306,
        1.364,
        1.479,
        1.431,
        1.463,
        1.5110000000000001,
        1.5490000000000002,
        1.5490000000000002,
        1.5490000000000002,
        1.5190000000000001,
        1.5490000000000002,
        1.5490000000000002,
        1.5490000000000002,
        1.5490000000000002,
        1.5490000000000002,
        1.5310000000000001,
        1.5490000000000002,
        1.5190000000000001,
        1.5270000000000001,
        1.5190000000000001
      ],
      "job": {
        "lawful": true,
        "honest": true
      }
    },
    "genetics": {
      "skin_color": 6,
      "eye_color": "green",
      "hair_color": "brown",
      "hair_color_code": 2,
      "hair_type": [
        "S",
        "S"
      ],
      "health": 0.339,
      "fertility": 0.6,
      "communication_impaired": false,
      "mobility_impaired": false,
      "cognitive_impaired": false,
      "disabilities": []
    },
    "memory": {
      "health": {
        "1210": {
          "health": {
            "change": false,
            "value_change": 0.0,
            "new_health": 0.577
          },
          "death": false
        },
        "1234": {
          "health": {
            "change": true,
            "value_change": -0.238,
            "new_health": 0.339
          },
          "death": false
        },
        "1235": {
          "health": {
            "change": false,
            "value_change": 0.0,
            "new_health": 0.339
          },
          "death": false
        }
      },
      "events": {
        "1209": [
          {
            "topic": "birth",
            "year": 1209
          },
          {
            "topic": "new relationship",
            "key": 31007,
            "people": [
              11767,
              31006
            ],
            "people names": [
              "Karel Lozere",
              "Goneir Lozere"
            ],
            "people ages": [
              49,
              0
            ],
            "label": "parentchild",
            "committed": false
          },
          {
            "topic": "new relationship",
            "key": 31008,
            "people": [
              11768,
              31006
            ],
            "people names": [
              "Margareta Voet",
              "Goneir Lozere"
            ],
            "people ages": [
              30,
              0
            ],
            "label": "parentchild",
            "committed": false
          },
          {
            "topic": "new relationship",
            "key": 31009,
            "people": [
              17914,
              31006
            ],
            "people names": [
              "Rabburgis Lozere",
              "Goneir Lozere"
            ],
            "people ages": [
              6,
              0
            ],
            "label": "sibling",
            "committed": false
          },
          {
            "topic": "new relationship",
            "key": 31010,
            "people": [
              23380,
              31006
            ],
            "people names": [
              "Gherolf Lozere",
              "Goneir Lozere"
            ],
            "people ages": [
              3,
              0
            ],
            "label": "sibling",
            "committed": false
          },
          {
            "topic": "new relationship",
            "key": 31011,
            "people": [
              27467,
              31006
            ],
            "people names": [
              "Rolant Lozere",
              "Goneir Lozere"
            ],
            "people ages": [
              1,
              0
            ],
            "label": "sibling",
            "committed": false
          }
        ],
        "1210": [
          {
            "topic": "new relationship",
            "key": 33988,
            "people": [
              31006,
              33982
            ],
            "people names": [
              "Goneir Lozere",
              "Sanse Lozere"
            ],
            "people ages": [
              1,
              0
            ],
            "label": "sibling",
            "committed": false
          }
        ],
        "1211": [
          {
            "topic": "update",
            "update": "new friendship label",
            "relationship label": "sibling",
            "friendship label": "friend",
            "relationship": 31010
          },
          {
            "topic": "update",
            "update": "new friendship label",
            "relationship label": "parentchild",
            "friendship label": "indifferent",
            "relationship": 31008
          },
          {
            "topic": "update",
            "update": "new friendship label",
            "relationship label": "sibling",
            "friendship label": "friend",
            "relationship": 31011
          },
          {
            "topic": "update",
            "update": "new friendship label",
            "relationship label": "parentchild",
            "friendship label": "friend",
            "relationship": 31007
          }
        ],
        "1212": [
          {
            "topic": "update",
            "update": "new friendship label",
            "relationship label": "parentchild",
            "friendship label": "indifferent",
            "relationship": 31008
          }
        ],
        "1213": [
          {
            "topic": "new relationship",
            "key": 38034,
            "people": [
              31006,
              38028
            ],
            "people names": [
              "Goneir Lozere",
              "Reymodis Lozere"
            ],
            "people ages": [
              4,
              0
            ],
            "label": "sibling",