{
  "31000": {
    "alive": true,
    "name": "Ramont",
    "surname": "Deghenszoon",
    "full name": "Ramont Deghenszoon",
    "born this way": {
      "sexuality label": "straight",
      "sexuality": 0.038,
      "romantic interest": 0.984,
      "sex interest": 0.709,
      "gender expression": 0.0,
      "sex": "m"
    },
    "age": 40,
    "birth year": 1209,
    "sex": "m",
    "faction": "Dogmatists",
    "income class": [
      3,
      "upper middle class"
    ],
    "personality": {
      "lawful-chaotic": 0.006,
      "nice-nasty": 0.999,
      "honest-false": 0.487,
      "dream": 0.086,
      "outgoing": 0.605
    },
    "attitude": {
      "dream": 0.086,
      "outgoing": 0.605
    },
    "homsoc": {
      "means": {
        "independent": false,
        "taken_care_of": false,
        "caretaker": true,
        "needs_care": false,
        "flags": [
          "starving"
        ]
      },
      "expression": {
        "sexuality expression": 0.035,
        "gender expression expression": -0.001
      }
    },
    "network": {
      "parents": {
        "mother": "Uergina (12356)",
        "father": "Deghen (12355)"
      },
      "children": {},
      "relationship keys": {
        "parent": [
          31001,
          31002
        ],
        "sibling": [
          31003,
          31004,
          31005,
          34075,
          39458
        ],
        "unrelated": [
          58312
        ]
      }
    },
    "occupation": {
      "has job": true,
      "income class": [
        3,
        "upper middle class"
      ],
      "income": 0.39,
      "all_incomes": [
        0.832,
        1.067,
        0.46799999999999997,
        0.7200000000000001,
        0.499,
        0.77,
        0.7010000000000001,
        0.5800000000000001,
        0.5780000000000001,
        0.739,
        1.3880000000000001,
        1.5490000000000002,
        1.5490000000000002,
        1.337,
        1.5490000000000002,
        1.5490000000000002,
        1.5490000000000002,
        1.542,
        1.5490000000000002,
        1.5490000000000002,
        1.5490000000000002,
        0.9770000000000001,
        0.33899999999999997,
        0.14100000000000001,
        0.39
      ],
      "job": {
        "lawful": false,
        "honest": false
      }
    },
    "genetics": {
      "skin_color": 6,
      "eye_color": "blue",
      "hair_color": "black",
      "hair_color_code": 0,
      "hair_type": [
        "C",
        "C"
      ],
      "health": 0.729,
      "fertility": 0.734,
      "communication_impaired": false,
      "mobility_impaired": false,
      "cognitive_impaired": false,
      "disabilities": []
    },
    "memory": {
      "health": {
        "1210": {
          "health": {
            "change": false,
            "value_change": 0.0,
            "new_health": 0.729
          },
          "death": false
        }
      },
      "events": {
        "1209": [
          {
            "topic": "birth",
            "year": 1209
          },
          {
            "topic": "new relationship",
            "key": 31001,
            "people": [
              12355,
              31000
            ],
            "people names": [
              "Deghen Croic",
              "Ramont Deghenszoon"
            ],
            "people ages": [
              36,
              0
            ],
            "label": "parentchild",
            "committed": false
          },
          {
            "topic": "new relationship",
            "key": 31002,
            "people": [
              12356,
              31000
            ],
            "people names": [
              "Uergina Blonde",
              "Ramont Deghenszoon"
            ],
            "people ages": [
              31,
              0
            ],
            "label": "parentchild",
            "committed": false
          },
          {
            "topic": "new relationship",
            "key": 31003,
            "people": [
              15195,
              31000
            ],
            "people names": [
              "Nellen Croic",
              "Ramont Deghenszoon"
            ],
            "people ages": [
              7,
              0
            ],
            "label": "sibling",
            "committed": false
          },
          {
            "topic": "new relationship",
            "key": 31004,
            "people": [
              21657,
              31000
            ],
            "people names": [
              "Oda Croic",
              "Ramont Deghenszoon"
            ],
            "people ages": [
              4,
              0
            ],
            "label": "sibling",
            "committed": false
          },
          {
            "topic": "new relationship",
            "key": 31005,
            "people": [
              30429,
              31000
            ],
            "people names": [
              "Richolfus Croic",
              "Ramont Deghenszoon"
            ],
            "people ages": [
              0,
              0
            ],
            "label": "sibling",
            "committed": false
          }
        ],
        "1210": [
          {
            "topic": "update",
            "update": "new friendship label",
            "relationship label": "sibling",
            "friendship label": "indifferent",
            "relationship": 31005
          },
          {
            "topic": "new relationship",
            "key": 34075,
            "people": [
              31000,
              34069
            ],
            "people names": [
              "Ramont Deghenszoon",
              "Costan Croic"
            ],
            "people ages": [
              1,
              0
            ],
            "label": "sibling",
            "committed": false
          }
        ],
        "1211": [
          {
            "topic": "update",
            "update": "new friendship label",
            "relationship label": "sibling",
            "friendship label": "indifferent",
            "relationship": 31005
          },
          {
            "topic": "update",
            "update": "new friendship label",
            "relationship label": "sibling",
            "friendship label": "friend",
            "relationship": 31003
          }
        ],
        "1212": [
          {
            "topic": "update",
            "update": "new friendship label",
            "relationship label": "sibling",
            "friendship label": "indifferent",
            "relationship": 31004
          },
          {
            "topic": "update",
            "update": "new friendship label",
            "relationship label": "parentchild",
            "friendship label": "indifferent",
            "relationship": 31001
          }
        ],
        "1213": [
          {
            "topic": "update",
            "update": "new friendship label",
            "relationship label": "parentchild",
            "friendship label": "disliked",
            "relationship": 31001
          }
        ],
        "1214": [
          {
            "topic": "update",
            "update": "new friendship label",
            "relationship label": "sibling",
            "friendship label": "indifferent",
            "relationship": 31004
          },
          {
            "topic": "new relationship",
            "key": 39458,
            "people": [
              31000,
              39452
            ],
            "people names": [
              "Ramont Deghenszoon",
              "Mette Croic"
            ],
            "people ages": [
              5,
              0
            ],
            "label": "sibling",
            "committed": false
          },
          {
            "topic": "person died",
            "person": {
              "key": 12355,
              "name": "Deghen Croic",
              "age": 42,
              "alive": false,
              "sex": "m",
              "parents": "firstgen"
            },