{
  "31165": {
    "alive": false,
    "name": "Karis",
    "surname": "van Salome",
    "full name": "Karis van Salome",
    "born this way": {
      "sexuality label": "straight",
      "sexuality": 0.124,
      "romantic interest": 0.889,
      "sex interest": 0.564,
      "gender expression": 0.41,
      "sex": "m"
    },
    "age": 38,
    "birth year": 1209,
    "sex": "m",
    "faction": "Zealots",
    "income class": [
      3,
      "upper middle class"
    ],
    "personality": {
      "lawful-chaotic": 0.442,
      "nice-nasty": 0.501,
      "honest-false": 0.796,
      "dream": 0.848,
      "outgoing": 0.24
    },
    "attitude": {
      "dream": 0.848,
      "outgoing": 0.24
    },
    "homsoc": {
      "means": {
        "independent": true,
        "taken_care_of": false,
        "caretaker": true,
        "needs_care": false,
        "flags": [
          "starving"
        ]
      },
      "expression": {
        "sexuality expression": 0.068,
        "gender expression expression": 0.312
      }
    },
    "network": {
      "parents": {
        "mother": "Salome (11606)",
        "father": "Jacob (11605)"
      },
      "children": {},
      "relationship keys": {
        "parent": [
          31166,
          31167
        ],
        "sibling": [
          31168,
          31169,
          31170,
          31171,
          31172,
          31173,
          32830
        ]
      }
    },
    "occupation": {
      "has job": true,
      "income class": [
        3,
        "upper middle class"
      ],
      "income": 1.5490000000000002,
      "all_incomes": [
        0.942,
        0.9620000000000001,
        1.058,
        1.092,
        1.1700000000000002,
        1.155,
        1.123,
        1.187,
        1.191,
        1.2770000000000001,
        1.298,
        1.358,
        1.5030000000000001,
        1.52,
        1.5490000000000002,
        1.5490000000000002,
        1.5490000000000002,
        1.5490000000000002,
        1.5490000000000002,
        1.5490000000000002,
        1.5490000000000002,
        1.5490000000000002,
        1.5490000000000002
      ],
      "job": {
        "lawful": true,
        "honest": true
      }
    },
    "genetics": {
      "skin_color": 8,
      "eye_color": "brown",
      "hair_color": "black",
      "hair_color_code": 0,
      "hair_type": [
        "C",
        "S"
      ],
      "health": 0.371,
      "fertility": 0.681,
      "communication_impaired": false,
      "mobility_impaired": false,
      "cognitive_impaired": false,
      "disabilities": []
    },
    "memory": {
      "health": {
        "1210": {
          "health": {
            "change": false,
            "value_change": 0.0,
            "new_health": 0.618
          },
          "death": false
        },
        "1246": {
          "health": {
            "change": true,
            "value_change": -0.247,
            "new_health": 0.371
          },
          "death": false
        },
        "1247": {
          "health": {
            "change": false,
            "value_change": 0.0,
            "new_health": 0.371
          },
          "death": true
        }
      },
      "events": {
        "1209": [
          {
            "topic": "birth",
            "year": 1209
          },
          {
            "topic": "new relationship",
            "key": 31166,
            "people": [
              11605,
              31165
            ],
            "people names": [
              "Jacob",
              "Karis van Salome"
            ],
            "people ages": [
              30,
              0
            ],
            "label": "parentchild",
            "committed": false
          },
          {
            "topic": "new relationship",
            "key": 31167,
            "people": [
              11606,
              31165
            ],
            "people names": [
              "Salome Maenschin",
              "Karis van Salome"
            ],
            "people ages": [
              29,
              0
            ],
            "label": "parentchild",
            "committed": false
          },
          {
            "topic": "new relationship",
            "key": 31168,
            "people": [
              13084,
              31165
            ],
            "people names": [
              "Reymodis",
              "Karis van Salome"
            ],
            "people ages": [
              8,
              0
            ],
            "label": "sibling",
            "committed": false
          },
          {
            "topic": "new relationship",
            "key": 31169,
            "people": [
              16051,
              31165
            ],
            "people names": [
              "Nellen",
              "Karis van Salome"
            ],
            "people ages": [
              7,
              0
            ],
            "label": "sibling",
            "committed": false
          },
          {
            "topic": "new relationship",
            "key": 31170,
            "people": [
              17398,
              31165
            ],
            "people names": [
              "Alebrando Jacobszoon",
              "Karis van Salome"
            ],
            "people ages": [
              6,
              0
            ],
            "label": "sibling",
            "committed": false
          },
          {
            "topic": "new relationship",
            "key": 31171,
            "people": [
              19199,
              31165
            ],
            "people names": [
              "Ermerut",
              "Karis van Salome"
            ],
            "people ages": [
              5,
              0
            ],
            "label": "sibling",
            "committed": false
          },
          {
            "topic": "new relationship",
            "key": 31172,
            "people": [
              24160,
              31165
            ],
            "people names": [
              "Saswe",
              "Karis van Salome"
            ],
            "people ages": [
              3,
              0
            ],
            "label": "sibling",
            "committed": false
          },
          {
            "topic": "new relationship",
            "key": 31173,
            "people": [
              30687,
              31165
            ],
            "people names": [
              "Ydier",
              "Karis van Salome"
            ],
            "people ages": [
              0,
              0
            ],
            "label": "sibling",
            "committed": false
          }
        ],
        "1210": [
          {
            "topic": "new relationship",
            "key": 32830,
            "people": [
              31165,
              32821
            ],
            "people names": [
              "Karis van Salome",
              "Siwa Jacobsdochter"
            ],
            "people ages": [
              0,
              0
            ],
            "label": "sibling",
            "committed": false
          }
        ],
        "1212": [
          {
            "topic": "update",
            "update": "new friendship label",
            "relationship label": "sibling",
            "friendship label": "indifferent",
            "relationship": 32830
          },
          {
            "topic": "person died",
            "person": {
              "key": 11606,
              "name": "Salome Maenschin",
              "age": 33,
              "alive": false,
              "sex": "f",
              "parents": "firstgen"
            },
            "cause": "illness",
            "friendship label": "friend",
            "label": "parent"
          }
        ],
        "1213": [
          {
            "topic": "update",
            "update": "new friendship label",
            "relationship label": "sibling",
            "friendship label": "indifferent",