{
  "31544": {
    "alive": true,
    "name": "Wolfraem",
    "surname": "Brusch",
    "full name": "Wolfraem Brusch",
    "born this way": {
      "sexuality label": "gay",
      "sexuality": 0.909,
      "romantic interest": 0.528,
      "sex interest": 0.889,
      "gender expression": 0.176,
      "sex": "m"
    },
    "age": 44,
    "birth year": 1230,
    "sex": "m",
    "faction": "Dogmatists",
    "income class": [
      3,
      "upper middle class"
    ],
    "personality": {
      "lawful-chaotic": 0.614,
      "nice-nasty": 0.902,
      "honest-false": 0.263
    },
    "attitude": {
      "outgoing": 0.658,
      "dream": 0.651
    },
    "homsoc": {
      "means": {
        "independent": true,
        "taken_care_of": false,
        "caretaker": true,
        "needs_care": false,
        "flags": []
      },
      "expression": {
        "sexuality expression": 0.311,
        "gender expression expression": 0.157
      }
    },
    "network": {
      "parents": {
        "mother": "Sybillia (15921)",
        "father": "Heinhoca (14094)"
      },
      "children": {},
      "relationship keys": {
        "parent": [
          31545,
          31546
        ],
        "half-sibling": [
          32294
        ],
        "grandparent": [
          32317
        ],
        "nibling": [
          33193,
          33194,
          57290
        ],
        "sibling": [
          33992,
          35638,
          38445
        ],
        "spouse": [
          81316
        ]
      }
    },
    "occupation": {
      "has job": true,
      "income class": [
        3,
        "upper middle class"
      ],
      "income": 1.5490000000000002,
      "all_incomes": [
        1.011,
        1.341,
        1.419,
        1.5490000000000002,
        1.5490000000000002,
        1.5490000000000002,
        1.5490000000000002,
        1.5490000000000002,
        1.5490000000000002,
        1.5490000000000002,
        1.53,
        1.301,
        1.214,
        1.1640000000000001,
        1.1640000000000001,
        1.478,
        1.5490000000000002,
        1.5490000000000002,
        1.5490000000000002,
        1.5490000000000002,
        1.5490000000000002,
        1.5490000000000002,
        1.5490000000000002,
        1.5490000000000002,
        1.456,
        1.431,
        1.3760000000000001,
        1.536,
        1.5490000000000002
      ],
      "job": {
        "lawful": true,
        "honest": false
      }
    },
    "genetics": {
      "skin_color": 6,
      "eye_color": "brown",
      "hair_color": "dark brown",
      "hair_color_code": 1,
      "hair_type": [
        "S",
        "S"
      ],
      "health": 0.725,
      "fertility": 0.742,
      "communication_impaired": false,
      "mobility_impaired": false,
      "cognitive_impaired": false,
      "disabilities": []
    },
    "memory": {
      "health": {
        "1231": {
          "health": {
            "change": false,
            "value_change": 0.0,
            "new_health": 0.725
          },
          "death": false
        }
      },
      "events": {
        "1230": [
          {
            "topic": "new home",
            "home": {
              "income class": 3,
              "income class label": "upper middle class",
              "section": "stDie lange straet3.se7.c3",
              "street": "Die lange straet3",
              "neighborhood": "visbuurt",
              "unique id": 701
            }
          }
        ],
        "1231": [
          {
            "topic": "new relationship",
            "key": 33193,
            "people": [
              19986,
              31544
            ],
            "people names": [
              "Falco Gherbarenszoon",
              "Wolfraem Brusch"
            ],
            "people ages": [
              22,
              1
            ],
            "label": "nibling",
            "committed": false
          },
          {
            "topic": "new relationship",
            "key": 33194,
            "people": [
              21697,
              31544
            ],
            "people names": [
              "Reymodis",
              "Wolfraem Brusch"
            ],
            "people ages": [
              19,
              1
            ],
            "label": "nibling",
            "committed": false
          }
        ],
        "1232": [
          {
            "topic": "event",
            "event": "war",
            "year": 1232
          },
          {
            "topic": "update",
            "update": "new friendship label",
            "relationship label": "grandparentchild",
            "friendship label": "indifferent",
            "relationship": 32317
          },
          {
            "topic": "new relationship",
            "key": 33992,
            "people": [
              31544,
              33989
            ],
            "people names": [
              "Wolfraem Brusch",
              "Volcwiif Brusch"
            ],
            "people ages": [
              2,
              0
            ],
            "label": "sibling",
            "committed": false
          }
        ],
        "1233": [
          {
            "topic": "update",
            "update": "new friendship label",
            "relationship label": "parentchild",
            "friendship label": "indifferent",
            "relationship": 31545
          }
        ],
        "1234": [
          {
            "topic": "update",
            "update": "new friendship label",
            "relationship label": "grandparentchild",
            "friendship label": "indifferent",
            "relationship": 32317
          },
          {
            "topic": "new relationship",
            "key": 35638,
            "people": [
              31544,
              35635
            ],
            "people names": [
              "Wolfraem Brusch",
              "Ringot Brusch"
            ],
            "people ages": [
              3,
              0
            ],
            "label": "sibling",
            "committed": false
          },
          {
            "topic": "update",
            "update": "new friendship label",
            "relationship label": "half-sibling",
            "friendship label": "indifferent",
            "relationship": 32294
          }
        ],
        "1237": [
          {
            "topic": "new relationship",
            "key": 38445,
            "people": [
              31544,
              38442
            ],
            "people names": [
              "Wolfraem Brusch",
              "Wasseliin Brusch"
            ],
            "people ages": [
              6,
              0
            ],
            "label": "sibling",
            "committed": false
          }
        ],
        "1238": [
          {
            "topic": "person died",
            "person": {
              "key": 11975,
              "name": "Reymodis Craiman",
              "age": 61,
              "alive": false,
              "sex": "f",
              "parents": "firstgen"
            },
            "cause": "sickness",
            "label": "grandparentchild"
          }
        ],
        "1240": [
          {
            "topic": "update",
            "update": "new friendship label",
            "relationship label": "sibling",
            "friendship label": "indifferent",
            "relationship": 35638
          },
          {
            "topic": "person died",
            "person": {
              "key": 14094,
              "name": "Heinhoca Brusch",
              "age": 39,
              "alive": false,
              "sex": "m",
              "parents": {
                "mother": "Beatrice (11999)",
                "father": "Waldfridus (11998)"
              }
            },
            "cause": "illness",
            "label": "parent"
          }
        ],
        "1242": [
          {
            "topic": "person died",
            "person": {
              "key": 19986,