{
  "31562": {
    "alive": true,
    "name": "Arnekin",
    "surname": "",
    "full name": "Arnekin",
    "born this way": {
      "sexuality label": "straight",
      "sexuality": 0.032,
      "romantic interest": 0.604,
      "sex interest": 0.705,
      "gender expression": 0.125,
      "sex": "m"
    },
    "age": 40,
    "birth year": 1209,
    "sex": "m",
    "faction": "Zealots",
    "income class": [
      4,
      "nobility"
    ],
    "personality": {
      "lawful-chaotic": 0.324,
      "nice-nasty": 0.653,
      "honest-false": 0.759,
      "dream": 0.035,
      "outgoing": 0.307
    },
    "attitude": {
      "dream": 0.035,
      "outgoing": 0.307
    },
    "homsoc": {
      "means": {
        "independent": true,
        "taken_care_of": false,
        "caretaker": true,
        "needs_care": false,
        "flags": [
          "starving"
        ]
      },
      "expression": {
        "sexuality expression": 0.013,
        "gender expression expression": 0.062
      }
    },
    "network": {
      "parents": {
        "mother": "Mette (12398)",
        "father": "Hubrecht (12397)"
      },
      "children": {},
      "relationship keys": {
        "parent": [
          31563
        ],
        "sibling": [
          31564,
          31565,
          31566,
          45125
        ],
        "unrelated": [
          47993,
          55097,
          56732,
          73265
        ]
      }
    },
    "occupation": {
      "has job": true,
      "income class": [
        4,
        "nobility"
      ],
      "income": 1.417,
      "all_incomes": [
        1.307,
        1.383,
        1.5950000000000002,
        1.5990000000000002,
        1.518,
        1.5990000000000002,
        1.5990000000000002,
        1.5990000000000002,
        1.5990000000000002,
        1.5990000000000002,
        1.548,
        1.5990000000000002,
        1.5990000000000002,
        1.5990000000000002,
        1.5990000000000002,
        1.5990000000000002,
        1.5990000000000002,
        1.5990000000000002,
        1.5990000000000002,
        1.5990000000000002,
        1.417
      ],
      "job": {
        "lawful": false,
        "honest": true
      }
    },
    "genetics": {
      "skin_color": 6,
      "eye_color": "blue",
      "hair_color": "black",
      "hair_color_code": 0,
      "hair_type": [
        "S",
        "C"
      ],
      "health": 0.788,
      "fertility": 0.89,
      "communication_impaired": false,
      "mobility_impaired": false,
      "cognitive_impaired": false,
      "disabilities": []
    },
    "memory": {
      "health": {
        "1210": {
          "health": {
            "change": false,
            "value_change": 0.0,
            "new_health": 0.788
          },
          "death": false
        }
      },
      "events": {
        "1209": [
          {
            "topic": "birth",
            "year": 1209
          },
          {
            "topic": "new relationship",
            "key": 31563,
            "people": [
              12398,
              31562
            ],
            "people names": [
              "Mette Euer",
              "Arnekin"
            ],
            "people ages": [
              35,
              0
            ],
            "label": "parentchild",
            "committed": false
          },
          {
            "topic": "new relationship",
            "key": 31564,
            "people": [
              15618,
              31562
            ],
            "people names": [
              "Sipper van Hubrecht",
              "Arnekin"
            ],
            "people ages": [
              7,
              0
            ],
            "label": "sibling",
            "committed": false
          },
          {
            "topic": "new relationship",
            "key": 31565,
            "people": [
              21398,
              31562
            ],
            "people names": [
              "Cees Froes",
              "Arnekin"
            ],
            "people ages": [
              5,
              0
            ],
            "label": "sibling",
            "committed": false
          },
          {
            "topic": "new relationship",
            "key": 31566,
            "people": [
              26063,
              31562
            ],
            "people names": [
              "Lutghardis Froes",
              "Arnekin"
            ],
            "people ages": [
              2,
              0
            ],
            "label": "sibling",
            "committed": false
          },
          {
            "topic": "not enough income",
            "income": 0,
            "inhabitants": [
              31562,
              45120
            ]
          }
        ],
        "1210": [
          {
            "topic": "not enough income",
            "income": 0,
            "inhabitants": [
              31562,
              45120
            ]
          }
        ],
        "1211": [
          {
            "topic": "not enough income",
            "income": 0,
            "inhabitants": [
              31562,
              45120
            ]
          }
        ],
        "1212": [
          {
            "topic": "not enough income",
            "income": 0,
            "inhabitants": [
              31562,
              45120
            ]
          }
        ],
        "1213": [
          {
            "topic": "not enough income",
            "income": 0,
            "inhabitants": [
              31562,
              45120
            ]
          }
        ],
        "1214": [
          {
            "topic": "not enough income",
            "income": 0,
            "inhabitants": [
              31562,
              45120
            ]
          }
        ],
        "1215": [
          {
            "topic": "event",
            "event": "plague",
            "year": 1215
          },
          {
            "topic": "personality change",
            "change": true,
            "trait": "honest-false",
            "trigger": "trauma",
            "mod": -0.139
          },
          {
            "topic": "update",
            "update": "new friendship label",
            "relationship label": "parentchild",
            "friendship label": "indifferent",
            "relationship": 31563
          },
          {
            "topic": "not enough income",
            "income": 0,
            "inhabitants": [
              31562,
              45120
            ]
          }
        ],
        "1216": [
          {
            "topic": "not enough income",
            "income": 0,
            "inhabitants": [
              31562,
              45120
            ]
          }
        ],
        "1217": [
          {
            "topic": "not enough income",
            "income": 0,
            "inhabitants": [
              31562,
              45120
            ]
          }
        ],
        "1218": [
          {
            "topic": "not enough income",
            "income": 0,
            "inhabitants": [
              31562,
              45120
            ]
          }
        ],
        "1219": [
          {
            "topic": "not enough income",
            "income": 0,
            "inhabitants": [
              31562,
              45120
            ]
          }
        ],
        "1220": [
          {
            "topic": "not enough income",
            "income": 0,
            "inhabitants": [
              31562,
              45120
            ]
          }
        ],
        "1221": [
          {
            "topic": "not enough income",
            "income": 0,
            "inhabitants": [
              31562,
              45120
            ]
          }
        ],
        "1223": [
          {
            "topic": "event",
            "event": "plague",
            "year": 1223
          },
          {
            "topic": "new relationship",
            "key": 45125,