{
  "31753": {
    "alive": true,
    "name": "Niels",
    "surname": "Syuardusszoon",
    "full name": "Niels Syuardusszoon",
    "born this way": {
      "sexuality label": "straight",
      "sexuality": 0.09,
      "romantic interest": 0.679,
      "sex interest": 0.732,
      "gender expression": 0.096,
      "sex": "m"
    },
    "age": 40,
    "birth year": 1209,
    "sex": "m",
    "faction": "Zealots",
    "income class": [
      3,
      "upper middle class"
    ],
    "personality": {
      "lawful-chaotic": 0.521,
      "nice-nasty": 0.414,
      "honest-false": 0.325,
      "dream": 0.442,
      "outgoing": 0.583
    },
    "attitude": {
      "dream": 0.442,
      "outgoing": 0.583
    },
    "homsoc": {
      "means": {
        "independent": true,
        "taken_care_of": false,
        "caretaker": true,
        "needs_care": false,
        "flags": []
      },
      "expression": {
        "sexuality expression": 0.047,
        "gender expression expression": 0.038
      }
    },
    "network": {
      "parents": {
        "mother": "Nellen (11606)",
        "father": "Syuardus (11605)"
      },
      "children": {},
      "relationship keys": {
        "parent": [
          31754,
          31755
        ],
        "sibling": [
          31756,
          32858,
          36847
        ],
        "unrelated": [
          47025,
          61522,
          63154,
          68133,
          69307,
          72368,
          73223
        ]
      }
    },
    "occupation": {
      "has job": true,
      "income class": [
        3,
        "upper middle class"
      ],
      "income": 1.5490000000000002,
      "all_incomes": [
        1.126,
        0.933,
        1.124,
        1.059,
        0.865,
        0.9380000000000001,
        1.532,
        1.484,
        1.526,
        1.5490000000000002,
        1.326,
        1.373,
        1.5490000000000002,
        1.5490000000000002,
        1.494,
        1.389,
        1.5490000000000002,
        1.5490000000000002,
        1.5490000000000002,
        1.5490000000000002,
        1.464,
        1.5490000000000002,
        1.5490000000000002,
        1.5490000000000002
      ],
      "job": {
        "lawful": true,
        "honest": false
      }
    },
    "genetics": {
      "skin_color": 2,
      "eye_color": "blue",
      "hair_color": "red",
      "hair_color_code": 3,
      "hair_type": [
        "S",
        "C"
      ],
      "health": 0.686,
      "fertility": 0.602,
      "communication_impaired": false,
      "mobility_impaired": false,
      "cognitive_impaired": false,
      "disabilities": []
    },
    "memory": {
      "health": {
        "1210": {
          "health": {
            "change": false,
            "value_change": 0.0,
            "new_health": 0.686
          },
          "death": false
        }
      },
      "events": {
        "1209": [
          {
            "topic": "birth",
            "year": 1209
          },
          {
            "topic": "new relationship",
            "key": 31754,
            "people": [
              11605,
              31753
            ],
            "people names": [
              "Syuardus",
              "Niels Syuardusszoon"
            ],
            "people ages": [
              41,
              0
            ],
            "label": "parentchild",
            "committed": false
          },
          {
            "topic": "new relationship",
            "key": 31755,
            "people": [
              11606,
              31753
            ],
            "people names": [
              "Nellen Croenekin",
              "Niels Syuardusszoon"
            ],
            "people ages": [
              33,
              0
            ],
            "label": "parentchild",
            "committed": false
          },
          {
            "topic": "new relationship",
            "key": 31756,
            "people": [
              13570,
              31753
            ],
            "people names": [
              "Abben van Syuardus",
              "Niels Syuardusszoon"
            ],
            "people ages": [
              9,
              0
            ],
            "label": "sibling",
            "committed": false
          }
        ],
        "1210": [
          {
            "topic": "new relationship",
            "key": 32858,
            "people": [
              31753,
              32854
            ],
            "people names": [
              "Niels Syuardusszoon",
              "Eggerdus van Nellen"
            ],
            "people ages": [
              0,
              0
            ],
            "label": "sibling",
            "committed": false
          },
          {
            "topic": "update",
            "update": "new friendship label",
            "relationship label": "sibling",
            "friendship label": "enemy",
            "relationship": 31756
          }
        ],
        "1212": [
          {
            "topic": "new relationship",
            "key": 36847,
            "people": [
              31753,
              36843
            ],
            "people names": [
              "Niels Syuardusszoon",
              "Splinter Syuardusszoon"
            ],
            "people ages": [
              3,
              0
            ],
            "label": "sibling",
            "committed": false
          }
        ],
        "1215": [
          {
            "topic": "event",
            "event": "plague",
            "year": 1215
          }
        ],
        "1217": [
          {
            "topic": "update",
            "update": "new friendship label",
            "relationship label": "sibling",
            "friendship label": "indifferent",
            "relationship": 36847
          },
          {
            "topic": "person died",
            "person": {
              "key": 11605,
              "name": "Syuardus",
              "age": 50,
              "alive": false,
              "sex": "m",
              "parents": "firstgen"
            },
            "cause": "illness",
            "friendship label": "indifferent",
            "label": "parent"
          }
        ],
        "1223": [
          {
            "topic": "event",
            "event": "plague",
            "year": 1223
          },
          {
            "topic": "person died",
            "person": {
              "key": 36843,
              "name": "Splinter Syuardusszoon",
              "age": 11,
              "alive": false,
              "sex": "m",
              "parents": {
                "mother": "Nellen (11606)",
                "father": "Syuardus (11605)"
              }
            },
            "cause": "plague",
            "friendship label": "indifferent",
            "label": "sibling"
          }
        ],
        "1224": [
          {
            "topic": "update",
            "update": "new friendship label",
            "relationship label": "sibling",
            "friendship label": "friend",
            "relationship": 32858
          }
        ],
        "1225": [
          {
            "topic": "new relationship",
            "key": 47025,
            "people": [
              31753,
              24295
            ],
            "people names": [
              "Niels Syuardusszoon",
              "Snellekine Scenkel"
            ],
            "people ages": [
              16,
              20
            ],
            "label": "unrelated",
            "committed": false
          }
        ],
        "1226": [
          {
            "topic": "job notice",
            "notice": "found job",
            "income": 1.126
          },
          {
            "topic": "person died",
            "person": {
              "key": 11606,
              "name": "Nellen Croenekin",
              "age": 51,
              "alive": false,
              "sex": "f",
              "parents": "firstgen"
            },
            "cause": "old age",