{
  "31949": {
    "alive": true,
    "name": "Rolant",
    "surname": "Blonde",
    "full name": "Rolant Blonde",
    "born this way": {
      "sexuality label": "straight",
      "sexuality": 0.0,
      "romantic interest": 0.815,
      "sex interest": 0.642,
      "gender expression": 0.317,
      "sex": "m"
    },
    "age": 40,
    "birth year": 1209,
    "sex": "m",
    "faction": "No religion",
    "income class": [
      4,
      "nobility"
    ],
    "personality": {
      "lawful-chaotic": 0.576,
      "nice-nasty": 0.478,
      "honest-false": 0.563,
      "dream": 0.391,
      "outgoing": 0.975
    },
    "attitude": {
      "dream": 0.391,
      "outgoing": 0.975
    },
    "homsoc": {
      "means": {
        "independent": true,
        "taken_care_of": false,
        "caretaker": true,
        "needs_care": false,
        "flags": []
      },
      "expression": {
        "sexuality expression": -0.001,
        "gender expression expression": 0.098
      }
    },
    "network": {
      "parents": {
        "mother": "Kerstine (11714)",
        "father": "Snelle (11713)"
      },
      "children": {},
      "relationship keys": {
        "parent": [
          31950,
          31951
        ],
        "sibling": [
          31952,
          31953,
          31954,
          31955,
          32759,
          35283
        ],
        "unrelated": [
          50440,
          51985,
          54997,
          58301,
          61532,
          63161,
          69250,
          73266,
          74170
        ]
      }
    },
    "occupation": {
      "has job": true,
      "income class": [
        4,
        "nobility"
      ],
      "income": 1.5990000000000002,
      "all_incomes": [
        1.034,
        1.215,
        1.375,
        1.389,
        1.5250000000000001,
        1.5990000000000002,
        1.5990000000000002,
        1.5990000000000002,
        1.5990000000000002,
        1.5990000000000002,
        1.5990000000000002,
        1.5990000000000002,
        1.5990000000000002,
        1.5990000000000002,
        1.5850000000000002,
        1.5990000000000002,
        1.5990000000000002,
        1.5990000000000002,
        1.5990000000000002,
        1.5990000000000002,
        1.5990000000000002,
        1.5990000000000002,
        1.5990000000000002,
        1.5990000000000002,
        1.5990000000000002
      ],
      "job": {
        "lawful": true,
        "honest": true
      }
    },
    "genetics": {
      "skin_color": 1,
      "eye_color": "blue",
      "hair_color": "black",
      "hair_color_code": 0,
      "hair_type": [
        "C",
        "C"
      ],
      "health": 0.405,
      "fertility": 0.394,
      "communication_impaired": false,
      "mobility_impaired": false,
      "cognitive_impaired": false,
      "disabilities": []
    },
    "memory": {
      "health": {
        "1210": {
          "health": {
            "change": false,
            "value_change": 0.0,
            "new_health": 0.405
          },
          "death": false
        }
      },
      "events": {
        "1209": [
          {
            "topic": "birth",
            "year": 1209
          },
          {
            "topic": "new relationship",
            "key": 31950,
            "people": [
              11713,
              31949
            ],
            "people names": [
              "Snelle Blonde",
              "Rolant Blonde"
            ],
            "people ages": [
              52,
              0
            ],
            "label": "parentchild",
            "committed": false
          },
          {
            "topic": "new relationship",
            "key": 31951,
            "people": [
              11714,
              31949
            ],
            "people names": [
              "Kerstine Rike",
              "Rolant Blonde"
            ],
            "people ages": [
              35,
              0
            ],
            "label": "parentchild",
            "committed": false
          },
          {
            "topic": "new relationship",
            "key": 31952,
            "people": [
              13447,
              31949
            ],
            "people names": [
              "Sywi Blonde",
              "Rolant Blonde"
            ],
            "people ages": [
              8,
              0
            ],
            "label": "sibling",
            "committed": false
          },
          {
            "topic": "new relationship",
            "key": 31953,
            "people": [
              24405,
              31949
            ],
            "people names": [
              "Sifridus Blonde",
              "Rolant Blonde"
            ],
            "people ages": [
              4,
              0
            ],
            "label": "sibling",
            "committed": false
          },
          {
            "topic": "new relationship",
            "key": 31954,
            "people": [
              26199,
              31949
            ],
            "people names": [
              "Gerburgis Blonde",
              "Rolant Blonde"
            ],
            "people ages": [
              3,
              0
            ],
            "label": "sibling",
            "committed": false
          },
          {
            "topic": "new relationship",
            "key": 31955,
            "people": [
              30319,
              31949
            ],
            "people names": [
              "Hodine Blonde",
              "Rolant Blonde"
            ],
            "people ages": [
              1,
              0
            ],
            "label": "sibling",
            "committed": false
          }
        ],
        "1210": [
          {
            "topic": "new relationship",
            "key": 32759,
            "people": [
              31949,
              32753
            ],
            "people names": [
              "Rolant Blonde",
              "Trame Blonde"
            ],
            "people ages": [
              0,
              0
            ],
            "label": "sibling",
            "committed": false
          }
        ],
        "1211": [
          {
            "topic": "update",
            "update": "new friendship label",
            "relationship label": "sibling",
            "friendship label": "friend",
            "relationship": 31953
          },
          {
            "topic": "update",
            "update": "new friendship label",
            "relationship label": "sibling",
            "friendship label": "indifferent",
            "relationship": 31955
          },
          {
            "topic": "new relationship",
            "key": 35283,
            "people": [
              31949,
              35277
            ],
            "people names": [
              "Rolant Blonde",
              "Reymodis Blonde"
            ],
            "people ages": [
              2,
              0
            ],
            "label": "sibling",
            "committed": false
          }
        ],
        "1212": [
          {
            "topic": "update",
            "update": "new friendship label",
            "relationship label": "sibling",
            "friendship label": "indifferent",
            "relationship": 35283
          },
          {
            "topic": "person died",
            "person": {
              "key": 11713,
              "name": "Snelle Blonde",
              "age": 56,
              "alive": false,
              "sex": "m",
              "parents": "firstgen"
            },
            "cause": "sickness",
            "friendship label": "indifferent",
            "label": "parent"
          }
        ],
        "1213": [
          {
            "topic": "update",
            "update": "new friendship label",
            "relationship label": "sibling",
            "friendship label": "friend",
            "relationship": 31953
          }
        ],