{
  "32061": {
    "alive": true,
    "name": "Goeskin",
    "surname": "Pryckert",
    "full name": "Goeskin Pryckert",
    "born this way": {
      "sexuality label": "straight",
      "sexuality": 0.077,
      "romantic interest": 0.805,
      "sex interest": 0.473,
      "gender expression": 0.288,
      "sex": "m"
    },
    "age": 40,
    "birth year": 1209,
    "sex": "m",
    "faction": "No religion",
    "income class": [
      3,
      "upper middle class"
    ],
    "personality": {
      "lawful-chaotic": 0.0,
      "nice-nasty": 0.703,
      "honest-false": 0.252,
      "dream": 0.72,
      "outgoing": 0.433
    },
    "attitude": {
      "dream": 0.72,
      "outgoing": 0.433
    },
    "homsoc": {
      "means": {
        "independent": true,
        "taken_care_of": false,
        "caretaker": true,
        "needs_care": false,
        "flags": [
          "starving"
        ]
      },
      "expression": {
        "sexuality expression": 0.044,
        "gender expression expression": 0.086
      }
    },
    "network": {
      "parents": {
        "mother": "Salome (11894)",
        "father": "Ghodscalc (11893)"
      },
      "children": {
        "75505": {
          "key": 75505,
          "name": "Sanders Pryckert",
          "age": 1,
          "alive": true,
          "sex": "m",
          "parents": {
            "mother": "Soeten (14227)",
            "father": "Goeskin (32061)"
          }
        }
      },
      "relationship keys": {
        "parent": [
          32062,
          32063
        ],
        "sibling": [
          32064,
          32065,
          32066,
          33133
        ],
        "unrelated": [
          36943,
          61588
        ],
        "spouse": [
          72307
        ],
        "child": {
          "birth": [
            75506
          ]
        }
      }
    },
    "occupation": {
      "has job": true,
      "income class": [
        3,
        "upper middle class"
      ],
      "income": 0.924,
      "all_incomes": [
        0.961,
        1.035,
        0.795,
        0.5960000000000001,
        1.105,
        1.332,
        1.5490000000000002,
        1.5490000000000002,
        1.5490000000000002,
        1.5490000000000002,
        1.5490000000000002,
        1.441,
        1.05,
        1.242,
        1.227,
        1.5490000000000002,
        1.5490000000000002,
        1.5490000000000002,
        1.358,
        1.2930000000000001,
        1.4160000000000001,
        1.309,
        1.5490000000000002,
        0.924
      ],
      "job": {
        "lawful": false,
        "honest": false
      }
    },
    "genetics": {
      "skin_color": 3,
      "eye_color": "green",
      "hair_color": "blonde",
      "hair_color_code": 4,
      "hair_type": [
        "C",
        "C"
      ],
      "health": 0.596,
      "fertility": 0.586,
      "communication_impaired": false,
      "mobility_impaired": false,
      "cognitive_impaired": false,
      "disabilities": []
    },
    "memory": {
      "health": {
        "1210": {
          "health": {
            "change": false,
            "value_change": 0.0,
            "new_health": 0.596
          },
          "death": false
        }
      },
      "events": {
        "1209": [
          {
            "topic": "birth",
            "year": 1209
          },
          {
            "topic": "new relationship",
            "key": 32062,
            "people": [
              11893,
              32061
            ],
            "people names": [
              "Ghodscalc Pryckert",
              "Goeskin Pryckert"
            ],
            "people ages": [
              40,
              0
            ],
            "label": "parentchild",
            "committed": false
          },
          {
            "topic": "new relationship",
            "key": 32063,
            "people": [
              11894,
              32061
            ],
            "people names": [
              "Salome Stamelart",
              "Goeskin Pryckert"
            ],
            "people ages": [
              30,
              0
            ],
            "label": "parentchild",
            "committed": false
          },
          {
            "topic": "new relationship",
            "key": 32064,
            "people": [
              14632,
              32061
            ],
            "people names": [
              "Riet Pryckert",
              "Goeskin Pryckert"
            ],
            "people ages": [
              7,
              0
            ],
            "label": "sibling",
            "committed": false
          },
          {
            "topic": "new relationship",
            "key": 32065,
            "people": [
              20403,
              32061
            ],
            "people names": [
              "Arnulphus Pryckert",
              "Goeskin Pryckert"
            ],
            "people ages": [
              6,
              0
            ],
            "label": "sibling",
            "committed": false
          },
          {
            "topic": "new relationship",
            "key": 32066,
            "people": [
              23395,
              32061
            ],
            "people names": [
              "Hersewindis",
              "Goeskin Pryckert"
            ],
            "people ages": [
              3,
              0
            ],
            "label": "sibling",
            "committed": false
          }
        ],
        "1210": [
          {
            "topic": "update",
            "update": "new friendship label",
            "relationship label": "sibling",
            "friendship label": "friend",
            "relationship": 32066
          },
          {
            "topic": "new relationship",
            "key": 33133,
            "people": [
              32061,
              33127
            ],
            "people names": [
              "Goeskin Pryckert",
              "Imma Pryckert"
            ],
            "people ages": [
              0,
              0
            ],
            "label": "sibling",
            "committed": false
          },
          {
            "topic": "update",
            "update": "new friendship label",
            "relationship label": "sibling",
            "friendship label": "indifferent",
            "relationship": 32064
          },
          {
            "topic": "person died",
            "person": {
              "key": 11894,
              "name": "Salome Stamelart",
              "age": 31,
              "alive": false,
              "sex": "f",
              "parents": "firstgen"
            },
            "cause": "childbirth",
            "friendship label": "good friend",
            "label": "parent"
          }
        ],
        "1212": [
          {
            "topic": "update",
            "update": "new friendship label",
            "relationship label": "sibling",
            "friendship label": "indifferent",
            "relationship": 32064
          },
          {
            "topic": "new relationship",
            "key": 36943,
            "people": [
              32061,
              31066
            ],
            "people names": [
              "Goeskin Pryckert",
              "Hilduardis Keghelaere"
            ],
            "people ages": [
              3,
              3
            ],
            "label": "unrelated",
            "committed": false
          },
          {
            "topic": "not enough income",
            "income": 0.05,
            "inhabitants": [
              23395,
              32061,
              33127,
              14227,
              75505
            ]
          }
        ],
        "1215": [
          {
            "topic": "event",
            "event": "plague",
            "year": 1215
          },
          {
            "topic": "update",
            "update": "new friendship label",
            "relationship label": "sibling",