{
  "32388": {
    "alive": true,
    "name": "Alwar",
    "surname": "",
    "full name": "Alwar",
    "born this way": {
      "sexuality label": "straight",
      "sexuality": 0.0,
      "romantic interest": 0.788,
      "sex interest": 0.872,
      "gender expression": 0.233,
      "sex": "m"
    },
    "age": 40,
    "birth year": 1209,
    "sex": "m",
    "faction": "Dogmatists",
    "income class": [
      3,
      "upper middle class"
    ],
    "personality": {
      "lawful-chaotic": 0.932,
      "nice-nasty": 0.431,
      "honest-false": 0.386,
      "dream": 0.361,
      "outgoing": 0.366
    },
    "attitude": {
      "dream": 0.361,
      "outgoing": 0.366
    },
    "homsoc": {
      "means": {
        "independent": true,
        "taken_care_of": false,
        "caretaker": true,
        "needs_care": false,
        "flags": []
      },
      "expression": {
        "sexuality expression": -0.001,
        "gender expression expression": 0.145
      }
    },
    "network": {
      "parents": {
        "mother": "Menoldis (11648)",
        "father": "Godelief (11647)"
      },
      "children": {},
      "relationship keys": {
        "parent": [
          32389,
          32390
        ],
        "sibling": [
          32391,
          32392,
          32393,
          32394,
          32395,
          32396,
          32783
        ],
        "unrelated": [
          52002,
          64549
        ]
      }
    },
    "occupation": {
      "has job": true,
      "income class": [
        3,
        "upper middle class"
      ],
      "income": 1.5310000000000001,
      "all_incomes": [
        0.954,
        1.063,
        1.173,
        1.31,
        1.309,
        1.278,
        1.364,
        1.465,
        1.52,
        1.463,
        1.5490000000000002,
        1.5490000000000002,
        1.5490000000000002,
        1.5490000000000002,
        1.54,
        1.52,
        1.5490000000000002,
        1.5490000000000002,
        1.5490000000000002,
        1.546,
        1.5490000000000002,
        1.5490000000000002,
        1.5490000000000002,
        1.5310000000000001
      ],
      "job": {
        "lawful": true,
        "honest": true
      }
    },
    "genetics": {
      "skin_color": 5,
      "eye_color": "blue",
      "hair_color": "brown",
      "hair_color_code": 2,
      "hair_type": [
        "S",
        "C"
      ],
      "health": 0.898,
      "fertility": 0.817,
      "communication_impaired": false,
      "mobility_impaired": false,
      "cognitive_impaired": false,
      "disabilities": []
    },
    "memory": {
      "health": {
        "1210": {
          "health": {
            "change": false,
            "value_change": 0.0,
            "new_health": 0.898
          },
          "death": false
        }
      },
      "events": {
        "1209": [
          {
            "topic": "birth",
            "year": 1209
          },
          {
            "topic": "new relationship",
            "key": 32389,
            "people": [
              11647,
              32388
            ],
            "people names": [
              "Godelief",
              "Alwar"
            ],
            "people ages": [
              45,
              0
            ],
            "label": "parentchild",
            "committed": false
          },
          {
            "topic": "new relationship",
            "key": 32390,
            "people": [
              11648,
              32388
            ],
            "people names": [
              "Menoldis",
              "Alwar"
            ],
            "people ages": [
              41,
              0
            ],
            "label": "parentchild",
            "committed": false
          },
          {
            "topic": "new relationship",
            "key": 32391,
            "people": [
              16968,
              32388
            ],
            "people names": [
              "Waldrada",
              "Alwar"
            ],
            "people ages": [
              7,
              0
            ],
            "label": "sibling",
            "committed": false
          },
          {
            "topic": "new relationship",
            "key": 32392,
            "people": [
              20458,
              32388
            ],
            "people names": [
              "Hille",
              "Alwar"
            ],
            "people ages": [
              6,
              0
            ],
            "label": "sibling",
            "committed": false
          },
          {
            "topic": "new relationship",
            "key": 32393,
            "people": [
              20903,
              32388
            ],
            "people names": [
              "Meinoldo Godeliefszoon",
              "Alwar"
            ],
            "people ages": [
              5,
              0
            ],
            "label": "sibling",
            "committed": false
          },
          {
            "topic": "new relationship",
            "key": 32394,
            "people": [
              24329,
              32388
            ],
            "people names": [
              "Remdo Godeliefszoon",
              "Alwar"
            ],
            "people ages": [
              4,
              0
            ],
            "label": "sibling",
            "committed": false
          },
          {
            "topic": "new relationship",
            "key": 32395,
            "people": [
              25490,
              32388
            ],
            "people names": [
              "Itsburgis Godeliefsdochter",
              "Alwar"
            ],
            "people ages": [
              3,
              0
            ],
            "label": "sibling",
            "committed": false
          },
          {
            "topic": "new relationship",
            "key": 32396,
            "people": [
              30396,
              32388
            ],
            "people names": [
              "Eustacius",
              "Alwar"
            ],
            "people ages": [
              1,
              0
            ],
            "label": "sibling",
            "committed": false
          }
        ],
        "1210": [
          {
            "topic": "new relationship",
            "key": 32783,
            "people": [
              32388,
              32774
            ],
            "people names": [
              "Alwar",
              "Ryccie"
            ],
            "people ages": [
              0,
              0
            ],
            "label": "sibling",
            "committed": false
          }
        ],
        "1212": [
          {
            "topic": "update",
            "update": "new friendship label",
            "relationship label": "sibling",
            "friendship label": "indifferent",
            "relationship": 32391
          }
        ],
        "1214": [
          {
            "topic": "update",
            "update": "new friendship label",
            "relationship label": "sibling",
            "friendship label": "indifferent",
            "relationship": 32393
          }
        ],
        "1215": [
          {
            "topic": "event",
            "event": "plague",
            "year": 1215
          },
          {
            "topic": "update",
            "update": "new friendship label",
            "relationship label": "sibling",
            "friendship label": "friend",
            "relationship": 32396
          },
          {
            "topic": "person died",
            "person": {
              "key": 11648,
              "name": "Menoldis",
              "age": 47,
              "alive": false,
              "sex": "f",
              "parents": "firstgen"
            },
            "cause": "plague",
            "friendship label": "indifferent",
            "label": "parent"
          }
        ],
        "1216": [
          {
            "topic": "update",