{
  "32717": {
    "alive": false,
    "name": "Remboldus",
    "surname": "Wittebart",
    "full name": "Remboldus Wittebart",
    "born this way": {
      "sexuality label": "straight",
      "sexuality": 0.06,
      "romantic interest": 0.926,
      "sex interest": 0.656,
      "gender expression": 0.033,
      "sex": "m"
    },
    "age": 36,
    "birth year": 1210,
    "sex": "m",
    "faction": "Zealots",
    "income class": [
      4,
      "nobility"
    ],
    "personality": {
      "lawful-chaotic": 0.389,
      "nice-nasty": 0.829,
      "honest-false": 0.289,
      "dream": 0.336,
      "outgoing": 0.783
    },
    "attitude": {
      "dream": 0.336,
      "outgoing": 0.783
    },
    "homsoc": {
      "means": {
        "independent": true,
        "taken_care_of": false,
        "caretaker": true,
        "needs_care": false,
        "flags": [
          "neglected"
        ]
      },
      "expression": {
        "sexuality expression": 0.033,
        "gender expression expression": 0.002
      }
    },
    "network": {
      "parents": {
        "mother": {
          "key": 12365,
          "name": "Gerburgis Ome",
          "age": 45,
          "alive": false,
          "sex": "f",
          "parents": "firstgen"
        },
        "father": {
          "key": 12364,
          "name": "Hatebrandus Wittebart",
          "age": 53,
          "alive": false,
          "sex": "m",
          "parents": "firstgen"
        }
      },
      "children": {},
      "relationship keys": {
        "parent": [
          32718,
          32719
        ],
        "sibling": [
          32720,
          32721,
          32722
        ],
        "unrelated": [
          62574,
          63400,
          66594
        ]
      }
    },
    "occupation": {
      "has job": true,
      "income class": [
        4,
        "nobility"
      ],
      "income": 1.2610000000000001,
      "all_incomes": [
        1.193,
        1.145,
        1.226,
        1.457,
        1.2530000000000001,
        1.361,
        1.2790000000000001,
        1.5990000000000002,
        1.5990000000000002,
        1.5990000000000002,
        1.5990000000000002,
        1.5990000000000002,
        1.5870000000000002,
        1.5990000000000002,
        1.5990000000000002,
        1.5990000000000002,
        1.5990000000000002,
        1.5990000000000002,
        1.5990000000000002,
        1.5990000000000002,
        1.2610000000000001
      ],
      "job": {
        "lawful": false,
        "honest": true
      }
    },
    "genetics": {
      "skin_color": 6,
      "eye_color": "brown",
      "hair_color": "black",
      "hair_color_code": 0,
      "hair_length": "long",
      "beauty": 0.681,
      "hair_type": [
        "C",
        "S"
      ],
      "health": 0.0,
      "fertility": 0.264,
      "communication_impaired": false,
      "mobility_impaired": false,
      "cognitive_impaired": false,
      "disabilities": []
    },
    "memory": {
      "health": {
        "1211": {
          "health": {
            "change": false,
            "value_change": 0.0,
            "new_health": 0.339
          },
          "death": false
        },
        "1230": {
          "health": {
            "change": true,
            "value_change": -0.235,
            "new_health": 0.104
          },
          "death": false
        },
        "1231": {
          "health": {
            "change": false,
            "value_change": 0.0,
            "new_health": 0.104
          },
          "death": false
        },
        "1246": {
          "health": {
            "change": true,
            "value_change": -0.104,
            "new_health": 0.0
          },
          "death": true
        }
      },
      "homsoc": {
        "1211": {
          "independent": false,
          "needs_care": true,
          "taken_care_of": true,
          "caretaker": true
        },
        "1212": {
          "independent": false,
          "needs_care": true,
          "taken_care_of": false,
          "caretaker": true
        },
        "1226": {
          "independent": false,
          "needs_care": false,
          "taken_care_of": false,
          "caretaker": true
        },
        "1227": {
          "independent": true,
          "needs_care": false,
          "taken_care_of": false,
          "caretaker": true
        }
      },
      "ocupation": {
        "1211": {
          "has job": false,
          "income": 0
        },
        "1212": {
          "has job": false,
          "income": 0
        },
        "1213": {
          "has job": false,
          "income": 0
        },
        "1214": {
          "has job": false,
          "income": 0
        },
        "1215": {
          "has job": false,
          "income": 0
        },
        "1216": {
          "has job": false,
          "income": 0
        },
        "1217": {
          "has job": false,
          "income": 0
        },
        "1218": {
          "has job": false,
          "income": 0
        },
        "1219": {
          "has job": false,
          "income": 0
        },
        "1220": {
          "has job": false,
          "income": 0
        },
        "1221": {
          "has job": false,
          "income": 0
        },
        "1222": {
          "has job": false,
          "income": 0
        },
        "1223": {
          "has job": false,
          "income": 0
        },
        "1224": {
          "has job": false,
          "income": 0
        },
        "1225": {
          "has job": false,
          "income": 0
        },
        "1226": {
          "has job": false,
          "income": 0
        },
        "1227": {
          "has job": true,
          "income": 1.145
        },
        "1228": {
          "has job": true,
          "income": 1.226
        },
        "1229": {
          "has job": true,
          "income": 1.457
        },
        "1230": {
          "has job": true,
          "income": 1.2530000000000001
        },
        "1231": {
          "has job": true,
          "income": 1.361
        },
        "1232": {
          "has job": true,
          "income": 1.2790000000000001
        },
        "1233": {
          "has job": true,
          "income": 1.5990000000000002
        },
        "1234": {
          "has job": true,
          "income": 1.5990000000000002
        },
        "1235": {
          "has job": true,
          "income": 1.5990000000000002
        },
        "1236": {
          "has job": true,
          "income": 1.5990000000000002
        },
        "1237": {
          "has job": true,
          "income": 1.5990000000000002
        },
        "1238": {
          "has job": true,
          "income": 1.5870000000000002
        },
        "1239": {
          "has job": true,
          "income": 1.5990000000000002
        },
        "1240": {
          "has job": true,
          "income": 1.5990000000000002
        },
        "1241": {
          "has job": true,
          "income": 1.5990000000000002
        },
        "1242": {
          "has job": true,
          "income": 1.5990000000000002
        },
        "1243": {
          "has job": true,
          "income": 1.5990000000000002
        },
        "1244": {
          "has job": true,
          "income": 1.5990000000000002
        },
        "1245": {
          "has job": true,
          "income": 1.5990000000000002
        },
        "1246": {
          "has job": true,
          "income": 1.2610000000000001
        }
      },
      "events": {
        "1210": [
          {
            "topic": "birth",
            "year": 1210
          },
          {
            "topic": "new relationship",
            "key": 32718,
            "people": [
              12364,
              32717
            ],
            "people names": [
              "Hatebrandus Wittebart",
              "Remboldus Wittebart"
            ],
            "people ages": [
              52,
              0
            ],