{
  "32854": {
    "alive": true,
    "name": "Eggerdus",
    "surname": "van Nellen",
    "full name": "Eggerdus van Nellen",
    "born this way": {
      "sexuality label": "straight",
      "sexuality": 0.129,
      "romantic interest": 0.518,
      "sex interest": 0.999,
      "gender expression": 0.161,
      "sex": "m"
    },
    "age": 39,
    "birth year": 1210,
    "sex": "m",
    "faction": "Zealots",
    "income class": [
      3,
      "upper middle class"
    ],
    "personality": {
      "lawful-chaotic": 0.519,
      "nice-nasty": 0.124,
      "honest-false": 0.999,
      "dream": 0.319,
      "outgoing": 0.365
    },
    "attitude": {
      "dream": 0.319,
      "outgoing": 0.365
    },
    "homsoc": {
      "means": {
        "independent": true,
        "taken_care_of": false,
        "caretaker": true,
        "needs_care": false,
        "flags": []
      },
      "expression": {
        "sexuality expression": 0.106,
        "gender expression expression": 0.053
      }
    },
    "network": {
      "parents": {
        "mother": "Nellen (11606)",
        "father": "Syuardus (11605)"
      },
      "children": {},
      "relationship keys": {
        "parent": [
          32855,
          32856
        ],
        "sibling": [
          32857,
          32858,
          36848
        ],
        "unrelated": [
          47966,
          49172,
          56844,
          64482,
          72318
        ],
        "spouse": [
          76366
        ]
      }
    },
    "occupation": {
      "has job": true,
      "income class": [
        3,
        "upper middle class"
      ],
      "income": 1.383,
      "all_incomes": [
        1.091,
        1.042,
        1.2650000000000001,
        1.284,
        1.051,
        0.9590000000000001,
        1.1680000000000001,
        1.246,
        1.231,
        1.278,
        1.282,
        1.078,
        1.204,
        1.1560000000000001,
        1.451,
        1.5490000000000002,
        1.5490000000000002,
        1.5490000000000002,
        1.5490000000000002,
        1.5490000000000002,
        1.5490000000000002,
        1.5490000000000002,
        1.383
      ],
      "job": {
        "lawful": false,
        "honest": true
      }
    },
    "genetics": {
      "skin_color": 2,
      "eye_color": "blue",
      "hair_color": "red",
      "hair_color_code": 3,
      "hair_type": [
        "C",
        "S"
      ],
      "health": 0.635,
      "fertility": 0.626,
      "communication_impaired": false,
      "mobility_impaired": false,
      "cognitive_impaired": false,
      "disabilities": []
    },
    "memory": {
      "health": {
        "1211": {
          "health": {
            "change": false,
            "value_change": 0.0,
            "new_health": 0.635
          },
          "death": false
        }
      },
      "events": {
        "1210": [
          {
            "topic": "birth",
            "year": 1210
          },
          {
            "topic": "new relationship",
            "key": 32855,
            "people": [
              11605,
              32854
            ],
            "people names": [
              "Syuardus",
              "Eggerdus van Nellen"
            ],
            "people ages": [
              42,
              0
            ],
            "label": "parentchild",
            "committed": false
          },
          {
            "topic": "new relationship",
            "key": 32856,
            "people": [
              11606,
              32854
            ],
            "people names": [
              "Nellen Croenekin",
              "Eggerdus van Nellen"
            ],
            "people ages": [
              34,
              0
            ],
            "label": "parentchild",
            "committed": false
          },
          {
            "topic": "new relationship",
            "key": 32857,
            "people": [
              13570,
              32854
            ],
            "people names": [
              "Abben van Syuardus",
              "Eggerdus van Nellen"
            ],
            "people ages": [
              10,
              0
            ],
            "label": "sibling",
            "committed": false
          },
          {
            "topic": "new relationship",
            "key": 32858,
            "people": [
              31753,
              32854
            ],
            "people names": [
              "Niels Syuardusszoon",
              "Eggerdus van Nellen"
            ],
            "people ages": [
              0,
              0
            ],
            "label": "sibling",
            "committed": false
          }
        ],
        "1212": [
          {
            "topic": "new relationship",
            "key": 36848,
            "people": [
              32854,
              36843
            ],
            "people names": [
              "Eggerdus van Nellen",
              "Splinter Syuardusszoon"
            ],
            "people ages": [
              2,
              0
            ],
            "label": "sibling",
            "committed": false
          }
        ],
        "1215": [
          {
            "topic": "event",
            "event": "plague",
            "year": 1215
          },
          {
            "topic": "personality change",
            "change": true,
            "trait": "nice-nasty",
            "trigger": "trauma",
            "mod": -0.196
          }
        ],
        "1217": [
          {
            "topic": "update",
            "update": "new friendship label",
            "relationship label": "parentchild",
            "friendship label": "indifferent",
            "relationship": 32856
          },
          {
            "topic": "person died",
            "person": {
              "key": 11605,
              "name": "Syuardus",
              "age": 50,
              "alive": false,
              "sex": "m",
              "parents": "firstgen"
            },
            "cause": "illness",
            "friendship label": "good friend",
            "label": "parent"
          }
        ],
        "1223": [
          {
            "topic": "event",
            "event": "plague",
            "year": 1223
          },
          {
            "topic": "personality change",
            "change": true,
            "trait": "honest-false",
            "trigger": "trauma",
            "mod": 0.022
          },
          {
            "topic": "person died",
            "person": {
              "key": 36843,
              "name": "Splinter Syuardusszoon",
              "age": 11,
              "alive": false,
              "sex": "m",
              "parents": {
                "mother": "Nellen (11606)",
                "father": "Syuardus (11605)"
              }
            },
            "cause": "plague",
            "friendship label": "indifferent",
            "label": "sibling"
          }
        ],
        "1224": [
          {
            "topic": "update",
            "update": "new friendship label",
            "relationship label": "sibling",
            "friendship label": "friend",
            "relationship": 32858
          }
        ],
        "1226": [
          {
            "topic": "new relationship",
            "key": 47966,
            "people": [
              34280,
              32854
            ],
            "people names": [
              "Natelien Stir",
              "Eggerdus van Nellen"
            ],
            "people ages": [
              15,
              16
            ],
            "label": "unrelated",
            "committed": false
          },
          {
            "topic": "person died",
            "person": {
              "key": 11606,
              "name": "Nellen Croenekin",
              "age": 51,
              "alive": false,
              "sex": "f",
              "parents": "firstgen"
            },
            "cause": "old age",
            "friendship label": "indifferent",