{
  "32932": {
    "alive": true,
    "name": "Blankard",
    "surname": "Barvoet",
    "full name": "Blankard Barvoet",
    "born this way": {
      "sexuality label": "straight",
      "sexuality": 0.104,
      "romantic interest": 0.719,
      "sex interest": 0.532,
      "gender expression": 0.185,
      "sex": "m"
    },
    "age": 39,
    "birth year": 1210,
    "sex": "m",
    "faction": "Dogmatists",
    "income class": [
      3,
      "upper middle class"
    ],
    "personality": {
      "lawful-chaotic": 0.761,
      "nice-nasty": 0.557,
      "honest-false": 0.184,
      "dream": 0.441,
      "outgoing": 0.552
    },
    "attitude": {
      "dream": 0.441,
      "outgoing": 0.552
    },
    "homsoc": {
      "means": {
        "independent": true,
        "taken_care_of": false,
        "caretaker": true,
        "needs_care": false,
        "flags": []
      },
      "expression": {
        "sexuality expression": 0.076,
        "gender expression expression": 0.052
      }
    },
    "network": {
      "parents": {
        "mother": "Berta (11903)",
        "father": "Sifridus (11902)"
      },
      "children": {},
      "relationship keys": {
        "parent": [
          32933,
          32934
        ],
        "sibling": [
          32935,
          32936,
          32937,
          32938,
          32939,
          32940,
          35260,
          35643,
          38452,
          39667,
          42589,
          43036,
          44414,
          45170
        ],
        "unrelated": [
          71347
        ]
      }
    },
    "occupation": {
      "has job": true,
      "income class": [
        3,
        "upper middle class"
      ],
      "income": 1.5490000000000002,
      "all_incomes": [
        1.106,
        1.1560000000000001,
        0.8300000000000001,
        0.931,
        1.334,
        1.5490000000000002,
        1.5490000000000002,
        1.5490000000000002,
        1.5490000000000002,
        1.5490000000000002,
        1.318,
        1.252,
        1.2670000000000001,
        1.385,
        1.084,
        1.092,
        1.456,
        1.5490000000000002,
        1.457,
        1.5490000000000002,
        1.5490000000000002,
        1.5490000000000002,
        1.5490000000000002,
        1.5490000000000002
      ],
      "job": {
        "lawful": true,
        "honest": false
      }
    },
    "genetics": {
      "skin_color": 2,
      "eye_color": "brown",
      "hair_color": "black",
      "hair_color_code": 0,
      "hair_type": [
        "S",
        "S"
      ],
      "health": 0.769,
      "fertility": 0.74,
      "communication_impaired": false,
      "mobility_impaired": false,
      "cognitive_impaired": false,
      "disabilities": []
    },
    "memory": {
      "health": {
        "1211": {
          "health": {
            "change": false,
            "value_change": 0.0,
            "new_health": 0.769
          },
          "death": false
        }
      },
      "events": {
        "1210": [
          {
            "topic": "birth",
            "year": 1210
          },
          {
            "topic": "new relationship",
            "key": 32933,
            "people": [
              11902,
              32932
            ],
            "people names": [
              "Sifridus Barvoet",
              "Blankard Barvoet"
            ],
            "people ages": [
              36,
              0
            ],
            "label": "parentchild",
            "committed": false
          },
          {
            "topic": "new relationship",
            "key": 32934,
            "people": [
              11903,
              32932
            ],
            "people names": [
              "Berta Scarlaken",
              "Blankard Barvoet"
            ],
            "people ages": [
              26,
              0
            ],
            "label": "parentchild",
            "committed": false
          },
          {
            "topic": "new relationship",
            "key": 32935,
            "people": [
              16994,
              32932
            ],
            "people names": [
              "Badeloghen Barvoet",
              "Blankard Barvoet"
            ],
            "people ages": [
              7,
              0
            ],
            "label": "sibling",
            "committed": false
          },
          {
            "topic": "new relationship",
            "key": 32936,
            "people": [
              20664,
              32932
            ],
            "people names": [
              "Salomon Barvoet",
              "Blankard Barvoet"
            ],
            "people ages": [
              7,
              0
            ],
            "label": "sibling",
            "committed": false
          },
          {
            "topic": "new relationship",
            "key": 32937,
            "people": [
              22490,
              32932
            ],
            "people names": [
              "Myrthel Barvoet",
              "Blankard Barvoet"
            ],
            "people ages": [
              5,
              0
            ],
            "label": "sibling",
            "committed": false
          },
          {
            "topic": "new relationship",
            "key": 32938,
            "people": [
              26968,
              32932
            ],
            "people names": [
              "Passelin",
              "Blankard Barvoet"
            ],
            "people ages": [
              4,
              0
            ],
            "label": "sibling",
            "committed": false
          },
          {
            "topic": "new relationship",
            "key": 32939,
            "people": [
              29505,
              32932
            ],
            "people names": [
              "Hildegardis Barvoet",
              "Blankard Barvoet"
            ],
            "people ages": [
              2,
              0
            ],
            "label": "sibling",
            "committed": false
          },
          {
            "topic": "new relationship",
            "key": 32940,
            "people": [
              32466,
              32932
            ],
            "people names": [
              "Ghoudekinen Barvoet",
              "Blankard Barvoet"
            ],
            "people ages": [
              1,
              0
            ],
            "label": "sibling",
            "committed": false
          }
        ],
        "1211": [
          {
            "topic": "update",
            "update": "new friendship label",
            "relationship label": "parentchild",
            "friendship label": "indifferent",
            "relationship": 32933
          },
          {
            "topic": "new relationship",
            "key": 35260,
            "people": [
              32932,
              35251
            ],
            "people names": [
              "Blankard Barvoet",
              "Elyas\u0430 Barvoet"
            ],
            "people ages": [
              1,
              0
            ],
            "label": "sibling",
            "committed": false
          }
        ],
        "1212": [
          {
            "topic": "new relationship",
            "key": 35643,
            "people": [
              32932,
              35634
            ],
            "people names": [
              "Blankard Barvoet",
              "Thedwi Barvoet"
            ],
            "people ages": [
              1,
              0
            ],
            "label": "sibling",
            "committed": false
          }
        ],
        "1214": [
          {
            "topic": "new relationship",
            "key": 38452,
            "people": [
              32932,
              38443
            ],
            "people names": [
              "Blankard Barvoet",
              "Itsburgis Barvoet"
            ],
            "people ages": [
              4,
              0
            ],