{
  "33127": {
    "alive": true,
    "name": "Imma",
    "surname": "Pryckert",
    "full name": "Imma Pryckert",
    "born this way": {
      "sexuality label": "straight",
      "sexuality": 0.0,
      "romantic interest": 0.643,
      "sex interest": 0.623,
      "gender expression": 0.077,
      "sex": "f"
    },
    "age": 39,
    "birth year": 1210,
    "sex": "f",
    "faction": "No religion",
    "income class": [
      3,
      "upper middle class"
    ],
    "personality": {
      "lawful-chaotic": 0.832,
      "nice-nasty": 0.18,
      "honest-false": 0.949,
      "dream": 0.142,
      "outgoing": 0.766
    },
    "attitude": {
      "dream": 0.142,
      "outgoing": 0.766
    },
    "homsoc": {
      "means": {
        "independent": true,
        "taken_care_of": false,
        "caretaker": true,
        "needs_care": false,
        "flags": [
          "starving"
        ]
      },
      "expression": {
        "sexuality expression": -0.001,
        "gender expression expression": 0.028
      }
    },
    "network": {
      "parents": {
        "mother": "Salome (11894)",
        "father": "Ghodscalc (11893)"
      },
      "children": {},
      "relationship keys": {
        "parent": [
          33128,
          33129
        ],
        "sibling": [
          33130,
          33131,
          33132,
          33133
        ]
      }
    },
    "occupation": {
      "has job": true,
      "income class": [
        3,
        "upper middle class"
      ],
      "income": 1.5490000000000002,
      "all_incomes": [
        1.01,
        1.107,
        1.199,
        1.227,
        1.3800000000000001,
        1.4140000000000001,
        1.476,
        1.52,
        1.5490000000000002,
        1.5490000000000002,
        1.5490000000000002,
        1.5210000000000001,
        1.5490000000000002,
        1.5490000000000002,
        1.5210000000000001,
        1.471,
        1.5490000000000002,
        1.5490000000000002,
        1.5490000000000002,
        1.5490000000000002,
        1.542,
        1.5490000000000002
      ],
      "job": {
        "lawful": true,
        "honest": true
      }
    },
    "genetics": {
      "skin_color": 3,
      "eye_color": "green",
      "hair_color": "red",
      "hair_color_code": 3,
      "hair_type": [
        "C",
        "C"
      ],
      "health": 0.613,
      "fertility": 0.641,
      "communication_impaired": false,
      "mobility_impaired": false,
      "cognitive_impaired": false,
      "disabilities": []
    },
    "memory": {
      "health": {
        "1211": {
          "health": {
            "change": false,
            "value_change": 0.0,
            "new_health": 0.613
          },
          "death": false
        }
      },
      "events": {
        "1210": [
          {
            "topic": "birth",
            "year": 1210
          },
          {
            "topic": "new relationship",
            "key": 33128,
            "people": [
              11893,
              33127
            ],
            "people names": [
              "Ghodscalc Pryckert",
              "Imma Pryckert"
            ],
            "people ages": [
              41,
              0
            ],
            "label": "parentchild",
            "committed": false
          },
          {
            "topic": "new relationship",
            "key": 33129,
            "people": [
              11894,
              33127
            ],
            "people names": [
              "Salome Stamelart",
              "Imma Pryckert"
            ],
            "people ages": [
              30,
              0
            ],
            "label": "parentchild",
            "committed": false
          },
          {
            "topic": "new relationship",
            "key": 33130,
            "people": [
              14632,
              33127
            ],
            "people names": [
              "Riet Pryckert",
              "Imma Pryckert"
            ],
            "people ages": [
              8,
              0
            ],
            "label": "sibling",
            "committed": false
          },
          {
            "topic": "new relationship",
            "key": 33131,
            "people": [
              20403,
              33127
            ],
            "people names": [
              "Arnulphus Pryckert",
              "Imma Pryckert"
            ],
            "people ages": [
              7,
              0
            ],
            "label": "sibling",
            "committed": false
          },
          {
            "topic": "new relationship",
            "key": 33132,
            "people": [
              23395,
              33127
            ],
            "people names": [
              "Hersewindis",
              "Imma Pryckert"
            ],
            "people ages": [
              4,
              0
            ],
            "label": "sibling",
            "committed": false
          },
          {
            "topic": "new relationship",
            "key": 33133,
            "people": [
              32061,
              33127
            ],
            "people names": [
              "Goeskin Pryckert",
              "Imma Pryckert"
            ],
            "people ages": [
              0,
              0
            ],
            "label": "sibling",
            "committed": false
          }
        ],
        "1212": [
          {
            "topic": "not enough income",
            "income": 0.05,
            "inhabitants": [
              23395,
              32061,
              33127,
              14227,
              75505
            ]
          }
        ],
        "1215": [
          {
            "topic": "event",
            "event": "plague",
            "year": 1215
          },
          {
            "topic": "person died",
            "person": {
              "key": 14632,
              "name": "Riet Pryckert",
              "age": 14,
              "alive": false,
              "sex": "f",
              "parents": {
                "mother": "Salome (11894)",
                "father": "Ghodscalc (11893)"
              }
            },
            "cause": "illness",
            "friendship label": "friend",
            "label": "sibling"
          }
        ],
        "1216": [
          {
            "topic": "update",
            "update": "new friendship label",
            "relationship label": "sibling",
            "friendship label": "indifferent",
            "relationship": 33133
          }
        ],
        "1219": [
          {
            "topic": "person died",
            "person": {
              "key": 11893,
              "name": "Ghodscalc Pryckert",
              "age": 51,
              "alive": false,
              "sex": "m",
              "parents": "firstgen"
            },
            "cause": "old age",
            "friendship label": "friend",
            "label": "parent"
          }
        ],
        "1220": [
          {
            "topic": "update",
            "update": "new friendship label",
            "relationship label": "sibling",
            "friendship label": "disliked",
            "relationship": 33133
          }
        ],
        "1221": [
          {
            "topic": "person died",
            "person": {
              "key": 20403,
              "name": "Arnulphus Pryckert",
              "age": 18,
              "alive": false,
              "sex": "m",
              "parents": {
                "mother": "Salome (11894)",
                "father": "Ghodscalc (11893)"
              }
            },
            "cause": "illness",
            "friendship label": "indifferent",
            "label": "sibling"
          }
        ],
        "1222": [
          {
            "topic": "update",
            "update": "new friendship label",
            "relationship label": "sibling",
            "friendship label": "disliked",