{
  "33635": {
    "alive": false,
    "name": "Betten",
    "surname": "van Reinardus",
    "full name": "Betten van Reinardus",
    "born this way": {
      "sexuality label": "gay",
      "sexuality": 0.823,
      "romantic interest": 0.691,
      "sex interest": 0.765,
      "gender expression": 0.619,
      "sex": "m"
    },
    "age": 39,
    "birth year": 1210,
    "sex": "m",
    "faction": "Dogmatists",
    "income class": [
      3,
      "upper middle class"
    ],
    "personality": {
      "lawful-chaotic": 0.668,
      "nice-nasty": 0.5,
      "honest-false": 0.547,
      "dream": 0.516,
      "outgoing": 0.536
    },
    "attitude": {
      "dream": 0.516,
      "outgoing": 0.536
    },
    "homsoc": {
      "means": {
        "independent": false,
        "taken_care_of": false,
        "caretaker": true,
        "needs_care": false,
        "flags": []
      },
      "expression": {
        "sexuality expression": 0.611,
        "gender expression expression": 0.313
      }
    },
    "network": {
      "parents": {
        "mother": "Atghardis (11792)",
        "father": "Reinardus (11791)"
      },
      "children": {},
      "relationship keys": {
        "parent": [
          33636,
          33637
        ],
        "sibling": [
          33638,
          33639,
          33640,
          33641,
          34955,
          36816,
          43078
        ],
        "unrelated": [
          42052,
          50402,
          61529,
          68083,
          74996
        ],
        "nibling": [
          46296
        ]
      }
    },
    "occupation": {
      "has job": true,
      "income class": [
        3,
        "upper middle class"
      ],
      "income": 0.447,
      "all_incomes": [
        1.145,
        1.288,
        0.923,
        0.9800000000000001,
        1.439,
        1.502,
        1.5490000000000002,
        1.5490000000000002,
        1.5490000000000002,
        1.335,
        1.5490000000000002,
        1.313,
        1.288,
        1.5490000000000002,
        1.5490000000000002,
        1.111,
        1.169,
        1.5490000000000002,
        1.5490000000000002,
        1.5490000000000002,
        1.5490000000000002,
        1.056,
        0.657,
        0.447
      ],
      "job": {
        "lawful": false,
        "honest": false
      }
    },
    "genetics": {
      "skin_color": 4,
      "eye_color": "blue",
      "hair_color": "black",
      "hair_color_code": 0,
      "hair_type": [
        "C",
        "C"
      ],
      "health": 0.629,
      "fertility": 0.596,
      "communication_impaired": false,
      "mobility_impaired": false,
      "cognitive_impaired": false,
      "disabilities": []
    },
    "memory": {
      "health": {
        "1211": {
          "health": {
            "change": false,
            "value_change": 0.0,
            "new_health": 0.629
          },
          "death": false
        },
        "1249": {
          "health": {
            "change": false,
            "value_change": 0.0,
            "new_health": 0.629
          },
          "death": true
        }
      },
      "events": {
        "1210": [
          {
            "topic": "birth",
            "year": 1210
          },
          {
            "topic": "new relationship",
            "key": 33636,
            "people": [
              11791,
              33635
            ],
            "people names": [
              "Reinardus",
              "Betten van Reinardus"
            ],
            "people ages": [
              38,
              0
            ],
            "label": "parentchild",
            "committed": false
          },
          {
            "topic": "new relationship",
            "key": 33637,
            "people": [
              11792,
              33635
            ],
            "people names": [
              "Atghardis Barlebaens",
              "Betten van Reinardus"
            ],
            "people ages": [
              32,
              0
            ],
            "label": "parentchild",
            "committed": false
          },
          {
            "topic": "new relationship",
            "key": 33638,
            "people": [
              16275,
              33635
            ],
            "people names": [
              "Erenboede",
              "Betten van Reinardus"
            ],
            "people ages": [
              9,
              0
            ],
            "label": "sibling",
            "committed": false
          },
          {
            "topic": "new relationship",
            "key": 33639,
            "people": [
              16672,
              33635
            ],
            "people names": [
              "Hildeburgis Reinardussdochter",
              "Betten van Reinardus"
            ],
            "people ages": [
              8,
              0
            ],
            "label": "sibling",
            "committed": false
          },
          {
            "topic": "new relationship",
            "key": 33640,
            "people": [
              24451,
              33635
            ],
            "people names": [
              "Wasseliin Reinardusszoon",
              "Betten van Reinardus"
            ],
            "people ages": [
              5,
              0
            ],
            "label": "sibling",
            "committed": false
          },
          {
            "topic": "new relationship",
            "key": 33641,
            "people": [
              27677,
              33635
            ],
            "people names": [
              "Auesoete Reinardussdochter",
              "Betten van Reinardus"
            ],
            "people ages": [
              3,
              0
            ],
            "label": "sibling",
            "committed": false
          }
        ],
        "1211": [
          {
            "topic": "new relationship",
            "key": 34955,
            "people": [
              33635,
              34948
            ],
            "people names": [
              "Betten van Reinardus",
              "Andreas Reinardusszoon"
            ],
            "people ages": [
              1,
              0
            ],
            "label": "sibling",
            "committed": false
          }
        ],
        "1212": [
          {
            "topic": "update",
            "update": "new friendship label",
            "relationship label": "parentchild",
            "friendship label": "enemy",
            "relationship": 33636
          },
          {
            "topic": "new relationship",
            "key": 36816,
            "people": [
              33635,
              36809
            ],
            "people names": [
              "Betten van Reinardus",
              "Siwa"
            ],
            "people ages": [
              2,
              0
            ],
            "label": "sibling",
            "committed": false
          }
        ],
        "1214": [
          {
            "topic": "update",
            "update": "new friendship label",
            "relationship label": "sibling",
            "friendship label": "indifferent",
            "relationship": 36816
          },
          {
            "topic": "person died",
            "person": {
              "key": 36809,
              "name": "Siwa",
              "age": 2,
              "alive": false,
              "sex": "f",
              "parents": {
                "mother": "Atghardis (11792)",
                "father": "Reinardus (11791)"
              }
            },
            "cause": "childhood illness",
            "friendship label": "indifferent",
            "label": "sibling"
          }
        ],
        "1215": [
          {
            "topic": "event",
            "event": "plague",
            "year": 1215
          },
          {
            "topic": "update",
            "update": "new friendship label",
            "relationship label": "parentchild",