{
  "33679": {
    "alive": true,
    "name": "Gherung",
    "surname": "",
    "full name": "Gherung",
    "born this way": {
      "sexuality label": "straight",
      "sexuality": 0.093,
      "romantic interest": 0.66,
      "sex interest": 0.632,
      "gender expression": 0.094,
      "sex": "m"
    },
    "age": 39,
    "birth year": 1210,
    "sex": "m",
    "faction": "No religion",
    "income class": [
      3,
      "upper middle class"
    ],
    "personality": {
      "lawful-chaotic": 0.664,
      "nice-nasty": 0.645,
      "honest-false": 0.361,
      "dream": 0.497,
      "outgoing": 0.719
    },
    "attitude": {
      "dream": 0.497,
      "outgoing": 0.719
    },
    "homsoc": {
      "means": {
        "independent": true,
        "taken_care_of": false,
        "caretaker": true,
        "needs_care": false,
        "flags": []
      },
      "expression": {
        "sexuality expression": 0.054,
        "gender expression expression": 0.048
      }
    },
    "network": {
      "parents": {
        "mother": "Katrin (11447)",
        "father": "Gisekin (11446)"
      },
      "children": {},
      "relationship keys": {
        "parent": [
          33680,
          33681
        ],
        "sibling": [
          33682,
          33683,
          33684,
          33685,
          33686,
          35414,
          40989
        ],
        "nibling": [
          46247,
          47201
        ],
        "unrelated": [
          74965
        ]
      }
    },
    "occupation": {
      "has job": true,
      "income class": [
        3,
        "upper middle class"
      ],
      "income": 1.333,
      "all_incomes": [
        0.905,
        0.9400000000000001,
        0.912,
        0.9600000000000001,
        0.79,
        0.6890000000000001,
        0.7310000000000001,
        1.073,
        1.016,
        1.106,
        1.107,
        1.5090000000000001,
        1.5490000000000002,
        1.5290000000000001,
        1.5490000000000002,
        1.5490000000000002,
        1.5490000000000002,
        1.5490000000000002,
        1.329,
        1.211,
        1.101,
        1.4000000000000001,
        1.333
      ],
      "job": {
        "lawful": true,
        "honest": false
      }
    },
    "genetics": {
      "skin_color": 4,
      "eye_color": "blue",
      "hair_color": "blonde",
      "hair_color_code": 4,
      "hair_type": [
        "S",
        "C"
      ],
      "health": 0.668,
      "fertility": 0.689,
      "communication_impaired": false,
      "mobility_impaired": false,
      "cognitive_impaired": false,
      "disabilities": []
    },
    "memory": {
      "health": {
        "1211": {
          "health": {
            "change": false,
            "value_change": 0.0,
            "new_health": 0.668
          },
          "death": false
        }
      },
      "events": {
        "1210": [
          {
            "topic": "birth",
            "year": 1210
          },
          {
            "topic": "new relationship",
            "key": 33680,
            "people": [
              11446,
              33679
            ],
            "people names": [
              "Gisekin",
              "Gherung"
            ],
            "people ages": [
              40,
              0
            ],
            "label": "parentchild",
            "committed": false
          },
          {
            "topic": "new relationship",
            "key": 33681,
            "people": [
              11447,
              33679
            ],
            "people names": [
              "Katrin Butziel",
              "Gherung"
            ],
            "people ages": [
              36,
              0
            ],
            "label": "parentchild",
            "committed": false
          },
          {
            "topic": "new relationship",
            "key": 33682,
            "people": [
              16095,
              33679
            ],
            "people names": [
              "Linnea",
              "Gherung"
            ],
            "people ages": [
              8,
              0
            ],
            "label": "sibling",
            "committed": false
          },
          {
            "topic": "new relationship",
            "key": 33683,
            "people": [
              18432,
              33679
            ],
            "people names": [
              "Diddekin",
              "Gherung"
            ],
            "people ages": [
              7,
              0
            ],
            "label": "sibling",
            "committed": false
          },
          {
            "topic": "new relationship",
            "key": 33684,
            "people": [
              20055,
              33679
            ],
            "people names": [
              "Rycaldis van Gisekin",
              "Gherung"
            ],
            "people ages": [
              6,
              0
            ],
            "label": "sibling",
            "committed": false
          },
          {
            "topic": "new relationship",
            "key": 33685,
            "people": [
              22385,
              33679
            ],
            "people names": [
              "Lelien",
              "Gherung"
            ],
            "people ages": [
              6,
              0
            ],
            "label": "sibling",
            "committed": false
          },
          {
            "topic": "new relationship",
            "key": 33686,
            "people": [
              32095,
              33679
            ],
            "people names": [
              "Oderada",
              "Gherung"
            ],
            "people ages": [
              1,
              0
            ],
            "label": "sibling",
            "committed": false
          }
        ],
        "1211": [
          {
            "topic": "new relationship",
            "key": 35414,
            "people": [
              33679,
              35406
            ],
            "people names": [
              "Gherung",
              "Diewiven"
            ],
            "people ages": [
              1,
              0
            ],
            "label": "sibling",
            "committed": false
          }
        ],
        "1214": [
          {
            "topic": "update",
            "update": "new friendship label",
            "relationship label": "sibling",
            "friendship label": "indifferent",
            "relationship": 33685
          }
        ],
        "1215": [
          {
            "topic": "event",
            "event": "plague",
            "year": 1215
          },
          {
            "topic": "person died",
            "person": {
              "key": 22385,
              "name": "Lelien",
              "age": 11,
              "alive": false,
              "sex": "f",
              "parents": {
                "mother": "Katrin (11447)",
                "father": "Gisekin (11446)"
              }
            },
            "cause": "plague",
            "friendship label": "indifferent",
            "label": "sibling"
          }
        ],
        "1216": [
          {
            "topic": "new relationship",
            "key": 40989,
            "people": [
              33679,
              40982
            ],
            "people names": [
              "Gherung",
              "Nellen Gisekinsdochter"
            ],
            "people ages": [
              6,
              0
            ],
            "label": "sibling",
            "committed": false
          },
          {
            "topic": "update",
            "update": "new friendship label",
            "relationship label": "sibling",
            "friendship label": "indifferent",
            "relationship": 33683
          }
        ],
        "1217": [
          {
            "topic": "update",
            "update": "new friendship label",
            "relationship label": "sibling",