{
  "33720": {
    "alive": true,
    "name": "Godefridus",
    "surname": "Calvus",
    "full name": "Godefridus Calvus",
    "born this way": {
      "sexuality label": "straight",
      "sexuality": 0.101,
      "romantic interest": 0.781,
      "sex interest": 0.978,
      "gender expression": 0.141,
      "sex": "m"
    },
    "age": 39,
    "birth year": 1210,
    "sex": "m",
    "faction": "No religion",
    "income class": [
      4,
      "nobility"
    ],
    "personality": {
      "lawful-chaotic": 0.193,
      "nice-nasty": 0.302,
      "honest-false": 0.983,
      "dream": 0.366,
      "outgoing": 0.631
    },
    "attitude": {
      "dream": 0.366,
      "outgoing": 0.631
    },
    "homsoc": {
      "means": {
        "independent": true,
        "taken_care_of": false,
        "caretaker": true,
        "needs_care": false,
        "flags": [
          "starving"
        ]
      },
      "expression": {
        "sexuality expression": 0.079,
        "gender expression expression": 0.053
      }
    },
    "network": {
      "parents": {
        "mother": "Ricmoden (12416)",
        "father": "Lucas (12415)"
      },
      "children": {},
      "relationship keys": {
        "parent": [
          33721,
          33722
        ],
        "sibling": [
          33723
        ],
        "unrelated": [
          49171,
          61527,
          64538,
          65689,
          68076
        ],
        "spouse": [
          76368
        ]
      }
    },
    "occupation": {
      "has job": true,
      "income class": [
        4,
        "nobility"
      ],
      "income": 1.5990000000000002,
      "all_incomes": [
        0.919,
        1.018,
        1.2670000000000001,
        1.5130000000000001,
        1.5990000000000002,
        1.5950000000000002,
        1.538,
        1.568,
        1.5990000000000002,
        1.5870000000000002,
        1.5990000000000002,
        1.5990000000000002,
        1.5990000000000002,
        1.4140000000000001,
        1.487,
        1.5730000000000002,
        1.5990000000000002,
        1.334,
        1.5910000000000002,
        1.351,
        1.5990000000000002,
        1.5990000000000002,
        1.5990000000000002
      ],
      "job": {
        "lawful": false,
        "honest": true
      }
    },
    "genetics": {
      "skin_color": 7,
      "eye_color": "brown",
      "hair_color": "black",
      "hair_color_code": 0,
      "hair_type": [
        "S",
        "S"
      ],
      "health": 0.525,
      "fertility": 0.581,
      "communication_impaired": false,
      "mobility_impaired": false,
      "cognitive_impaired": false,
      "disabilities": []
    },
    "memory": {
      "health": {
        "1211": {
          "health": {
            "change": false,
            "value_change": 0.0,
            "new_health": 0.525
          },
          "death": false
        }
      },
      "events": {
        "1210": [
          {
            "topic": "birth",
            "year": 1210
          },
          {
            "topic": "new relationship",
            "key": 33721,
            "people": [
              12415,
              33720
            ],
            "people names": [
              "Lucas Calvus",
              "Godefridus Calvus"
            ],
            "people ages": [
              51,
              0
            ],
            "label": "parentchild",
            "committed": false
          },
          {
            "topic": "new relationship",
            "key": 33722,
            "people": [
              12416,
              33720
            ],
            "people names": [
              "Ricmoden",
              "Godefridus Calvus"
            ],
            "people ages": [
              49,
              0
            ],
            "label": "parentchild",
            "committed": false
          },
          {
            "topic": "new relationship",
            "key": 33723,
            "people": [
              14032,
              33720
            ],
            "people names": [
              "Bernero Calvus",
              "Godefridus Calvus"
            ],
            "people ages": [
              10,
              0
            ],
            "label": "sibling",
            "committed": false
          }
        ],
        "1213": [
          {
            "topic": "person died",
            "person": {
              "key": 12415,
              "name": "Lucas Calvus",
              "age": 54,
              "alive": false,
              "sex": "m",
              "parents": "firstgen"
            },
            "cause": "sickness",
            "friendship label": "friend",
            "label": "parent"
          }
        ],
        "1214": [
          {
            "topic": "person died",
            "person": {
              "key": 12416,
              "name": "Ricmoden",
              "age": 53,
              "alive": false,
              "sex": "f",
              "parents": "firstgen"
            },
            "cause": "sickness",
            "friendship label": "indifferent",
            "label": "parent"
          }
        ],
        "1215": [
          {
            "topic": "event",
            "event": "plague",
            "year": 1215
          },
          {
            "topic": "not enough income",
            "income": 0,
            "inhabitants": [
              14032
            ]
          }
        ],
        "1216": [
          {
            "topic": "not enough income",
            "income": 0,
            "inhabitants": [
              14032
            ]
          }
        ],
        "1217": [
          {
            "topic": "not enough income",
            "income": 0,
            "inhabitants": [
              14032
            ]
          }
        ],
        "1223": [
          {
            "topic": "event",
            "event": "plague",
            "year": 1223
          }
        ],
        "1227": [
          {
            "topic": "job notice",
            "notice": "found job",
            "income": 0.919
          },
          {
            "topic": "new relationship",
            "key": 49171,
            "people": [
              24202,
              33720
            ],
            "people names": [
              "Lubertus",
              "Godefridus Calvus"
            ],
            "people ages": [
              22,
              17
            ],
            "label": "unrelated",
            "committed": false
          }
        ],
        "1228": [
          {
            "topic": "job notice",
            "notice": "comfortable earnings",
            "income": 1.018
          }
        ],
        "1231": [
          {
            "topic": "update",
            "update": "new friendship label",
            "relationship label": "unrelated",
            "friendship label": "indifferent",
            "relationship": 49171
          }
        ],
        "1232": [
          {
            "topic": "event",
            "event": "war",
            "year": 1232
          }
        ],
        "1234": [
          {
            "topic": "update",
            "update": "new friendship label",
            "relationship label": "sibling",
            "friendship label": "indifferent",
            "relationship": 33723
          }
        ],
        "1235": [
          {
            "topic": "new relationship",
            "key": 61527,
            "people": [
              33720,
              40953
            ],
            "people names": [
              "Godefridus Calvus",
              "Katrin Curthals"
            ],
            "people ages": [
              25,
              19
            ],
            "label": "unrelated",
            "committed": false
          }
        ],
        "1237": [
          {
            "topic": "update",
            "update": "new friendship label",
            "relationship label": "unrelated",
            "friendship label": "friend",