{
  "33914": {
    "alive": false,
    "name": "Wolbrand",
    "surname": "Slabbart",
    "full name": "Wolbrand Slabbart",
    "born this way": {
      "sexuality label": "bi",
      "sexuality": 0.55,
      "romantic interest": 0.387,
      "sex interest": 0.635,
      "gender expression": 0.0,
      "sex": "m"
    },
    "age": 34,
    "birth year": 1210,
    "sex": "m",
    "faction": "No religion",
    "income class": [
      4,
      "nobility"
    ],
    "personality": {
      "lawful-chaotic": 0.475,
      "nice-nasty": 0.493,
      "honest-false": 0.618,
      "dream": 0.573,
      "outgoing": 0.385
    },
    "attitude": {
      "dream": 0.573,
      "outgoing": 0.385
    },
    "homsoc": {
      "means": {
        "independent": true,
        "taken_care_of": false,
        "caretaker": true,
        "needs_care": false,
        "flags": []
      },
      "expression": {
        "sexuality expression": 0.311,
        "gender expression expression": -0.001
      }
    },
    "network": {
      "parents": {
        "mother": "Hodine (12416)",
        "father": "Soi (12415)"
      },
      "children": {},
      "relationship keys": {
        "parent": [
          33915,
          33916
        ],
        "sibling": [
          33917,
          33918,
          33919,
          33920,
          33921,
          33922,
          35351,
          36775,
          39835
        ],
        "unrelated": [
          53949,
          69624
        ]
      }
    },
    "occupation": {
      "has job": true,
      "income class": [
        4,
        "nobility"
      ],
      "income": 1.3310000000000002,
      "all_incomes": [
        1.499,
        1.5990000000000002,
        1.5990000000000002,
        1.5990000000000002,
        1.5990000000000002,
        1.5990000000000002,
        1.5990000000000002,
        1.5990000000000002,
        1.594,
        1.5990000000000002,
        1.5990000000000002,
        1.4260000000000002,
        1.4560000000000002,
        1.5330000000000001,
        1.419,
        1.3310000000000002
      ],
      "job": {
        "lawful": false,
        "honest": false
      }
    },
    "genetics": {
      "skin_color": 8,
      "eye_color": "blue",
      "hair_color": "black",
      "hair_color_code": 0,
      "hair_type": [
        "S",
        "S"
      ],
      "health": 0.734,
      "fertility": 0.742,
      "communication_impaired": false,
      "mobility_impaired": false,
      "cognitive_impaired": false,
      "disabilities": []
    },
    "memory": {
      "health": {
        "1211": {
          "health": {
            "change": false,
            "value_change": 0.0,
            "new_health": 0.734
          },
          "death": false
        },
        "1244": {
          "health": {
            "change": false,
            "value_change": 0.0,
            "new_health": 0.734
          },
          "death": true
        }
      },
      "events": {
        "1210": [
          {
            "topic": "birth",
            "year": 1210
          },
          {
            "topic": "new relationship",
            "key": 33915,
            "people": [
              12415,
              33914
            ],
            "people names": [
              "Soi Slabbart",
              "Wolbrand Slabbart"
            ],
            "people ages": [
              37,
              0
            ],
            "label": "parentchild",
            "committed": false
          },
          {
            "topic": "new relationship",
            "key": 33916,
            "people": [
              12416,
              33914
            ],
            "people names": [
              "Hodine",
              "Wolbrand Slabbart"
            ],
            "people ages": [
              26,
              0
            ],
            "label": "parentchild",
            "committed": false
          },
          {
            "topic": "new relationship",
            "key": 33917,
            "people": [
              16573,
              33914
            ],
            "people names": [
              "Emgelberna Slabbart",
              "Wolbrand Slabbart"
            ],
            "people ages": [
              8,
              0
            ],
            "label": "sibling",
            "committed": false
          },
          {
            "topic": "new relationship",
            "key": 33918,
            "people": [
              18845,
              33914
            ],
            "people names": [
              "Flore Slabbart",
              "Wolbrand Slabbart"
            ],
            "people ages": [
              7,
              0
            ],
            "label": "sibling",
            "committed": false
          },
          {
            "topic": "new relationship",
            "key": 33919,
            "people": [
              22433,
              33914
            ],
            "people names": [
              "Agota Slabbart",
              "Wolbrand Slabbart"
            ],
            "people ages": [
              6,
              0
            ],
            "label": "sibling",
            "committed": false
          },
          {
            "topic": "new relationship",
            "key": 33920,
            "people": [
              22889,
              33914
            ],
            "people names": [
              "Frethericus Slabbart",
              "Wolbrand Slabbart"
            ],
            "people ages": [
              5,
              0
            ],
            "label": "sibling",
            "committed": false
          },
          {
            "topic": "new relationship",
            "key": 33921,
            "people": [
              26821,
              33914
            ],
            "people names": [
              "Gisekin Slabbart",
              "Wolbrand Slabbart"
            ],
            "people ages": [
              4,
              0
            ],
            "label": "sibling",
            "committed": false
          },
          {
            "topic": "new relationship",
            "key": 33922,
            "people": [
              30148,
              33914
            ],
            "people names": [
              "Hersewindis Slabbart",
              "Wolbrand Slabbart"
            ],
            "people ages": [
              2,
              0
            ],
            "label": "sibling",
            "committed": false
          }
        ],
        "1211": [
          {
            "topic": "new relationship",
            "key": 35351,
            "people": [
              33914,
              35342
            ],
            "people names": [
              "Wolbrand Slabbart",
              "Euffemia Slabbart"
            ],
            "people ages": [
              1,
              0
            ],
            "label": "sibling",
            "committed": false
          }
        ],
        "1212": [
          {
            "topic": "new relationship",
            "key": 36775,
            "people": [
              33914,
              36766
            ],
            "people names": [
              "Wolbrand Slabbart",
              "Machtilden Slabbart"
            ],
            "people ages": [
              1,
              0
            ],
            "label": "sibling",
            "committed": false
          },
          {
            "topic": "update",
            "update": "new friendship label",
            "relationship label": "sibling",
            "friendship label": "friend",
            "relationship": 35351
          }
        ],
        "1214": [
          {
            "topic": "update",
            "update": "new friendship label",
            "relationship label": "sibling",
            "friendship label": "friend",
            "relationship": 33920
          },
          {
            "topic": "update",
            "update": "new friendship label",
            "relationship label": "sibling",