{
  "34016": {
    "alive": true,
    "name": "Thomas",
    "surname": "van Galo",
    "full name": "Thomas van Galo",
    "born this way": {
      "sexuality label": "straight",
      "sexuality": 0.056,
      "romantic interest": 0.574,
      "sex interest": 0.909,
      "gender expression": 0.028,
      "sex": "m"
    },
    "age": 38,
    "birth year": 1211,
    "sex": "m",
    "faction": "Zealots",
    "income class": [
      4,
      "nobility"
    ],
    "personality": {
      "lawful-chaotic": 0.053,
      "nice-nasty": 0.408,
      "honest-false": 0.636,
      "dream": 0.308,
      "outgoing": 0.541
    },
    "attitude": {
      "dream": 0.308,
      "outgoing": 0.541
    },
    "homsoc": {
      "means": {
        "independent": true,
        "taken_care_of": false,
        "caretaker": true,
        "needs_care": false,
        "flags": [
          "starving"
        ]
      },
      "expression": {
        "sexuality expression": 0.037,
        "gender expression expression": 0.026
      }
    },
    "network": {
      "parents": {
        "mother": {
          "key": 12377,
          "name": "Natelien Putocke",
          "age": 36,
          "alive": false,
          "sex": "f",
          "parents": "firstgen"
        },
        "father": {
          "key": 12376,
          "name": "Galo",
          "age": 32,
          "alive": false,
          "sex": "m",
          "parents": "firstgen"
        }
      },
      "children": {},
      "relationship keys": {
        "parent": [
          34017
        ],
        "sibling": [
          34018,
          34019,
          34020
        ],
        "unrelated": [
          49158,
          53088,
          54443,
          66577
        ]
      }
    },
    "occupation": {
      "has job": true,
      "income class": [
        4,
        "nobility"
      ],
      "income": 1.532,
      "all_incomes": [
        1.24,
        1.2080000000000002,
        1.236,
        1.5230000000000001,
        1.504,
        1.5990000000000002,
        1.5990000000000002,
        1.524,
        1.5990000000000002,
        1.5990000000000002,
        1.5990000000000002,
        1.5990000000000002,
        1.4060000000000001,
        1.3370000000000002,
        1.348,
        1.308,
        1.5930000000000002,
        1.5990000000000002,
        1.5990000000000002,
        1.3860000000000001,
        1.149,
        1.2810000000000001,
        1.532
      ],
      "job": {
        "lawful": false,
        "honest": true
      }
    },
    "genetics": {
      "skin_color": 4,
      "eye_color": "brown",
      "hair_color": "black",
      "hair_color_code": 0,
      "hair_length": "medium",
      "beauty": 0.51,
      "hair_type": [
        "S",
        "S"
      ],
      "health": 0.574,
      "fertility": 0.596,
      "communication_impaired": false,
      "mobility_impaired": false,
      "cognitive_impaired": false,
      "disabilities": []
    },
    "memory": {
      "health": {
        "1212": {
          "health": {
            "change": false,
            "value_change": 0.0,
            "new_health": 0.574
          },
          "death": false
        }
      },
      "homsoc": {
        "1212": {
          "independent": false,
          "needs_care": true,
          "taken_care_of": true,
          "caretaker": true
        },
        "1227": {
          "independent": false,
          "needs_care": false,
          "taken_care_of": false,
          "caretaker": true
        },
        "1228": {
          "independent": true,
          "needs_care": false,
          "taken_care_of": false,
          "caretaker": true
        }
      },
      "ocupation": {
        "1212": {
          "has job": false,
          "income": 0
        },
        "1213": {
          "has job": false,
          "income": 0
        },
        "1214": {
          "has job": false,
          "income": 0
        },
        "1215": {
          "has job": false,
          "income": 0
        },
        "1216": {
          "has job": false,
          "income": 0
        },
        "1217": {
          "has job": false,
          "income": 0
        },
        "1218": {
          "has job": false,
          "income": 0
        },
        "1219": {
          "has job": false,
          "income": 0
        },
        "1220": {
          "has job": false,
          "income": 0
        },
        "1221": {
          "has job": false,
          "income": 0
        },
        "1222": {
          "has job": false,
          "income": 0
        },
        "1223": {
          "has job": false,
          "income": 0
        },
        "1224": {
          "has job": false,
          "income": 0
        },
        "1225": {
          "has job": false,
          "income": 0
        },
        "1226": {
          "has job": false,
          "income": 0
        },
        "1227": {
          "has job": false,
          "income": 0
        },
        "1228": {
          "has job": true,
          "income": 1.2080000000000002
        },
        "1229": {
          "has job": true,
          "income": 1.236
        },
        "1230": {
          "has job": true,
          "income": 1.5230000000000001
        },
        "1231": {
          "has job": true,
          "income": 1.504
        },
        "1232": {
          "has job": true,
          "income": 1.5990000000000002
        },
        "1233": {
          "has job": true,
          "income": 1.5990000000000002
        },
        "1234": {
          "has job": true,
          "income": 1.524
        },
        "1235": {
          "has job": true,
          "income": 1.5990000000000002
        },
        "1236": {
          "has job": true,
          "income": 1.5990000000000002
        },
        "1237": {
          "has job": true,
          "income": 1.5990000000000002
        },
        "1238": {
          "has job": true,
          "income": 1.5990000000000002
        },
        "1239": {
          "has job": true,
          "income": 1.4060000000000001
        },
        "1240": {
          "has job": true,
          "income": 1.3370000000000002
        },
        "1241": {
          "has job": true,
          "income": 1.348
        },
        "1242": {
          "has job": true,
          "income": 1.308
        },
        "1243": {
          "has job": true,
          "income": 1.5930000000000002
        },
        "1244": {
          "has job": true,
          "income": 1.5990000000000002
        },
        "1245": {
          "has job": true,
          "income": 1.5990000000000002
        },
        "1246": {
          "has job": true,
          "income": 1.3860000000000001
        },
        "1247": {
          "has job": true,
          "income": 1.149
        },
        "1248": {
          "has job": true,
          "income": 1.2810000000000001
        },
        "1249": {
          "has job": true,
          "income": 1.532
        }
      },
      "events": {
        "1211": [
          {
            "topic": "birth",
            "year": 1211
          },
          {
            "topic": "new relationship",
            "key": 34017,
            "people": [
              12377,
              34016
            ],
            "people names": [
              "Natelien Putocke",
              "Thomas van Galo"
            ],
            "people ages": [
              35,
              0
            ],
            "label": "parentchild",
            "committed": false
          },
          {
            "topic": "new relationship",
            "key": 34018,
            "people": [
              13258,
              34016
            ],
            "people names": [
              "Mattheus Galoszoon",
              "Thomas van Galo"
            ],
            "people ages": [
              11,
              0
            ],
            "label": "sibling",
            "committed": false
          },
          {
            "topic": "new relationship",
            "key": 34019,