{
  "34069": {
    "alive": true,
    "name": "Costan",
    "surname": "Croic",
    "full name": "Costan Croic",
    "born this way": {
      "sexuality label": "straight",
      "sexuality": 0.112,
      "romantic interest": 0.905,
      "sex interest": 0.747,
      "gender expression": 0.044,
      "sex": "m"
    },
    "age": 39,
    "birth year": 1210,
    "sex": "m",
    "faction": "Dogmatists",
    "income class": [
      3,
      "upper middle class"
    ],
    "personality": {
      "lawful-chaotic": 0.326,
      "nice-nasty": 0.461,
      "honest-false": 0.443,
      "dream": 0.762,
      "outgoing": 0.587
    },
    "attitude": {
      "dream": 0.762,
      "outgoing": 0.587
    },
    "homsoc": {
      "means": {
        "independent": true,
        "taken_care_of": false,
        "caretaker": true,
        "needs_care": false,
        "flags": [
          "starving"
        ]
      },
      "expression": {
        "sexuality expression": 0.077,
        "gender expression expression": 0.038
      }
    },
    "network": {
      "parents": {
        "mother": "Uergina (12356)",
        "father": "Deghen (12355)"
      },
      "children": {},
      "relationship keys": {
        "parent": [
          34070,
          34071
        ],
        "sibling": [
          34072,
          34073,
          34074,
          34075,
          39459
        ],
        "unrelated": [
          49252,
          59987,
          61537,
          65776
        ]
      }
    },
    "occupation": {
      "has job": true,
      "income class": [
        3,
        "upper middle class"
      ],
      "income": 1.5490000000000002,
      "all_incomes": [
        0.997,
        0.867,
        1.2910000000000001,
        1.375,
        1.428,
        1.084,
        1.131,
        1.129,
        1.238,
        1.33,
        1.5490000000000002,
        1.5490000000000002,
        1.5490000000000002,
        1.5490000000000002,
        1.5490000000000002,
        1.401,
        1.369,
        1.447,
        1.5410000000000001,
        1.5490000000000002,
        1.5490000000000002,
        1.522,
        1.5490000000000002
      ],
      "job": {
        "lawful": true,
        "honest": false
      }
    },
    "genetics": {
      "skin_color": 6,
      "eye_color": "blue",
      "hair_color": "black",
      "hair_color_code": 0,
      "hair_type": [
        "C",
        "S"
      ],
      "health": 0.549,
      "fertility": 0.758,
      "communication_impaired": false,
      "mobility_impaired": false,
      "cognitive_impaired": false,
      "disabilities": []
    },
    "memory": {
      "health": {
        "1211": {
          "health": {
            "change": false,
            "value_change": 0.0,
            "new_health": 0.73
          },
          "death": false
        },
        "1217": {
          "health": {
            "change": true,
            "value_change": -0.181,
            "new_health": 0.549
          },
          "death": false
        },
        "1218": {
          "health": {
            "change": false,
            "value_change": 0.0,
            "new_health": 0.549
          },
          "death": false
        }
      },
      "events": {
        "1210": [
          {
            "topic": "birth",
            "year": 1210
          },
          {
            "topic": "new relationship",
            "key": 34070,
            "people": [
              12355,
              34069
            ],
            "people names": [
              "Deghen Croic",
              "Costan Croic"
            ],
            "people ages": [
              38,
              0
            ],
            "label": "parentchild",
            "committed": false
          },
          {
            "topic": "new relationship",
            "key": 34071,
            "people": [
              12356,
              34069
            ],
            "people names": [
              "Uergina Blonde",
              "Costan Croic"
            ],
            "people ages": [
              33,
              0
            ],
            "label": "parentchild",
            "committed": false
          },
          {
            "topic": "new relationship",
            "key": 34072,
            "people": [
              15195,
              34069
            ],
            "people names": [
              "Nellen Croic",
              "Costan Croic"
            ],
            "people ages": [
              9,
              0
            ],
            "label": "sibling",
            "committed": false
          },
          {
            "topic": "new relationship",
            "key": 34073,
            "people": [
              21657,
              34069
            ],
            "people names": [
              "Oda Croic",
              "Costan Croic"
            ],
            "people ages": [
              6,
              0
            ],
            "label": "sibling",
            "committed": false
          },
          {
            "topic": "new relationship",
            "key": 34074,
            "people": [
              30429,
              34069
            ],
            "people names": [
              "Richolfus Croic",
              "Costan Croic"
            ],
            "people ages": [
              2,
              0
            ],
            "label": "sibling",
            "committed": false
          },
          {
            "topic": "new relationship",
            "key": 34075,
            "people": [
              31000,
              34069
            ],
            "people names": [
              "Ramont Deghenszoon",
              "Costan Croic"
            ],
            "people ages": [
              1,
              0
            ],
            "label": "sibling",
            "committed": false
          }
        ],
        "1212": [
          {
            "topic": "update",
            "update": "new friendship label",
            "relationship label": "sibling",
            "friendship label": "friend",
            "relationship": 34074
          }
        ],
        "1214": [
          {
            "topic": "new relationship",
            "key": 39459,
            "people": [
              34069,
              39452
            ],
            "people names": [
              "Costan Croic",
              "Mette Croic"
            ],
            "people ages": [
              4,
              0
            ],
            "label": "sibling",
            "committed": false
          },
          {
            "topic": "person died",
            "person": {
              "key": 12355,
              "name": "Deghen Croic",
              "age": 42,
              "alive": false,
              "sex": "m",
              "parents": "firstgen"
            },
            "cause": "illness",
            "friendship label": "indifferent",
            "label": "parent"
          }
        ],
        "1215": [
          {
            "topic": "event",
            "event": "plague",
            "year": 1215
          },
          {
            "topic": "not enough income",
            "income": 0,
            "inhabitants": [
              31000,
              34069
            ]
          }
        ],
        "1216": [
          {
            "topic": "not enough income",
            "income": 0,
            "inhabitants": [
              31000,
              34069
            ]
          }
        ],
        "1217": [
          {
            "topic": "person died",
            "person": {
              "key": 30429,
              "name": "Richolfus Croic",
              "age": 9,
              "alive": false,
              "sex": "m",
              "parents": {
                "mother": "Uergina (12356)",
                "father": "Deghen (12355)"
              }
            },
            "cause": "starvation",
            "friendship label": "friend",
            "label": "sibling"
          },
          {
            "topic": "not enough income",