{
  "34208": {
    "alive": true,
    "name": "Riuum",
    "surname": "Arnulphusszoon",
    "full name": "Riuum Arnulphusszoon",
    "born this way": {
      "sexuality label": "straight",
      "sexuality": 0.0,
      "romantic interest": 0.724,
      "sex interest": 0.78,
      "gender expression": 0.042,
      "sex": "m"
    },
    "age": 38,
    "birth year": 1211,
    "sex": "m",
    "faction": "Dogmatists",
    "income class": [
      3,
      "upper middle class"
    ],
    "personality": {
      "lawful-chaotic": 0.117,
      "nice-nasty": 0.996,
      "honest-false": 0.0,
      "dream": 0.619,
      "outgoing": 0.403
    },
    "attitude": {
      "dream": 0.619,
      "outgoing": 0.403
    },
    "homsoc": {
      "means": {
        "independent": false,
        "taken_care_of": false,
        "caretaker": true,
        "needs_care": false,
        "flags": []
      },
      "expression": {
        "sexuality expression": -0.001,
        "gender expression expression": 0.001
      }
    },
    "network": {
      "parents": {
        "mother": "Atghardis (12344)",
        "father": "Arnulphus (12343)"
      },
      "children": {},
      "relationship keys": {
        "parent": [
          34209,
          34210
        ],
        "sibling": [
          34211,
          34212,
          34213,
          34214,
          35723,
          39776,
          43959
        ],
        "unrelated": [
          51937,
          74151
        ],
        "spouse": [
          66869
        ]
      }
    },
    "occupation": {
      "has job": true,
      "income class": [
        3,
        "upper middle class"
      ],
      "income": 0.05,
      "all_incomes": [
        1.137,
        1.499,
        1.5490000000000002,
        1.5310000000000001,
        1.5490000000000002,
        1.5490000000000002,
        1.5490000000000002,
        1.5490000000000002,
        0.991,
        1.045,
        0.9540000000000001,
        1.008,
        0.9490000000000001,
        0.992,
        1.177,
        1.315,
        1.5490000000000002,
        1.5490000000000002,
        1.0,
        0.8420000000000001,
        0.14200000000000002,
        0.05
      ],
      "job": {
        "lawful": false,
        "honest": false
      }
    },
    "genetics": {
      "skin_color": 5,
      "eye_color": "blue",
      "hair_color": "blonde",
      "hair_color_code": 4,
      "hair_type": [
        "S",
        "C"
      ],
      "health": 0.723,
      "fertility": 0.808,
      "communication_impaired": false,
      "mobility_impaired": false,
      "cognitive_impaired": false,
      "disabilities": []
    },
    "memory": {
      "health": {
        "1212": {
          "health": {
            "change": false,
            "value_change": 0.0,
            "new_health": 0.723
          },
          "death": false
        }
      },
      "events": {
        "1211": [
          {
            "topic": "birth",
            "year": 1211
          },
          {
            "topic": "new relationship",
            "key": 34209,
            "people": [
              12343,
              34208
            ],
            "people names": [
              "Arnulphus",
              "Riuum Arnulphusszoon"
            ],
            "people ages": [
              36,
              0
            ],
            "label": "parentchild",
            "committed": false
          },
          {
            "topic": "new relationship",
            "key": 34210,
            "people": [
              12344,
              34208
            ],
            "people names": [
              "Atghardis Vos",
              "Riuum Arnulphusszoon"
            ],
            "people ages": [
              34,
              0
            ],
            "label": "parentchild",
            "committed": false
          },
          {
            "topic": "new relationship",
            "key": 34211,
            "people": [
              16126,
              34208
            ],
            "people names": [
              "Butsel Arnulphusszoon",
              "Riuum Arnulphusszoon"
            ],
            "people ages": [
              9,
              0
            ],
            "label": "sibling",
            "committed": false
          },
          {
            "topic": "new relationship",
            "key": 34212,
            "people": [
              18450,
              34208
            ],
            "people names": [
              "Agnes Arnulphussdochter",
              "Riuum Arnulphusszoon"
            ],
            "people ages": [
              8,
              0
            ],
            "label": "sibling",
            "committed": false
          },
          {
            "topic": "new relationship",
            "key": 34213,
            "people": [
              23595,
              34208
            ],
            "people names": [
              "Harlo",
              "Riuum Arnulphusszoon"
            ],
            "people ages": [
              5,
              0
            ],
            "label": "sibling",
            "committed": false
          },
          {
            "topic": "new relationship",
            "key": 34214,
            "people": [
              29534,
              34208
            ],
            "people names": [
              "Gheeneman Arnulphusszoon",
              "Riuum Arnulphusszoon"
            ],
            "people ages": [
              2,
              0
            ],
            "label": "sibling",
            "committed": false
          }
        ],
        "1212": [
          {
            "topic": "new relationship",
            "key": 35723,
            "people": [
              34208,
              35716
            ],
            "people names": [
              "Riuum Arnulphusszoon",
              "Alretieren"
            ],
            "people ages": [
              0,
              0
            ],
            "label": "sibling",
            "committed": false
          }
        ],
        "1215": [
          {
            "topic": "event",
            "event": "plague",
            "year": 1215
          },
          {
            "topic": "new relationship",
            "key": 39776,
            "people": [
              34208,
              39769
            ],
            "people names": [
              "Riuum Arnulphusszoon",
              "Godino"
            ],
            "people ages": [
              3,
              0
            ],
            "label": "sibling",
            "committed": false
          }
        ],
        "1217": [
          {
            "topic": "person died",
            "person": {
              "key": 35716,
              "name": "Alretieren",
              "age": 5,
              "alive": false,
              "sex": "f",
              "parents": {
                "mother": "Atghardis (12344)",
                "father": "Arnulphus (12343)"
              }
            },
            "cause": "childhood illness",
            "friendship label": "indifferent",
            "label": "sibling"
          }
        ],
        "1218": [
          {
            "topic": "person died",
            "person": {
              "key": 16126,
              "name": "Butsel Arnulphusszoon",
              "age": 17,
              "alive": false,
              "sex": "m",
              "parents": {
                "mother": "Atghardis (12344)",
                "father": "Arnulphus (12343)"
              }
            },
            "cause": "illness",
            "friendship label": "friend",
            "label": "sibling"
          }
        ],
        "1219": [
          {
            "topic": "update",
            "update": "new friendship label",
            "relationship label": "sibling",
            "friendship label": "indifferent",
            "relationship": 39776
          },
          {
            "topic": "update",
            "update": "new friendship label",
            "relationship label": "sibling",