{
  "34865": {
    "alive": true,
    "name": "Blomart",
    "surname": "Woutgerusszoon",
    "full name": "Blomart Woutgerusszoon",
    "born this way": {
      "sexuality label": "gay",
      "sexuality": 0.905,
      "romantic interest": 0.452,
      "sex interest": 0.631,
      "gender expression": 0.566,
      "sex": "m"
    },
    "age": 38,
    "birth year": 1211,
    "sex": "m",
    "faction": "Zealots",
    "income class": [
      3,
      "upper middle class"
    ],
    "personality": {
      "lawful-chaotic": 0.749,
      "nice-nasty": 0.523,
      "honest-false": 0.16,
      "dream": 0.745,
      "outgoing": 0.871
    },
    "attitude": {
      "dream": 0.745,
      "outgoing": 0.871
    },
    "homsoc": {
      "means": {
        "independent": true,
        "taken_care_of": false,
        "caretaker": true,
        "needs_care": false,
        "flags": [
          "starving"
        ]
      },
      "expression": {
        "sexuality expression": 0.634,
        "gender expression expression": 0.363
      }
    },
    "network": {
      "parents": {
        "mother": "Gertrudis (11960)",
        "father": "Woutgerus (11959)"
      },
      "children": {},
      "relationship keys": {
        "parent": [
          34866,
          34867
        ],
        "sibling": [
          34868,
          34869,
          34870,
          34871,
          34872,
          34873,
          34874,
          37632,
          38326,
          40110
        ]
      }
    },
    "occupation": {
      "has job": true,
      "income class": [
        3,
        "upper middle class"
      ],
      "income": 1.5490000000000002,
      "all_incomes": [
        0.834,
        1.374,
        1.21,
        1.198,
        1.5490000000000002,
        1.5490000000000002,
        1.483,
        1.45,
        1.439,
        1.516,
        1.5490000000000002,
        1.455,
        1.502,
        1.5490000000000002,
        1.5490000000000002,
        1.5490000000000002,
        1.5490000000000002,
        1.5490000000000002,
        1.5490000000000002,
        1.504,
        1.5490000000000002
      ],
      "job": {
        "lawful": true,
        "honest": false
      }
    },
    "genetics": {
      "skin_color": 5,
      "eye_color": "blue",
      "hair_color": "black",
      "hair_color_code": 0,
      "hair_type": [
        "S",
        "C"
      ],
      "health": 0.847,
      "fertility": 0.853,
      "communication_impaired": false,
      "mobility_impaired": false,
      "cognitive_impaired": false,
      "disabilities": []
    },
    "memory": {
      "health": {
        "1212": {
          "health": {
            "change": false,
            "value_change": 0.0,
            "new_health": 0.847
          },
          "death": false
        }
      },
      "events": {
        "1211": [
          {
            "topic": "birth",
            "year": 1211
          },
          {
            "topic": "new relationship",
            "key": 34866,
            "people": [
              11959,
              34865
            ],
            "people names": [
              "Woutgerus Blome",
              "Blomart Woutgerusszoon"
            ],
            "people ages": [
              37,
              0
            ],
            "label": "parentchild",
            "committed": false
          },
          {
            "topic": "new relationship",
            "key": 34867,
            "people": [
              11960,
              34865
            ],
            "people names": [
              "Gertrudis",
              "Blomart Woutgerusszoon"
            ],
            "people ages": [
              29,
              0
            ],
            "label": "parentchild",
            "committed": false
          },
          {
            "topic": "new relationship",
            "key": 34868,
            "people": [
              15955,
              34865
            ],
            "people names": [
              "Gerburgis Blome",
              "Blomart Woutgerusszoon"
            ],
            "people ages": [
              10,
              0
            ],
            "label": "sibling",
            "committed": false
          },
          {
            "topic": "new relationship",
            "key": 34869,
            "people": [
              17668,
              34865
            ],
            "people names": [
              "Godeweris Blome",
              "Blomart Woutgerusszoon"
            ],
            "people ages": [
              8,
              0
            ],
            "label": "sibling",
            "committed": false
          },
          {
            "topic": "new relationship",
            "key": 34870,
            "people": [
              21435,
              34865
            ],
            "people names": [
              "Goneir Blome",
              "Blomart Woutgerusszoon"
            ],
            "people ages": [
              7,
              0
            ],
            "label": "sibling",
            "committed": false
          },
          {
            "topic": "new relationship",
            "key": 34871,
            "people": [
              23999,
              34865
            ],
            "people names": [
              "Clementia Blome",
              "Blomart Woutgerusszoon"
            ],
            "people ages": [
              5,
              0
            ],
            "label": "sibling",
            "committed": false
          },
          {
            "topic": "new relationship",
            "key": 34872,
            "people": [
              26437,
              34865
            ],
            "people names": [
              "Oderada Blome",
              "Blomart Woutgerusszoon"
            ],
            "people ages": [
              5,
              0
            ],
            "label": "sibling",
            "committed": false
          },
          {
            "topic": "new relationship",
            "key": 34873,
            "people": [
              28663,
              34865
            ],
            "people names": [
              "Falco Blome",
              "Blomart Woutgerusszoon"
            ],
            "people ages": [
              4,
              0
            ],
            "label": "sibling",
            "committed": false
          },
          {
            "topic": "new relationship",
            "key": 34874,
            "people": [
              31472,
              34865
            ],
            "people names": [
              "Salome Blome",
              "Blomart Woutgerusszoon"
            ],
            "people ages": [
              2,
              0
            ],
            "label": "sibling",
            "committed": false
          },
          {
            "topic": "not enough income",
            "income": 0.45599999999999996,
            "inhabitants": [
              26437,
              34865,
              40100,
              26622,
              46656,
              48752,
              51429,
              53264,
              56637,
              67197,
              70110,
              71226
            ]
          }
        ],
        "1212": [
          {
            "topic": "update",
            "update": "new friendship label",
            "relationship label": "sibling",
            "friendship label": "indifferent",
            "relationship": 34868
          }
        ],
        "1213": [
          {
            "topic": "new relationship",
            "key": 37632,
            "people": [
              34865,
              37622
            ],
            "people names": [
              "Blomart Woutgerusszoon",
              "Saxiardis Blome"
            ],
            "people ages": [
              1,
              0
            ],
            "label": "sibling",
            "committed": false
          }
        ],
        "1214": [
          {
            "topic": "new relationship",
            "key": 38326,