{
  "35373": {
    "alive": false,
    "name": "Godino",
    "surname": "van Wigboldo",
    "full name": "Godino van Wigboldo",
    "born this way": {
      "sexuality label": "gay",
      "sexuality": 0.9,
      "romantic interest": 0.627,
      "sex interest": 0.621,
      "gender expression": 0.0,
      "sex": "m"
    },
    "age": 34,
    "birth year": 1211,
    "sex": "m",
    "faction": "No religion",
    "income class": [
      3,
      "upper middle class"
    ],
    "personality": {
      "lawful-chaotic": 0.753,
      "nice-nasty": 0.988,
      "honest-false": 0.337,
      "dream": 0.335,
      "outgoing": 0.688
    },
    "attitude": {
      "dream": 0.335,
      "outgoing": 0.688
    },
    "homsoc": {
      "means": {
        "independent": true,
        "taken_care_of": false,
        "caretaker": true,
        "needs_care": false,
        "flags": []
      },
      "expression": {
        "sexuality expression": 0.453,
        "gender expression expression": -0.001
      }
    },
    "network": {
      "parents": {
        "mother": "Cecilia (11741)",
        "father": "Wigboldo (11740)"
      },
      "children": {
        "71269": {
          "key": 71269,
          "name": "Erkenradis van Godino",
          "age": 6,
          "alive": true,
          "sex": "f",
          "parents": {
            "mother": "Aleberna (13333)",
            "father": "Godino (35373)"
          }
        }
      },
      "relationship keys": {
        "parent": [
          35374,
          35375
        ],
        "sibling": [
          35376,
          35377,
          35378,
          35379,
          35380,
          35381,
          35382,
          35787,
          40203
        ],
        "unrelated": [
          61601
        ],
        "spouse": [
          66877
        ],
        "child": {
          "birth": [
            71270
          ]
        }
      }
    },
    "occupation": {
      "has job": true,
      "income class": [
        3,
        "upper middle class"
      ],
      "income": 0.998,
      "all_incomes": [
        1.14,
        1.3860000000000001,
        1.5490000000000002,
        1.5490000000000002,
        1.5490000000000002,
        1.337,
        1.5490000000000002,
        1.5490000000000002,
        1.5490000000000002,
        1.5490000000000002,
        1.5490000000000002,
        1.5490000000000002,
        1.5490000000000002,
        1.5490000000000002,
        1.5490000000000002,
        1.5490000000000002,
        1.086,
        0.909,
        0.998
      ],
      "job": {
        "lawful": true,
        "honest": false
      }
    },
    "genetics": {
      "skin_color": 5,
      "eye_color": "brown",
      "hair_color": "brown",
      "hair_color_code": 2,
      "hair_type": [
        "C",
        "S"
      ],
      "health": 0.792,
      "fertility": 0.765,
      "communication_impaired": false,
      "mobility_impaired": false,
      "cognitive_impaired": false,
      "disabilities": []
    },
    "memory": {
      "health": {
        "1212": {
          "health": {
            "change": false,
            "value_change": 0.0,
            "new_health": 0.792
          },
          "death": false
        },
        "1245": {
          "health": {
            "change": false,
            "value_change": 0.0,
            "new_health": 0.792
          },
          "death": true
        }
      },
      "events": {
        "1211": [
          {
            "topic": "birth",
            "year": 1211
          },
          {
            "topic": "new relationship",
            "key": 35374,
            "people": [
              11740,
              35373
            ],
            "people names": [
              "Wigboldo Spirinx",
              "Godino van Wigboldo"
            ],
            "people ages": [
              41,
              0
            ],
            "label": "parentchild",
            "committed": false
          },
          {
            "topic": "new relationship",
            "key": 35375,
            "people": [
              11741,
              35373
            ],
            "people names": [
              "Cecilia Bier",
              "Godino van Wigboldo"
            ],
            "people ages": [
              35,
              0
            ],
            "label": "parentchild",
            "committed": false
          },
          {
            "topic": "new relationship",
            "key": 35376,
            "people": [
              13342,
              35373
            ],
            "people names": [
              "Dieuel van Wigboldo",
              "Godino van Wigboldo"
            ],
            "people ages": [
              11,
              0
            ],
            "label": "sibling",
            "committed": false
          },
          {
            "topic": "new relationship",
            "key": 35377,
            "people": [
              15217,
              35373
            ],
            "people names": [
              "Myrthel Spirinx",
              "Godino van Wigboldo"
            ],
            "people ages": [
              10,
              0
            ],
            "label": "sibling",
            "committed": false
          },
          {
            "topic": "new relationship",
            "key": 35378,
            "people": [
              18364,
              35373
            ],
            "people names": [
              "Eingeliadis Spirinx",
              "Godino van Wigboldo"
            ],
            "people ages": [
              9,
              0
            ],
            "label": "sibling",
            "committed": false
          },
          {
            "topic": "new relationship",
            "key": 35379,
            "people": [
              21993,
              35373
            ],
            "people names": [
              "Butsel Spirinx",
              "Godino van Wigboldo"
            ],
            "people ages": [
              7,
              0
            ],
            "label": "sibling",
            "committed": false
          },
          {
            "topic": "new relationship",
            "key": 35380,
            "people": [
              26753,
              35373
            ],
            "people names": [
              "Elberino Spirinx",
              "Godino van Wigboldo"
            ],
            "people ages": [
              5,
              0
            ],
            "label": "sibling",
            "committed": false
          },
          {
            "topic": "new relationship",
            "key": 35381,
            "people": [
              30294,
              35373
            ],
            "people names": [
              "Siccone Spirinx",
              "Godino van Wigboldo"
            ],
            "people ages": [
              3,
              0
            ],
            "label": "sibling",
            "committed": false
          },
          {
            "topic": "new relationship",
            "key": 35382,
            "people": [
              33905,
              35373
            ],
            "people names": [
              "Folqui Spirinx",
              "Godino van Wigboldo"
            ],
            "people ages": [
              1,
              0
            ],
            "label": "sibling",
            "committed": false
          }
        ],
        "1212": [
          {
            "topic": "new relationship",
            "key": 35787,
            "people": [
              35373,
              35777
            ],
            "people names": [
              "Godino van Wigboldo",
              "Suaneka van Wigboldo"
            ],
            "people ages": [
              0,
              0
            ],
            "label": "sibling",
            "committed": false
          }
        ],
        "1215": [
          {
            "topic": "event",
            "event": "plague",