{
  "35406": {
    "alive": true,
    "name": "Diewiven",
    "surname": "",
    "full name": "Diewiven",
    "born this way": {
      "sexuality label": "straight",
      "sexuality": 0.137,
      "romantic interest": 0.64,
      "sex interest": 0.729,
      "gender expression": 0.115,
      "sex": "f"
    },
    "age": 38,
    "birth year": 1211,
    "sex": "f",
    "faction": "No religion",
    "income class": [
      3,
      "upper middle class"
    ],
    "personality": {
      "lawful-chaotic": 0.523,
      "nice-nasty": 0.241,
      "honest-false": 0.485,
      "dream": 0.53,
      "outgoing": 0.677
    },
    "attitude": {
      "dream": 0.53,
      "outgoing": 0.677
    },
    "homsoc": {
      "means": {
        "independent": true,
        "taken_care_of": false,
        "caretaker": true,
        "needs_care": false,
        "flags": []
      },
      "expression": {
        "sexuality expression": 0.121,
        "gender expression expression": 0.113
      }
    },
    "network": {
      "parents": {
        "mother": "Katrin (11447)",
        "father": "Gisekin (11446)"
      },
      "children": {},
      "relationship keys": {
        "parent": [
          35407,
          35408
        ],
        "sibling": [
          35409,
          35410,
          35411,
          35412,
          35413,
          35414,
          40990
        ],
        "nibling": [
          46248,
          47202
        ],
        "unrelated": [
          49277,
          58292,
          76373
        ]
      }
    },
    "occupation": {
      "has job": true,
      "income class": [
        3,
        "upper middle class"
      ],
      "income": 1.5490000000000002,
      "all_incomes": [
        0.931,
        1.036,
        0.9420000000000001,
        0.9520000000000001,
        0.908,
        0.9720000000000001,
        1.077,
        1.1420000000000001,
        1.1700000000000002,
        1.226,
        1.258,
        1.34,
        1.2810000000000001,
        1.364,
        1.442,
        1.458,
        1.475,
        1.534,
        1.5490000000000002,
        1.5490000000000002,
        1.5490000000000002
      ],
      "job": {
        "lawful": true,
        "honest": true
      }
    },
    "genetics": {
      "skin_color": 5,
      "eye_color": "blue",
      "hair_color": "brown",
      "hair_color_code": 2,
      "hair_type": [
        "S",
        "S"
      ],
      "health": 0.075,
      "fertility": 0.706,
      "communication_impaired": false,
      "mobility_impaired": false,
      "cognitive_impaired": false,
      "disabilities": []
    },
    "memory": {
      "health": {
        "1212": {
          "health": {
            "change": false,
            "value_change": 0.0,
            "new_health": 0.678
          },
          "death": false
        },
        "1223": {
          "health": {
            "change": true,
            "value_change": -0.25,
            "new_health": 0.428
          },
          "death": false
        },
        "1224": {
          "health": {
            "change": false,
            "value_change": 0.0,
            "new_health": 0.428
          },
          "death": false
        },
        "1235": {
          "health": {
            "change": true,
            "value_change": -0.27,
            "new_health": 0.158
          },
          "death": false
        },
        "1236": {
          "health": {
            "change": false,
            "value_change": 0.0,
            "new_health": 0.158
          },
          "death": false
        },
        "1242": {
          "health": {
            "change": true,
            "value_change": -0.083,
            "new_health": 0.075
          },
          "death": false
        },
        "1243": {
          "health": {
            "change": false,
            "value_change": 0.0,
            "new_health": 0.075
          },
          "death": false
        }
      },
      "events": {
        "1211": [
          {
            "topic": "birth",
            "year": 1211
          },
          {
            "topic": "new relationship",
            "key": 35407,
            "people": [
              11446,
              35406
            ],
            "people names": [
              "Gisekin",
              "Diewiven"
            ],
            "people ages": [
              41,
              0
            ],
            "label": "parentchild",
            "committed": false
          },
          {
            "topic": "new relationship",
            "key": 35408,
            "people": [
              11447,
              35406
            ],
            "people names": [
              "Katrin Butziel",
              "Diewiven"
            ],
            "people ages": [
              37,
              0
            ],
            "label": "parentchild",
            "committed": false
          },
          {
            "topic": "new relationship",
            "key": 35409,
            "people": [
              16095,
              35406
            ],
            "people names": [
              "Linnea",
              "Diewiven"
            ],
            "people ages": [
              10,
              0
            ],
            "label": "sibling",
            "committed": false
          },
          {
            "topic": "new relationship",
            "key": 35410,
            "people": [
              18432,
              35406
            ],
            "people names": [
              "Diddekin",
              "Diewiven"
            ],
            "people ages": [
              9,
              0
            ],
            "label": "sibling",
            "committed": false
          },
          {
            "topic": "new relationship",
            "key": 35411,
            "people": [
              20055,
              35406
            ],
            "people names": [
              "Rycaldis van Gisekin",
              "Diewiven"
            ],
            "people ages": [
              8,
              0
            ],
            "label": "sibling",
            "committed": false
          },
          {
            "topic": "new relationship",
            "key": 35412,
            "people": [
              22385,
              35406
            ],
            "people names": [
              "Lelien",
              "Diewiven"
            ],
            "people ages": [
              7,
              0
            ],
            "label": "sibling",
            "committed": false
          },
          {
            "topic": "new relationship",
            "key": 35413,
            "people": [
              32095,
              35406
            ],
            "people names": [
              "Oderada",
              "Diewiven"
            ],
            "people ages": [
              2,
              0
            ],
            "label": "sibling",
            "committed": false
          },
          {
            "topic": "new relationship",
            "key": 35414,
            "people": [
              33679,
              35406
            ],
            "people names": [
              "Gherung",
              "Diewiven"
            ],
            "people ages": [
              1,
              0
            ],
            "label": "sibling",
            "committed": false
          }
        ],
        "1212": [
          {
            "topic": "update",
            "update": "new friendship label",
            "relationship label": "sibling",
            "friendship label": "friend",
            "relationship": 35413
          }
        ],
        "1213": [
          {
            "topic": "update",
            "update": "new friendship label",
            "relationship label": "sibling",
            "friendship label": "friend",
            "relationship": 35413
          }
        ],
        "1215": [
          {
            "topic": "event",
            "event": "plague",