{
  "35532": {
    "alive": true,
    "name": "Heilsota",
    "surname": "Blome",
    "full name": "Heilsota Blome",
    "born this way": {
      "sexuality label": "gay",
      "sexuality": 0.922,
      "romantic interest": 0.531,
      "sex interest": 0.492,
      "gender expression": 0.52,
      "sex": "f"
    },
    "age": 38,
    "birth year": 1211,
    "sex": "f",
    "faction": "No religion",
    "income class": [
      3,
      "upper middle class"
    ],
    "personality": {
      "lawful-chaotic": 0.399,
      "nice-nasty": 0.0,
      "honest-false": 0.4,
      "dream": 0.273,
      "outgoing": 0.706
    },
    "attitude": {
      "dream": 0.273,
      "outgoing": 0.706
    },
    "homsoc": {
      "means": {
        "independent": true,
        "taken_care_of": false,
        "caretaker": true,
        "needs_care": false,
        "flags": []
      },
      "expression": {
        "sexuality expression": 0.715,
        "gender expression expression": 0.131
      }
    },
    "network": {
      "parents": {
        "mother": "Flore (11804)",
        "father": "Seukinus (11803)"
      },
      "children": {},
      "relationship keys": {
        "parent": [
          35533,
          35534
        ],
        "sibling": [
          35535,
          35536,
          35537,
          35538,
          35539,
          35540,
          35541,
          35542
        ],
        "unrelated": [
          61530,
          63157,
          65781
        ]
      }
    },
    "occupation": {
      "has job": true,
      "income class": [
        3,
        "upper middle class"
      ],
      "income": 1.5490000000000002,
      "all_incomes": [
        0.996,
        1.015,
        1.112,
        1.11,
        1.1480000000000001,
        1.195,
        1.2550000000000001,
        1.327,
        1.361,
        1.454,
        1.495,
        1.5150000000000001,
        1.5490000000000002,
        1.5490000000000002,
        1.5490000000000002,
        1.5490000000000002,
        1.5310000000000001,
        1.546,
        1.488,
        1.5490000000000002,
        1.5490000000000002,
        1.5490000000000002,
        1.5490000000000002
      ],
      "job": {
        "lawful": true,
        "honest": true
      }
    },
    "genetics": {
      "skin_color": 5,
      "eye_color": "brown",
      "hair_color": "black",
      "hair_color_code": 0,
      "hair_type": [
        "C",
        "S"
      ],
      "health": 0.812,
      "fertility": 0.773,
      "communication_impaired": false,
      "mobility_impaired": false,
      "cognitive_impaired": false,
      "disabilities": []
    },
    "memory": {
      "health": {
        "1212": {
          "health": {
            "change": false,
            "value_change": 0.0,
            "new_health": 0.812
          },
          "death": false
        }
      },
      "events": {
        "1211": [
          {
            "topic": "birth",
            "year": 1211
          },
          {
            "topic": "new relationship",
            "key": 35533,
            "people": [
              11803,
              35532
            ],
            "people names": [
              "Seukinus Blome",
              "Heilsota Blome"
            ],
            "people ages": [
              33,
              0
            ],
            "label": "parentchild",
            "committed": false
          },
          {
            "topic": "new relationship",
            "key": 35534,
            "people": [
              11804,
              35532
            ],
            "people names": [
              "Flore Iude",
              "Heilsota Blome"
            ],
            "people ages": [
              29,
              0
            ],
            "label": "parentchild",
            "committed": false
          },
          {
            "topic": "new relationship",
            "key": 35535,
            "people": [
              12946,
              35532
            ],
            "people names": [
              "Hilduardis Blome",
              "Heilsota Blome"
            ],
            "people ages": [
              11,
              0
            ],
            "label": "sibling",
            "committed": false
          },
          {
            "topic": "new relationship",
            "key": 35536,
            "people": [
              16427,
              35532
            ],
            "people names": [
              "Thezonus Blome",
              "Heilsota Blome"
            ],
            "people ages": [
              10,
              0
            ],
            "label": "sibling",
            "committed": false
          },
          {
            "topic": "new relationship",
            "key": 35537,
            "people": [
              17539,
              35532
            ],
            "people names": [
              "Folpertus Blome",
              "Heilsota Blome"
            ],
            "people ages": [
              9,
              0
            ],
            "label": "sibling",
            "committed": false
          },
          {
            "topic": "new relationship",
            "key": 35538,
            "people": [
              18993,
              35532
            ],
            "people names": [
              "Volcwiif Blome",
              "Heilsota Blome"
            ],
            "people ages": [
              8,
              0
            ],
            "label": "sibling",
            "committed": false
          },
          {
            "topic": "new relationship",
            "key": 35539,
            "people": [
              22029,
              35532
            ],
            "people names": [
              "Walburgis Blome",
              "Heilsota Blome"
            ],
            "people ages": [
              7,
              0
            ],
            "label": "sibling",
            "committed": false
          },
          {
            "topic": "new relationship",
            "key": 35540,
            "people": [
              26475,
              35532
            ],
            "people names": [
              "Lielde Blome",
              "Heilsota Blome"
            ],
            "people ages": [
              5,
              0
            ],
            "label": "sibling",
            "committed": false
          },
          {
            "topic": "new relationship",
            "key": 35541,
            "people": [
              27418,
              35532
            ],
            "people names": [
              "Wilbord Blome",
              "Heilsota Blome"
            ],
            "people ages": [
              4,
              0
            ],
            "label": "sibling",
            "committed": false
          },
          {
            "topic": "new relationship",
            "key": 35542,
            "people": [
              33780,
              35532
            ],
            "people names": [
              "Hersewindis Blome",
              "Heilsota Blome"
            ],
            "people ages": [
              1,
              0
            ],
            "label": "sibling",
            "committed": false
          }
        ],
        "1215": [
          {
            "topic": "event",
            "event": "plague",
            "year": 1215
          }
        ],
        "1216": [
          {
            "topic": "update",
            "update": "new friendship label",
            "relationship label": "parentchild",
            "friendship label": "friend",
            "relationship": 35533
          },
          {
            "topic": "person died",
            "person": {
              "key": 33780,
              "name": "Hersewindis Blome",
              "age": 6,
              "alive": false,
              "sex": "f",
              "parents": {
                "mother": "Flore (11804)",
                "father": "Seukinus (11803)"
              }
            },
            "cause": "childhood illness",