{
  "36414": {
    "alive": true,
    "name": "Brandekijn",
    "surname": "",
    "full name": "Brandekijn",
    "born this way": {
      "sexuality label": "straight",
      "sexuality": 0.036,
      "romantic interest": 0.723,
      "sex interest": 0.453,
      "gender expression": 0.226,
      "sex": "m"
    },
    "age": 37,
    "birth year": 1212,
    "sex": "m",
    "faction": "Dogmatists",
    "income class": [
      4,
      "nobility"
    ],
    "personality": {
      "lawful-chaotic": 0.688,
      "nice-nasty": 0.425,
      "honest-false": 0.468,
      "dream": 0.052,
      "outgoing": 0.523
    },
    "attitude": {
      "dream": 0.052,
      "outgoing": 0.523
    },
    "homsoc": {
      "means": {
        "independent": true,
        "taken_care_of": false,
        "caretaker": true,
        "needs_care": false,
        "flags": [
          "starving"
        ]
      },
      "expression": {
        "sexuality expression": 0.023,
        "gender expression expression": 0.053
      }
    },
    "network": {
      "parents": {
        "mother": "Baua (12392)",
        "father": "Adam (12391)"
      },
      "children": {},
      "relationship keys": {
        "parent": [
          36415,
          36416
        ],
        "sibling": [
          36417,
          36418,
          36419,
          36420,
          40456,
          43553
        ],
        "unrelated": [
          42062,
          51942,
          53429,
          58303,
          66904,
          75728
        ]
      }
    },
    "occupation": {
      "has job": true,
      "income class": [
        4,
        "nobility"
      ],
      "income": 1.5990000000000002,
      "all_incomes": [
        1.203,
        1.105,
        0.962,
        1.026,
        1.032,
        1.3030000000000002,
        1.4660000000000002,
        1.5610000000000002,
        1.5990000000000002,
        1.1580000000000001,
        1.036,
        1.336,
        1.399,
        1.584,
        1.5990000000000002,
        1.5990000000000002,
        1.5430000000000001,
        1.586,
        1.5990000000000002,
        1.5990000000000002,
        1.5990000000000002,
        1.5990000000000002
      ],
      "job": {
        "lawful": true,
        "honest": false
      }
    },
    "genetics": {
      "skin_color": 6,
      "eye_color": "green",
      "hair_color": "brown",
      "hair_color_code": 2,
      "hair_type": [
        "C",
        "S"
      ],
      "health": 0.648,
      "fertility": 0.713,
      "communication_impaired": false,
      "mobility_impaired": false,
      "cognitive_impaired": false,
      "disabilities": []
    },
    "memory": {
      "health": {
        "1213": {
          "health": {
            "change": false,
            "value_change": 0.0,
            "new_health": 0.648
          },
          "death": false
        }
      },
      "events": {
        "1212": [
          {
            "topic": "birth",
            "year": 1212
          },
          {
            "topic": "new relationship",
            "key": 36415,
            "people": [
              12391,
              36414
            ],
            "people names": [
              "Adam",
              "Brandekijn"
            ],
            "people ages": [
              38,
              0
            ],
            "label": "parentchild",
            "committed": false
          },
          {
            "topic": "new relationship",
            "key": 36416,
            "people": [
              12392,
              36414
            ],
            "people names": [
              "Baua Broem",
              "Brandekijn"
            ],
            "people ages": [
              34,
              0
            ],
            "label": "parentchild",
            "committed": false
          },
          {
            "topic": "new relationship",
            "key": 36417,
            "people": [
              19272,
              36414
            ],
            "people names": [
              "Woltwigis",
              "Brandekijn"
            ],
            "people ages": [
              9,
              0
            ],
            "label": "sibling",
            "committed": false
          },
          {
            "topic": "new relationship",
            "key": 36418,
            "people": [
              20988,
              36414
            ],
            "people names": [
              "Thidboldus",
              "Brandekijn"
            ],
            "people ages": [
              8,
              0
            ],
            "label": "sibling",
            "committed": false
          },
          {
            "topic": "new relationship",
            "key": 36419,
            "people": [
              24082,
              36414
            ],
            "people names": [
              "Soeten Adamsdochter",
              "Brandekijn"
            ],
            "people ages": [
              6,
              0
            ],
            "label": "sibling",
            "committed": false
          },
          {
            "topic": "new relationship",
            "key": 36420,
            "people": [
              32351,
              36414
            ],
            "people names": [
              "Daniel Adamszoon",
              "Brandekijn"
            ],
            "people ages": [
              2,
              0
            ],
            "label": "sibling",
            "committed": false
          }
        ],
        "1214": [
          {
            "topic": "update",
            "update": "new friendship label",
            "relationship label": "parentchild",
            "friendship label": "good friend",
            "relationship": 36416
          }
        ],
        "1215": [
          {
            "topic": "event",
            "event": "plague",
            "year": 1215
          },
          {
            "topic": "update",
            "update": "new friendship label",
            "relationship label": "sibling",
            "friendship label": "indifferent",
            "relationship": 36419
          },
          {
            "topic": "new relationship",
            "key": 40456,
            "people": [
              36414,
              40449
            ],
            "people names": [
              "Brandekijn",
              "Jacomin"
            ],
            "people ages": [
              3,
              0
            ],
            "label": "sibling",
            "committed": false
          },
          {
            "topic": "person died",
            "person": {
              "key": 24082,
              "name": "Soeten Adamsdochter",
              "age": 10,
              "alive": false,
              "sex": "f",
              "parents": {
                "mother": "Baua (12392)",
                "father": "Adam (12391)"
              }
            },
            "cause": "plague",
            "friendship label": "indifferent",
            "label": "sibling"
          }
        ],
        "1217": [
          {
            "topic": "update",
            "update": "new friendship label",
            "relationship label": "parentchild",
            "friendship label": "friend",
            "relationship": 36415
          },
          {
            "topic": "new relationship",
            "key": 42062,
            "people": [
              36414,
              36779
            ],
            "people names": [
              "Brandekijn",
              "Bartholomeus"
            ],
            "people ages": [
              5,
              5
            ],
            "label": "unrelated",
            "committed": false
          },
          {
            "topic": "person died",
            "person": {
              "key": 20988,
              "name": "Thidboldus",
              "age": 13,
              "alive": false,
              "sex": "m",
              "parents": {
                "mother": "Baua (12392)",