{
  "36692": {
    "alive": true,
    "name": "Thieleman",
    "surname": "",
    "full name": "Thieleman",
    "born this way": {
      "sexuality label": "straight",
      "sexuality": 0.0,
      "romantic interest": 0.383,
      "sex interest": 0.63,
      "gender expression": 0.265,
      "sex": "m"
    },
    "age": 37,
    "birth year": 1212,
    "sex": "m",
    "faction": "No religion",
    "income class": [
      3,
      "upper middle class"
    ],
    "personality": {
      "lawful-chaotic": 0.033,
      "nice-nasty": 0.487,
      "honest-false": 0.51,
      "dream": 0.457,
      "outgoing": 0.885
    },
    "attitude": {
      "dream": 0.457,
      "outgoing": 0.885
    },
    "homsoc": {
      "means": {
        "independent": true,
        "taken_care_of": false,
        "caretaker": true,
        "needs_care": false,
        "flags": []
      },
      "expression": {
        "sexuality expression": -0.001,
        "gender expression expression": 0.121
      }
    },
    "network": {
      "parents": {
        "mother": "Aghata (11789)",
        "father": "Blankard (11788)"
      },
      "children": {},
      "relationship keys": {
        "parent": [
          36693,
          36694
        ],
        "sibling": [
          36695,
          36696,
          36697,
          36698,
          36699,
          36997,
          38949
        ],
        "unrelated": [
          60048,
          63137,
          70299
        ]
      }
    },
    "occupation": {
      "has job": true,
      "income class": [
        3,
        "upper middle class"
      ],
      "income": 1.1260000000000001,
      "all_incomes": [
        1.219,
        1.4160000000000001,
        1.403,
        1.536,
        1.495,
        1.5490000000000002,
        1.5490000000000002,
        1.353,
        1.434,
        1.4060000000000001,
        1.5450000000000002,
        1.5490000000000002,
        1.5490000000000002,
        1.5490000000000002,
        1.492,
        1.5490000000000002,
        1.477,
        1.1500000000000001,
        1.228,
        1.103,
        1.058,
        1.1260000000000001
      ],
      "job": {
        "lawful": false,
        "honest": true
      }
    },
    "genetics": {
      "skin_color": 2,
      "eye_color": "brown",
      "hair_color": "blonde",
      "hair_color_code": 4,
      "hair_type": [
        "S",
        "S"
      ],
      "health": 0.524,
      "fertility": 0.488,
      "communication_impaired": false,
      "mobility_impaired": false,
      "cognitive_impaired": false,
      "disabilities": []
    },
    "memory": {
      "health": {
        "1213": {
          "health": {
            "change": false,
            "value_change": 0.0,
            "new_health": 0.524
          },
          "death": false
        }
      },
      "events": {
        "1212": [
          {
            "topic": "birth",
            "year": 1212
          },
          {
            "topic": "new relationship",
            "key": 36693,
            "people": [
              11788,
              36692
            ],
            "people names": [
              "Blankard Croic",
              "Thieleman"
            ],
            "people ages": [
              50,
              0
            ],
            "label": "parentchild",
            "committed": false
          },
          {
            "topic": "new relationship",
            "key": 36694,
            "people": [
              11789,
              36692
            ],
            "people names": [
              "Aghata Spirinx",
              "Thieleman"
            ],
            "people ages": [
              39,
              0
            ],
            "label": "parentchild",
            "committed": false
          },
          {
            "topic": "new relationship",
            "key": 36695,
            "people": [
              13420,
              36692
            ],
            "people names": [
              "Heillam Croic",
              "Thieleman"
            ],
            "people ages": [
              12,
              0
            ],
            "label": "sibling",
            "committed": false
          },
          {
            "topic": "new relationship",
            "key": 36696,
            "people": [
              20531,
              36692
            ],
            "people names": [
              "Saxiardis Blankardsdochter",
              "Thieleman"
            ],
            "people ages": [
              9,
              0
            ],
            "label": "sibling",
            "committed": false
          },
          {
            "topic": "new relationship",
            "key": 36697,
            "people": [
              30353,
              36692
            ],
            "people names": [
              "Truden Croic",
              "Thieleman"
            ],
            "people ages": [
              4,
              0
            ],
            "label": "sibling",
            "committed": false
          },
          {
            "topic": "new relationship",
            "key": 36698,
            "people": [
              31544,
              36692
            ],
            "people names": [
              "Reynerus Croic",
              "Thieleman"
            ],
            "people ages": [
              3,
              0
            ],
            "label": "sibling",
            "committed": false
          },
          {
            "topic": "new relationship",
            "key": 36699,
            "people": [
              33234,
              36692
            ],
            "people names": [
              "Jan Croic",
              "Thieleman"
            ],
            "people ages": [
              2,
              0
            ],
            "label": "sibling",
            "committed": false
          }
        ],
        "1213": [
          {
            "topic": "new relationship",
            "key": 36997,
            "people": [
              36692,
              36989
            ],
            "people names": [
              "Thieleman",
              "Hildegardis Croic"
            ],
            "people ages": [
              0,
              0
            ],
            "label": "sibling",
            "committed": false
          }
        ],
        "1214": [
          {
            "topic": "new relationship",
            "key": 38949,
            "people": [
              36692,
              38941
            ],
            "people names": [
              "Thieleman",
              "Yoel Croic"
            ],
            "people ages": [
              2,
              0
            ],
            "label": "sibling",
            "committed": false
          }
        ],
        "1215": [
          {
            "topic": "event",
            "event": "plague",
            "year": 1215
          }
        ],
        "1216": [
          {
            "topic": "person died",
            "person": {
              "key": 11788,
              "name": "Blankard Croic",
              "age": 54,
              "alive": false,
              "sex": "m",
              "parents": "firstgen"
            },
            "cause": "sickness",
            "friendship label": "friend",
            "label": "parent"
          }
        ],
        "1217": [
          {
            "topic": "update",
            "update": "new friendship label",
            "relationship label": "sibling",
            "friendship label": "friend",
            "relationship": 36695
          }
        ],
        "1218": [
          {
            "topic": "update",
            "update": "new friendship label",
            "relationship label": "sibling",
            "friendship label": "enemy",
            "relationship": 38949
          }
        ],
        "1219": [
          {
            "topic": "update",
            "update": "new friendship label",
            "relationship label": "sibling",
            "friendship label": "indifferent",