{
  "36728": {
    "alive": true,
    "name": "Iacobus",
    "surname": "",
    "full name": "Iacobus",
    "born this way": {
      "sexuality label": "bi",
      "sexuality": 0.498,
      "romantic interest": 0.446,
      "sex interest": 0.746,
      "gender expression": 0.173,
      "sex": "m"
    },
    "age": 37,
    "birth year": 1212,
    "sex": "m",
    "faction": "Dogmatists",
    "income class": [
      4,
      "nobility"
    ],
    "personality": {
      "lawful-chaotic": 0.467,
      "nice-nasty": 0.015,
      "honest-false": 0.164,
      "dream": 0.371,
      "outgoing": 0.363
    },
    "attitude": {
      "dream": 0.371,
      "outgoing": 0.363
    },
    "homsoc": {
      "means": {
        "independent": true,
        "taken_care_of": false,
        "caretaker": true,
        "needs_care": false,
        "flags": [
          "starving"
        ]
      },
      "expression": {
        "sexuality expression": 0.169,
        "gender expression expression": 0.127
      }
    },
    "network": {
      "parents": {
        "mother": "Aghete (12383)",
        "father": "Folpertus (12382)"
      },
      "children": {},
      "relationship keys": {
        "parent": [
          36729,
          36730
        ],
        "sibling": [
          36731,
          36732,
          36733,
          38017,
          39429
        ],
        "unrelated": [
          55043,
          63138,
          65759,
          66888,
          69279,
          73235
        ]
      }
    },
    "occupation": {
      "has job": true,
      "income class": [
        4,
        "nobility"
      ],
      "income": 1.5990000000000002,
      "all_incomes": [
        1.065,
        1.093,
        1.177,
        1.239,
        1.2950000000000002,
        1.361,
        1.481,
        1.572,
        1.5990000000000002,
        1.5990000000000002,
        1.5990000000000002,
        1.5990000000000002,
        1.5990000000000002,
        1.5990000000000002,
        1.5990000000000002,
        1.5990000000000002,
        1.5990000000000002,
        1.5990000000000002,
        1.5990000000000002,
        1.588,
        1.5990000000000002,
        1.5990000000000002
      ],
      "job": {
        "lawful": true,
        "honest": true
      }
    },
    "genetics": {
      "skin_color": 6,
      "eye_color": "blue",
      "hair_color": "black",
      "hair_color_code": 0,
      "hair_type": [
        "S",
        "S"
      ],
      "health": 0.712,
      "fertility": 0.736,
      "communication_impaired": false,
      "mobility_impaired": false,
      "cognitive_impaired": false,
      "disabilities": []
    },
    "memory": {
      "health": {
        "1213": {
          "health": {
            "change": false,
            "value_change": 0.0,
            "new_health": 0.712
          },
          "death": false
        }
      },
      "events": {
        "1212": [
          {
            "topic": "birth",
            "year": 1212
          },
          {
            "topic": "new relationship",
            "key": 36729,
            "people": [
              12382,
              36728
            ],
            "people names": [
              "Folpertus",
              "Iacobus"
            ],
            "people ages": [
              48,
              0
            ],
            "label": "parentchild",
            "committed": false
          },
          {
            "topic": "new relationship",
            "key": 36730,
            "people": [
              12383,
              36728
            ],
            "people names": [
              "Aghete",
              "Iacobus"
            ],
            "people ages": [
              37,
              0
            ],
            "label": "parentchild",
            "committed": false
          },
          {
            "topic": "new relationship",
            "key": 36731,
            "people": [
              27739,
              36728
            ],
            "people names": [
              "Hildebolding van Aghete",
              "Iacobus"
            ],
            "people ages": [
              5,
              0
            ],
            "label": "sibling",
            "committed": false
          },
          {
            "topic": "new relationship",
            "key": 36732,
            "people": [
              32263,
              36728
            ],
            "people names": [
              "Eingeliadis",
              "Iacobus"
            ],
            "people ages": [
              3,
              0
            ],
            "label": "sibling",
            "committed": false
          },
          {
            "topic": "new relationship",
            "key": 36733,
            "people": [
              35401,
              36728
            ],
            "people names": [
              "Ebram",
              "Iacobus"
            ],
            "people ages": [
              1,
              0
            ],
            "label": "sibling",
            "committed": false
          }
        ],
        "1213": [
          {
            "topic": "update",
            "update": "new friendship label",
            "relationship label": "parentchild",
            "friendship label": "indifferent",
            "relationship": 36730
          },
          {
            "topic": "new relationship",
            "key": 38017,
            "people": [
              36728,
              38011
            ],
            "people names": [
              "Iacobus",
              "Eingeliadis Folpertussdochter"
            ],
            "people ages": [
              1,
              0
            ],
            "label": "sibling",
            "committed": false
          }
        ],
        "1214": [
          {
            "topic": "update",
            "update": "new friendship label",
            "relationship label": "parentchild",
            "friendship label": "indifferent",
            "relationship": 36729
          },
          {
            "topic": "new relationship",
            "key": 39429,
            "people": [
              36728,
              39423
            ],
            "people names": [
              "Iacobus",
              "Victoria"
            ],
            "people ages": [
              1,
              0
            ],
            "label": "sibling",
            "committed": false
          }
        ],
        "1215": [
          {
            "topic": "event",
            "event": "plague",
            "year": 1215
          }
        ],
        "1218": [
          {
            "topic": "update",
            "update": "new friendship label",
            "relationship label": "sibling",
            "friendship label": "indifferent",
            "relationship": 36733
          }
        ],
        "1219": [
          {
            "topic": "update",
            "update": "new friendship label",
            "relationship label": "parentchild",
            "friendship label": "indifferent",
            "relationship": 36729
          },
          {
            "topic": "person died",
            "person": {
              "key": 12382,
              "name": "Folpertus",
              "age": 55,
              "alive": false,
              "sex": "m",
              "parents": "firstgen"
            },
            "cause": "sickness",
            "friendship label": "indifferent",
            "label": "parent"
          }
        ],
        "1220": [
          {
            "topic": "update",
            "update": "new friendship label",
            "relationship label": "sibling",
            "friendship label": "good friend",
            "relationship": 39429
          },
          {
            "topic": "not enough income",
            "income": 0,
            "inhabitants": [
              32263,
              36728,
              38011,
              39423
            ]
          }
        ],
        "1221": [
          {
            "topic": "not enough income",