{
  "37591": {
    "alive": true,
    "name": "Ydier",
    "surname": "Regis",
    "full name": "Ydier Regis",
    "born this way": {
      "sexuality label": "gay",
      "sexuality": 0.907,
      "romantic interest": 0.69,
      "sex interest": 0.477,
      "gender expression": 0.184,
      "sex": "m"
    },
    "age": 38,
    "birth year": 1236,
    "sex": "m",
    "faction": "No religion",
    "income class": [
      3,
      "upper middle class"
    ],
    "personality": {
      "lawful-chaotic": 0.271,
      "nice-nasty": 0.09,
      "honest-false": 0.721
    },
    "attitude": {
      "outgoing": 0.297,
      "dream": 0.525
    },
    "homsoc": {
      "means": {
        "independent": true,
        "taken_care_of": false,
        "caretaker": true,
        "needs_care": false,
        "flags": [
          "starving"
        ]
      },
      "expression": {
        "sexuality expression": 0.488,
        "gender expression expression": 0.141
      }
    },
    "network": {
      "parents": {
        "mother": "Alene (15667)",
        "father": "Valken (16640)"
      },
      "children": {},
      "relationship keys": {
        "parent": [
          37592,
          37593
        ],
        "sibling": [
          37594,
          37595,
          37596,
          37597,
          37598,
          37599,
          37600,
          39217,
          43972
        ],
        "grandparent": [
          37945
        ],
        "nibling": [
          47278,
          48483,
          50862,
          53888,
          55615
        ],
        "spouse": [
          86300
        ]
      }
    },
    "occupation": {
      "has job": true,
      "income class": [
        3,
        "upper middle class"
      ],
      "income": 1.188,
      "all_incomes": [
        1.032,
        1.131,
        1.188,
        1.1380000000000001,
        0.9500000000000001,
        1.12,
        1.2810000000000001,
        1.08,
        1.092,
        1.041,
        1.188,
        1.2550000000000001,
        1.5490000000000002,
        1.5490000000000002,
        1.5490000000000002,
        1.443,
        1.497,
        1.4120000000000001,
        1.467,
        1.282,
        1.181,
        1.188
      ],
      "job": {
        "lawful": false,
        "honest": true
      }
    },
    "genetics": {
      "skin_color": 3,
      "eye_color": "blue",
      "hair_color": "black",
      "hair_color_code": 0,
      "hair_type": [
        "S",
        "S"
      ],
      "health": 0.237,
      "fertility": 0.454,
      "communication_impaired": false,
      "mobility_impaired": false,
      "cognitive_impaired": false,
      "disabilities": []
    },
    "memory": {
      "health": {
        "1237": {
          "health": {
            "change": false,
            "value_change": 0.0,
            "new_health": 0.527
          },
          "death": false
        },
        "1263": {
          "health": {
            "change": true,
            "value_change": -0.29,
            "new_health": 0.237
          },
          "death": false
        },
        "1264": {
          "health": {
            "change": false,
            "value_change": 0.0,
            "new_health": 0.237
          },
          "death": false
        }
      },
      "events": {
        "1236": [
          {
            "topic": "new home",
            "home": {
              "income class": 3,
              "income class label": "upper middle class",
              "section": "stMuurhuysen1.se3.c3",
              "street": "Muurhuysen1",
              "neighborhood": "cingelzuid",
              "unique id": 667
            }
          }
        ],
        "1238": [
          {
            "topic": "new relationship",
            "key": 39217,
            "people": [
              37591,
              39207
            ],
            "people names": [
              "Ydier Regis",
              "Menoldis Regis"
            ],
            "people ages": [
              2,
              0
            ],
            "label": "sibling",
            "committed": false
          }
        ],
        "1239": [
          {
            "topic": "update",
            "update": "new friendship label",
            "relationship label": "grandparentchild",
            "friendship label": "friend",
            "relationship": 37945
          }
        ],
        "1240": [
          {
            "topic": "update",
            "update": "new friendship label",
            "relationship label": "parentchild",
            "friendship label": "indifferent",
            "relationship": 37592
          },
          {
            "topic": "update",
            "update": "new friendship label",
            "relationship label": "parentchild",
            "friendship label": "indifferent",
            "relationship": 37593
          },
          {
            "topic": "person died",
            "person": {
              "key": 26277,
              "name": "Soeten Regis",
              "age": 16,
              "alive": false,
              "sex": "f",
              "parents": {
                "mother": "Alene (15667)",
                "father": "Valken (16640)"
              }
            },
            "cause": "illness",
            "label": "sibling"
          }
        ],
        "1241": [
          {
            "topic": "update",
            "update": "new friendship label",
            "relationship label": "parentchild",
            "friendship label": "friend",
            "relationship": 37593
          },
          {
            "topic": "update",
            "update": "new friendship label",
            "relationship label": "sibling",
            "friendship label": "friend",
            "relationship": 37594
          }
        ],
        "1243": [
          {
            "topic": "update",
            "update": "new friendship label",
            "relationship label": "parentchild",
            "friendship label": "indifferent",
            "relationship": 37592
          }
        ],
        "1244": [
          {
            "topic": "new relationship",
            "key": 43972,
            "people": [
              37591,
              43963
            ],
            "people names": [
              "Ydier Regis",
              "Ghela Regis"
            ],
            "people ages": [
              7,
              0
            ],
            "label": "sibling",
            "committed": false
          }
        ],
        "1246": [
          {
            "topic": "update",
            "update": "new friendship label",
            "relationship label": "grandparentchild",
            "friendship label": "friend",
            "relationship": 37945
          }
        ],
        "1247": [
          {
            "topic": "update",
            "update": "new friendship label",
            "relationship label": "sibling",
            "friendship label": "indifferent",
            "relationship": 43972
          },
          {
            "topic": "person died",
            "person": {
              "key": 24976,
              "name": "Sarre Regis",
              "age": 25,
              "alive": false,
              "sex": "f",
              "parents": {
                "mother": "Alene (15667)",
                "father": "Valken (16640)"
              }
            },
            "cause": "illness",
            "label": "sibling"
          },
          {
            "topic": "new relationship",
            "key": 47278,
            "people": [
              37591,
              45969
            ],
            "people names": [
              "Ydier Regis",
              "Symon Iorisszoon"
            ],
            "people ages": [
              11,
              1
            ],
            "label": "nibling",
            "committed": false
          }
        ],
        "1248": [
          {
            "topic": "update",
            "update": "new friendship label",
            "relationship label": "sibling",