{
  "38743": {
    "alive": true,
    "name": "Kerstiaen",
    "surname": "Breede",
    "full name": "Kerstiaen Breede",
    "born this way": {
      "sexuality label": "straight",
      "sexuality": 0.021,
      "romantic interest": 0.479,
      "sex interest": 0.668,
      "gender expression": 0.0,
      "sex": "m"
    },
    "age": 35,
    "birth year": 1214,
    "sex": "m",
    "faction": "No religion",
    "income class": [
      4,
      "nobility"
    ],
    "personality": {
      "lawful-chaotic": 0.426,
      "nice-nasty": 0.633,
      "honest-false": 0.999,
      "dream": 0.0,
      "outgoing": 0.553
    },
    "attitude": {
      "dream": 0.0,
      "outgoing": 0.553
    },
    "homsoc": {
      "means": {
        "independent": true,
        "taken_care_of": false,
        "caretaker": true,
        "needs_care": false,
        "flags": []
      },
      "expression": {
        "sexuality expression": 0.01,
        "gender expression expression": -0.001
      }
    },
    "network": {
      "parents": {
        "mother": "Bertrade (12389)",
        "father": "Radulphus (12388)"
      },
      "children": {},
      "relationship keys": {
        "parent": [
          38744,
          38745
        ],
        "sibling": [
          38746,
          38747,
          38748,
          38749
        ],
        "unrelated": [
          58359,
          63166,
          68118,
          71357,
          74183,
          75016
        ]
      }
    },
    "occupation": {
      "has job": true,
      "income class": [
        4,
        "nobility"
      ],
      "income": 1.5990000000000002,
      "all_incomes": [
        0.978,
        1.1500000000000001,
        1.239,
        1.3170000000000002,
        1.4100000000000001,
        1.5330000000000001,
        1.5990000000000002,
        1.5990000000000002,
        1.5990000000000002,
        1.5990000000000002,
        1.5990000000000002,
        1.5990000000000002,
        1.5990000000000002,
        1.5990000000000002,
        1.5990000000000002,
        1.5990000000000002,
        1.5990000000000002,
        1.5990000000000002
      ],
      "job": {
        "lawful": true,
        "honest": true
      }
    },
    "genetics": {
      "skin_color": 6,
      "eye_color": "green",
      "hair_color": "brown",
      "hair_color_code": 2,
      "hair_type": [
        "C",
        "S"
      ],
      "health": 0.578,
      "fertility": 0.534,
      "communication_impaired": false,
      "mobility_impaired": false,
      "cognitive_impaired": false,
      "disabilities": []
    },
    "memory": {
      "health": {
        "1215": {
          "health": {
            "change": false,
            "value_change": 0.0,
            "new_health": 0.578
          },
          "death": false
        }
      },
      "events": {
        "1214": [
          {
            "topic": "birth",
            "year": 1214
          },
          {
            "topic": "new relationship",
            "key": 38744,
            "people": [
              12388,
              38743
            ],
            "people names": [
              "Radulphus Breede",
              "Kerstiaen Breede"
            ],
            "people ages": [
              49,
              0
            ],
            "label": "parentchild",
            "committed": false
          },
          {
            "topic": "new relationship",
            "key": 38745,
            "people": [
              12389,
              38743
            ],
            "people names": [
              "Bertrade",
              "Kerstiaen Breede"
            ],
            "people ages": [
              39,
              0
            ],
            "label": "parentchild",
            "committed": false
          },
          {
            "topic": "new relationship",
            "key": 38746,
            "people": [
              13063,
              38743
            ],
            "people names": [
              "Nannekin Breede",
              "Kerstiaen Breede"
            ],
            "people ages": [
              14,
              0
            ],
            "label": "sibling",
            "committed": false
          },
          {
            "topic": "new relationship",
            "key": 38747,
            "people": [
              20643,
              38743
            ],
            "people names": [
              "Marcibilia Breede",
              "Kerstiaen Breede"
            ],
            "people ages": [
              10,
              0
            ],
            "label": "sibling",
            "committed": false
          },
          {
            "topic": "new relationship",
            "key": 38748,
            "people": [
              31444,
              38743
            ],
            "people names": [
              "Thedwi Breede",
              "Kerstiaen Breede"
            ],
            "people ages": [
              4,
              0
            ],
            "label": "sibling",
            "committed": false
          },
          {
            "topic": "new relationship",
            "key": 38749,
            "people": [
              34041,
              38743
            ],
            "people names": [
              "Aleydis Breede",
              "Kerstiaen Breede"
            ],
            "people ages": [
              4,
              0
            ],
            "label": "sibling",
            "committed": false
          }
        ],
        "1215": [
          {
            "topic": "event",
            "event": "plague",
            "year": 1215
          },
          {
            "topic": "person died",
            "person": {
              "key": 34041,
              "name": "Aleydis Breede",
              "age": 5,
              "alive": false,
              "sex": "f",
              "parents": {
                "mother": "Bertrade (12389)",
                "father": "Radulphus (12388)"
              }
            },
            "cause": "childhood illness",
            "friendship label": "indifferent",
            "label": "sibling"
          }
        ],
        "1216": [
          {
            "topic": "update",
            "update": "new friendship label",
            "relationship label": "sibling",
            "friendship label": "friend",
            "relationship": 38748
          }
        ],
        "1217": [
          {
            "topic": "update",
            "update": "new friendship label",
            "relationship label": "sibling",
            "friendship label": "indifferent",
            "relationship": 38748
          }
        ],
        "1218": [
          {
            "topic": "update",
            "update": "new friendship label",
            "relationship label": "sibling",
            "friendship label": "friend",
            "relationship": 38747
          }
        ],
        "1219": [
          {
            "topic": "update",
            "update": "new friendship label",
            "relationship label": "sibling",
            "friendship label": "indifferent",
            "relationship": 38746
          }
        ],
        "1220": [
          {
            "topic": "person died",
            "person": {
              "key": 12388,
              "name": "Radulphus Breede",
              "age": 55,
              "alive": false,
              "sex": "m",
              "parents": "firstgen"
            },
            "cause": "sickness",
            "friendship label": "indifferent",
            "label": "parent"
          }
        ],
        "1223": [
          {
            "topic": "event",
            "event": "plague",
            "year": 1223
          },
          {
            "topic": "personality change",
            "change": true,
            "trait": "nice-nasty",
            "trigger": "trauma",
            "mod": -0.021
          }
        ],
        "1229": [
          {
            "topic": "update",
            "update": "new friendship label",