{
  "39039": {
    "alive": false,
    "name": "Haghen",
    "surname": "",
    "full name": "Haghen",
    "born this way": {
      "sexuality label": "gay",
      "sexuality": 0.89,
      "romantic interest": 0.813,
      "sex interest": 0.713,
      "gender expression": 0.303,
      "sex": "m"
    },
    "age": 31,
    "birth year": 1214,
    "sex": "m",
    "faction": "Dogmatists",
    "income class": [
      3,
      "upper middle class"
    ],
    "personality": {
      "lawful-chaotic": 0.535,
      "nice-nasty": 0.813,
      "honest-false": 0.294,
      "dream": 0.347,
      "outgoing": 0.319
    },
    "attitude": {
      "dream": 0.347,
      "outgoing": 0.319
    },
    "homsoc": {
      "means": {
        "independent": true,
        "taken_care_of": false,
        "caretaker": true,
        "needs_care": false,
        "flags": []
      },
      "expression": {
        "sexuality expression": 0.444,
        "gender expression expression": 0.051
      }
    },
    "network": {
      "parents": {
        "mother": "Volcwiif (11777)",
        "father": "Ghisebrecht (12748)"
      },
      "children": {
        "65971": {
          "key": 65971,
          "name": "Havix van Haghen",
          "age": 10,
          "alive": true,
          "sex": "m",
          "parents": {
            "mother": "Hille (20458)",
            "father": "Haghen (39039)"
          }
        }
      },
      "relationship keys": {
        "parent": [
          39040,
          39041
        ],
        "half-sibling": [
          39574,
          39575,
          39576,
          39577,
          39591,
          39592,
          39593,
          39594
        ],
        "nibling": [
          49488,
          50799,
          57108,
          61916
        ],
        "unrelated": [
          64502
        ],
        "spouse": [
          65683
        ],
        "child": {
          "birth": [
            65972
          ]
        }
      }
    },
    "occupation": {
      "has job": true,
      "income class": [
        3,
        "upper middle class"
      ],
      "income": 1.5490000000000002,
      "all_incomes": [
        1.068,
        0.673,
        0.7370000000000001,
        0.906,
        0.7080000000000001,
        0.9730000000000001,
        0.8190000000000001,
        0.8330000000000001,
        0.8520000000000001,
        1.189,
        1.192,
        1.5490000000000002,
        1.5490000000000002,
        1.5490000000000002,
        1.5490000000000002
      ],
      "job": {
        "lawful": false,
        "honest": false
      }
    },
    "genetics": {
      "skin_color": 4,
      "eye_color": "brown",
      "hair_color": "black",
      "hair_color_code": 0,
      "hair_type": [
        "C",
        "S"
      ],
      "health": 0.007,
      "fertility": 0.125,
      "communication_impaired": false,
      "mobility_impaired": false,
      "cognitive_impaired": false,
      "disabilities": []
    },
    "memory": {
      "health": {
        "1215": {
          "health": {
            "change": false,
            "value_change": 0.0,
            "new_health": 0.117
          },
          "death": false
        },
        "1230": {
          "health": {
            "change": true,
            "value_change": -0.085,
            "new_health": 0.032
          },
          "death": false
        },
        "1231": {
          "health": {
            "change": false,
            "value_change": 0.0,
            "new_health": 0.032
          },
          "death": false
        },
        "1243": {
          "health": {
            "change": true,
            "value_change": -0.025,
            "new_health": 0.007
          },
          "death": false
        },
        "1244": {
          "health": {
            "change": false,
            "value_change": 0.0,
            "new_health": 0.007
          },
          "death": false
        },
        "1245": {
          "health": {
            "change": false,
            "value_change": 0.0,
            "new_health": 0.007
          },
          "death": true
        }
      },
      "events": {
        "1214": [
          {
            "topic": "birth",
            "year": 1214
          },
          {
            "topic": "new relationship",
            "key": 39040,
            "people": [
              12748,
              39039
            ],
            "people names": [
              "Ghisebrecht",
              "Haghen"
            ],
            "people ages": [
              55,
              0
            ],
            "label": "parentchild",
            "committed": false
          },
          {
            "topic": "new relationship",
            "key": 39041,
            "people": [
              11777,
              39039
            ],
            "people names": [
              "Volcwiif",
              "Haghen"
            ],
            "people ages": [
              35,
              0
            ],
            "label": "parentchild",
            "committed": false
          },
          {
            "topic": "new relationship",
            "key": 39574,
            "people": [
              21839,
              39039
            ],
            "people names": [
              "Snelle Stoc",
              "Haghen"
            ],
            "people ages": [
              10,
              0
            ],
            "label": "half-sibling",
            "committed": false
          },
          {
            "topic": "new relationship",
            "key": 39575,
            "people": [
              23846,
              39039
            ],
            "people names": [
              "Wijfgode Stoc",
              "Haghen"
            ],
            "people ages": [
              9,
              0
            ],
            "label": "half-sibling",
            "committed": false
          },
          {
            "topic": "new relationship",
            "key": 39576,
            "people": [
              29699,
              39039
            ],
            "people names": [
              "Marie Stoc",
              "Haghen"
            ],
            "people ages": [
              6,
              0
            ],
            "label": "half-sibling",
            "committed": false
          },
          {
            "topic": "new relationship",
            "key": 39577,
            "people": [
              31731,
              39039
            ],
            "people names": [
              "Sybillia Stoc",
              "Haghen"
            ],
            "people ages": [
              5,
              0
            ],
            "label": "half-sibling",
            "committed": false
          },
          {
            "topic": "new relationship",
            "key": 39591,
            "people": [
              16080,
              39039
            ],
            "people names": [
              "Aue van Ghisebrecht",
              "Haghen"
            ],
            "people ages": [
              13,
              0
            ],
            "label": "half-sibling",
            "committed": false
          },
          {
            "topic": "new relationship",
            "key": 39592,
            "people": [
              18289,
              39039
            ],
            "people names": [
              "Gisekin van Ghisebrecht",
              "Haghen"
            ],
            "people ages": [
              12,
              0
            ],
            "label": "half-sibling",
            "committed": false
          },
          {
            "topic": "new relationship",
            "key": 39593,
            "people": [
              22577,
              39039
            ],
            "people names": [
              "Wybel Ghisebrechtszoon",
              "Haghen"
            ],
            "people ages": [
              10,
              0
            ],
            "label": "half-sibling",