{
  "39321": {
    "alive": false,
    "name": "Dolf",
    "surname": "Seukinusszoon",
    "full name": "Dolf Seukinusszoon",
    "born this way": {
      "sexuality label": "straight",
      "sexuality": 0.062,
      "romantic interest": 0.844,
      "sex interest": 0.735,
      "gender expression": 0.155,
      "sex": "m"
    },
    "age": 34,
    "birth year": 1214,
    "sex": "m",
    "faction": "Dogmatists",
    "income class": [
      3,
      "upper middle class"
    ],
    "personality": {
      "lawful-chaotic": 0.881,
      "nice-nasty": 0.293,
      "honest-false": 0.999,
      "dream": 0.58,
      "outgoing": 0.431
    },
    "attitude": {
      "dream": 0.58,
      "outgoing": 0.431
    },
    "homsoc": {
      "means": {
        "independent": true,
        "taken_care_of": false,
        "caretaker": true,
        "needs_care": false,
        "flags": []
      },
      "expression": {
        "sexuality expression": 0.042,
        "gender expression expression": 0.058
      }
    },
    "network": {
      "parents": {
        "mother": "Oda (12620)",
        "father": "Seukinus (12619)"
      },
      "children": {},
      "relationship keys": {
        "parent": [
          39322,
          39323
        ],
        "sibling": [
          39324,
          39325,
          39326,
          39327,
          39328,
          39329,
          39330,
          39331,
          39332,
          39333,
          39334,
          41979,
          42218
        ],
        "unrelated": [
          72376
        ]
      }
    },
    "occupation": {
      "has job": true,
      "income class": [
        3,
        "upper middle class"
      ],
      "income": 1.5490000000000002,
      "all_incomes": [
        0.955,
        0.9670000000000001,
        1.068,
        1.118,
        1.213,
        1.266,
        1.311,
        1.339,
        1.4040000000000001,
        1.469,
        1.5490000000000002,
        1.5490000000000002,
        1.5490000000000002,
        1.512,
        1.5490000000000002,
        1.5490000000000002,
        1.5490000000000002,
        1.5490000000000002,
        1.5490000000000002
      ],
      "job": {
        "lawful": true,
        "honest": true
      }
    },
    "genetics": {
      "skin_color": 3,
      "eye_color": "brown",
      "hair_color": "brown",
      "hair_color_code": 2,
      "hair_type": [
        "S",
        "S"
      ],
      "health": 0.737,
      "fertility": 0.7,
      "communication_impaired": false,
      "mobility_impaired": false,
      "cognitive_impaired": false,
      "disabilities": []
    },
    "memory": {
      "health": {
        "1215": {
          "health": {
            "change": false,
            "value_change": 0.0,
            "new_health": 0.737
          },
          "death": false
        },
        "1248": {
          "health": {
            "change": false,
            "value_change": 0.0,
            "new_health": 0.737
          },
          "death": true
        }
      },
      "events": {
        "1214": [
          {
            "topic": "birth",
            "year": 1214
          },
          {
            "topic": "new relationship",
            "key": 39322,
            "people": [
              12619,
              39321
            ],
            "people names": [
              "Seukinus Keghelaere",
              "Dolf Seukinusszoon"
            ],
            "people ages": [
              48,
              0
            ],
            "label": "parentchild",
            "committed": false
          },
          {
            "topic": "new relationship",
            "key": 39323,
            "people": [
              12620,
              39321
            ],
            "people names": [
              "Oda Crane",
              "Dolf Seukinusszoon"
            ],
            "people ages": [
              36,
              0
            ],
            "label": "parentchild",
            "committed": false
          },
          {
            "topic": "new relationship",
            "key": 39324,
            "people": [
              15532,
              39321
            ],
            "people names": [
              "Bobone Keghelaere",
              "Dolf Seukinusszoon"
            ],
            "people ages": [
              13,
              0
            ],
            "label": "sibling",
            "committed": false
          },
          {
            "topic": "new relationship",
            "key": 39325,
            "people": [
              17469,
              39321
            ],
            "people names": [
              "Godelief Keghelaere",
              "Dolf Seukinusszoon"
            ],
            "people ages": [
              12,
              0
            ],
            "label": "sibling",
            "committed": false
          },
          {
            "topic": "new relationship",
            "key": 39326,
            "people": [
              19992,
              39321
            ],
            "people names": [
              "Rembrecht Keghelaere",
              "Dolf Seukinusszoon"
            ],
            "people ages": [
              11,
              0
            ],
            "label": "sibling",
            "committed": false
          },
          {
            "topic": "new relationship",
            "key": 39327,
            "people": [
              21591,
              39321
            ],
            "people names": [
              "Gosuinus Keghelaere",
              "Dolf Seukinusszoon"
            ],
            "people ages": [
              9,
              0
            ],
            "label": "sibling",
            "committed": false
          },
          {
            "topic": "new relationship",
            "key": 39328,
            "people": [
              24945,
              39321
            ],
            "people names": [
              "Brundonis Keghelaere",
              "Dolf Seukinusszoon"
            ],
            "people ages": [
              9,
              0
            ],
            "label": "sibling",
            "committed": false
          },
          {
            "topic": "new relationship",
            "key": 39329,
            "people": [
              26799,
              39321
            ],
            "people names": [
              "Wicghard Keghelaere",
              "Dolf Seukinusszoon"
            ],
            "people ages": [
              8,
              0
            ],
            "label": "sibling",
            "committed": false
          },
          {
            "topic": "new relationship",
            "key": 39330,
            "people": [
              28903,
              39321
            ],
            "people names": [
              "Trame Keghelaere",
              "Dolf Seukinusszoon"
            ],
            "people ages": [
              7,
              0
            ],
            "label": "sibling",
            "committed": false
          },
          {
            "topic": "new relationship",
            "key": 39331,
            "people": [
              29962,
              39321
            ],
            "people names": [
              "Lutghardis Keghelaere",
              "Dolf Seukinusszoon"
            ],
            "people ages": [
              6,
              0
            ],
            "label": "sibling",
            "committed": false
          },
          {
            "topic": "new relationship",
            "key": 39332,
            "people": [
              33423,
              39321
            ],
            "people names": [
              "Hollander Keghelaere",
              "Dolf Seukinusszoon"
            ],
            "people ages": [
              3,
              0
            ],
            "label": "sibling",
            "committed": false
          },
          {
            "topic": "new relationship",
            "key": 39333,